"Year","Plot","Tag","Xcoor","Ycoor","umble.no","umble.diameter","notes","plantid"
2020,1,3821,4,"A",1,4,NA,"3821_1_4A"
2020,1,3821,4,"A",2,2.9,NA,"3821_1_4A"
2020,1,3554,5,"I",1,3.4,NA,"3554_1_5I"
2020,1,3554,5,"I",2,2,NA,"3554_1_5I"
2020,1,3554,5,"I",3,1.8,NA,"3554_1_5I"
2020,1,3554,5,"I",4,2.5,NA,"3554_1_5I"
2020,1,3611,7,"I",1,3,NA,"3611_1_7I"
2020,1,3611,7,"I",2,2.4,NA,"3611_1_7I"
2020,2,3841,1,"C",1,2.9,NA,"3841_2_1C"
2020,2,3841,1,"C",2,2.7,NA,"3841_2_1C"
2020,4,3342,14,"N",1,6.2,NA,"3342_4_14N"
2020,4,3342,14,"N",2,4.8,NA,"3342_4_14N"
2020,4,3342,14,"N",3,3.5,NA,"3342_4_14N"
2020,4,3563,15,"R",1,4.8,NA,"3563_4_15R"
2020,4,3563,15,"R",2,3.2,NA,"3563_4_15R"
2020,4,3634,18,"O",1,2.2,NA,"3634_4_18O"
2020,4,3634,18,"O",2,3.4,NA,"3634_4_18O"
2020,4,3634,18,"O",3,2.3,NA,"3634_4_18O"
2020,6,3179,5,"E",1,3.1,NA,"3179_6_5E"
2020,6,3179,5,"E",2,3.5,NA,"3179_6_5E"
2020,6,3518,10,"I",1,3.8,NA,"3518_6_10I"
2020,6,3518,10,"I",2,5.8,NA,"3518_6_10I"
2020,6,3319,11,"A",1,4.6,NA,"3319_6_11A"
2020,6,3319,11,"A",2,2.2,NA,"3319_6_11A"
2020,6,3345,12,"D",1,5.8,NA,"3345_6_12D"
2020,6,3345,12,"D",2,3.2,NA,"3345_6_12D"
2020,6,3358,12,"D",1,4.1,NA,"3358_6_12D"
2020,6,3358,12,"D",2,2.5,NA,"3358_6_12D"
2020,6,3456,13,"B",1,2.7,NA,"3456_6_13B"
2020,6,3456,13,"B",2,2.8,NA,"3456_6_13B"
2020,6,3669,14,"E",1,2.8,NA,"3669_6_14E"
2020,6,3669,14,"E",2,3.5,NA,"3669_6_14E"
2020,6,3141,15,"E",1,3.6,NA,"3141_6_15E"
2020,6,3141,15,"E",2,5.1,NA,"3141_6_15E"
2020,6,3136,16,"B",1,2,NA,"3136_6_16B"
2020,6,3136,16,"B",2,1.1,NA,"3136_6_16B"
2020,6,3887,16,"D",1,2.2,NA,"3887_6_16D"
2020,6,3887,16,"D",2,2.6,NA,"3887_6_16D"
2020,6,3648,16,"F",1,4.3,NA,"3648_6_16F"
2020,6,3648,16,"F",2,1.9,NA,"3648_6_16F"
2020,6,3630,16,"I",1,3.2,NA,"3630_6_16I"
2020,6,3630,16,"I",2,3.5,NA,"3630_6_16I"
2020,7,3296,9,"C",1,2.4,NA,"3296_7_9C"
2020,7,3296,9,"C",2,3.5,NA,"3296_7_9C"
2020,7,3994,9,"J",1,2.5,NA,"3994_7_9J"
2020,7,3994,9,"J",2,2.6,NA,"3994_7_9J"
2020,9,3143,14,"0.95",1,5.1,NA,"3143_9_140.95"
2020,9,3143,14,"0.95",2,4.3,NA,"3143_9_140.95"
2020,9,3143,14,"0.95",3,4.5,NA,"3143_9_140.95"
2020,12,3135,7,"G",1,2.7,NA,"3135_12_7G"
2020,12,3135,7,"G",2,0.4,NA,"3135_12_7G"
2020,14,3671,5,"C",1,1.5,NA,"3671_14_5C"
2020,14,3671,5,"C",2,1.6,NA,"3671_14_5C"
2020,14,3364,14,"H",1,3.6,NA,"3364_14_14H"
2020,14,3364,14,"H",2,3,NA,"3364_14_14H"
2020,14,3556,15,"H",1,3.7,NA,"3556_14_15H"
2020,14,3556,15,"H",2,3.6,NA,"3556_14_15H"
2020,14,3556,15,"H",3,3.5,NA,"3556_14_15H"
2020,14,3346,19,"F",1,3,NA,"3346_14_19F"
2020,14,3346,19,"F",2,1,NA,"3346_14_19F"
2020,14,3346,19,"F",3,4.5,NA,"3346_14_19F"
2020,15,3065,2,"F",1,6,NA,"3065_15_2F"
2020,15,3065,2,"F",2,7.2,NA,"3065_15_2F"
2020,15,3065,2,"F",3,4.7,NA,"3065_15_2F"
2020,15,3738,17,"H",1,3.5,NA,"3738_15_17H"
2020,15,3738,17,"H",2,2,NA,"3738_15_17H"
2020,15,3738,17,"H",3,2.2,NA,"3738_15_17H"
2020,15,3738,17,"H",4,1.8,NA,"3738_15_17H"
2020,15,3738,17,"H",5,1.2,NA,"3738_15_17H"
2020,15,3738,17,"H",6,4.7,NA,"3738_15_17H"
2021,1,3610,0,"C",1,5,NA,"3610_1_0C"
2021,1,3610,0,"C",2,3.5,NA,"3610_1_0C"
2021,1,3610,0,"C",3,3.5,NA,"3610_1_0C"
2021,1,3821,4,"A",1,4,NA,"3821_1_4A"
2021,1,3821,4,"A",2,4,NA,"3821_1_4A"
2021,2,3156,11,"E",1,6,NA,"3156_2_11E"
2021,2,3156,11,"E",2,5.5,NA,"3156_2_11E"
2021,2,3159,13,"H",1,5,NA,"3159_2_13H"
2021,2,3159,13,"H",2,2.5,NA,"3159_2_13H"
2021,2,3159,13,"H",3,4,NA,"3159_2_13H"
2021,2,3164,14,"B",1,4,NA,"3164_2_14B"
2021,2,3164,14,"B",2,1.5,NA,"3164_2_14B"
2021,2,3167,15,"B",1,2.5,NA,"3167_2_15B"
2021,2,3167,15,"B",2,3,NA,"3167_2_15B"
2021,2,3167,15,"B",3,3.5,NA,"3167_2_15B"
2021,2,3157,18,"E",1,4.5,NA,"3157_2_18E"
2021,2,3157,18,"E",2,2,NA,"3157_2_18E"
2021,4,3563,15,"R",1,4.5,NA,"3563_4_15R"
2021,4,3563,15,"R",2,4,NA,"3563_4_15R"
2021,4,3090,18,"P",1,3.5,NA,"3090_4_18P"
2021,4,3090,18,"P",2,2.5,NA,"3090_4_18P"
2021,5,3197,3,"A",1,4.5,NA,"3197_5_3A"
2021,5,3197,3,"A",2,3,NA,"3197_5_3A"
2021,5,3644,8,"H",1,1.5,NA,"3644_5_8H"
2021,5,3644,8,"H",2,1.5,NA,"3644_5_8H"
2021,5,3488,15,"I",1,8,NA,"3488_5_15I"
2021,5,3488,15,"I",2,2.5,NA,"3488_5_15I"
2021,6,3070,4,"G",1,1,NA,"3070_6_4G"
2021,6,3070,4,"G",2,5,NA,"3070_6_4G"
2021,6,3179,5,"E",1,1.5,NA,"3179_6_5E"
2021,6,3179,5,"E",2,6,NA,"3179_6_5E"
2021,6,3518,10,"I",1,5,NA,"3518_6_10I"
2021,6,3518,10,"I",2,2,NA,"3518_6_10I"
2021,6,3319,11,"A",1,5,NA,"3319_6_11A"
2021,6,3319,11,"A",2,4.5,NA,"3319_6_11A"
2021,6,3345,12,"D",1,2.5,NA,"3345_6_12D"
2021,6,3345,12,"D",2,5,NA,"3345_6_12D"
2021,6,3345,12,"D",3,3.5,NA,"3345_6_12D"
2021,6,3358,12,"D",1,6,NA,"3358_6_12D"
2021,6,3358,12,"D",2,3,NA,"3358_6_12D"
2021,6,3358,12,"D",3,1.5,NA,"3358_6_12D"
2021,6,3669,14,"E",1,2,NA,"3669_6_14E"
2021,6,3669,14,"E",2,5,NA,"3669_6_14E"
2021,6,3141,15,"E",1,4,NA,"3141_6_15E"
2021,6,3141,15,"E",2,5,NA,"3141_6_15E"
2021,6,3141,15,"E",3,1,NA,"3141_6_15E"
2021,6,3136,16,"B",1,3.5,NA,"3136_6_16B"
2021,6,3136,16,"B",2,1.5,NA,"3136_6_16B"
2021,6,3887,16,"D",1,3.5,NA,"3887_6_16D"
2021,6,3887,16,"D",2,1.5,NA,"3887_6_16D"
2021,6,3648,16,"F",1,4,NA,"3648_6_16F"
2021,6,3648,16,"F",2,3.5,NA,"3648_6_16F"
2021,6,3643,18,"H",1,4,NA,"3643_6_18H"
2021,6,3643,18,"H",2,4,NA,"3643_6_18H"
2021,7,3296,9,"C",1,4,NA,"3296_7_9C"
2021,7,3296,9,"C",2,1.5,NA,"3296_7_9C"
2021,7,3994,9,"J",1,3,NA,"3994_7_9J"
2021,7,3994,9,"J",2,3,NA,"3994_7_9J"
2021,12,3578,15,"A",1,3.5,NA,"3578_12_15A"
2021,12,3578,15,"A",2,1.5,NA,"3578_12_15A"
2021,12,3536,18,"A",1,1.5,NA,"3536_12_18A"
2021,12,3536,18,"A",2,5,NA,"3536_12_18A"
2021,13,3642,10,"G",1,4.5,NA,"3642_13_10G"
2021,13,3642,10,"G",2,2,NA,"3642_13_10G"
2021,13,3396,12,"B",1,1,NA,"3396_13_12B"
2021,13,3396,12,"B",2,1.5,NA,"3396_13_12B"
2021,13,3396,12,"B",3,5.5,NA,"3396_13_12B"
2021,13,3515,14,"G",1,3,NA,"3515_13_14G"
2021,13,3515,14,"G",2,3,NA,"3515_13_14G"
2021,13,3494,16,"D",1,4,NA,"3494_13_16D"
2021,13,3494,16,"D",2,2,NA,"3494_13_16D"
2021,14,3367,15,"H",1,2.5,NA,"3367_14_15H"
2021,14,3367,15,"H",2,1.5,NA,"3367_14_15H"
2021,14,3367,15,"H",3,3.5,NA,"3367_14_15H"
2021,14,3556,15,"H",1,3,NA,"3556_14_15H"
2021,14,3556,15,"H",2,2.5,NA,"3556_14_15H"
2021,15,3065,2,"F",1,4,NA,"3065_15_2F"
2021,15,3065,2,"F",2,1.5,NA,"3065_15_2F"
2021,15,3065,2,"F",3,3.5,NA,"3065_15_2F"
2021,15,3065,2,"F",4,3.5,NA,"3065_15_2F"
2021,15,3485,3,"A",1,2.5,NA,"3485_15_3A"
2021,15,3485,3,"A",2,4,NA,"3485_15_3A"
2021,15,3341,3,"H",1,3,NA,"3341_15_3H"
2021,15,3341,3,"H",2,1.5,NA,"3341_15_3H"
2021,15,3095,6,"J",1,2,NA,"3095_15_6J"
2021,15,3095,6,"J",2,2,NA,"3095_15_6J"
2021,15,3014,9,"I",1,3,NA,"3014_15_9I"
2021,15,3014,9,"I",2,1,NA,"3014_15_9I"
2021,15,3047,14,"J",1,3.5,NA,"3047_15_14J"
2021,15,3047,14,"J",2,1.5,NA,"3047_15_14J"
2021,15,3581,15,"I",1,2,NA,"3581_15_15I"
2021,15,3581,15,"I",2,2.5,NA,"3581_15_15I"
2021,15,3391,16,"A",1,2.5,NA,"3391_15_16A"
2021,15,3391,16,"A",2,1.5,NA,"3391_15_16A"
2021,15,3116,16,"C",1,2.5,NA,"3116_15_16C"
2021,15,3116,16,"C",2,3,NA,"3116_15_16C"
2021,15,3116,16,"C",3,3.5,NA,"3116_15_16C"
2021,15,3116,16,"C",4,1.5,NA,"3116_15_16C"
2021,15,3686,16,"H",1,2,NA,"3686_15_16H"
2021,15,3686,16,"H",2,3.5,NA,"3686_15_16H"
2021,15,3738,17,"H",1,3,NA,"3738_15_17H"
2021,15,3738,17,"H",2,2.5,NA,"3738_15_17H"
2021,15,3372,19,"C",1,2,NA,"3372_15_19C"
2021,15,3372,19,"C",2,4,NA,"3372_15_19C"
2021,2,3965,11,"A",1,3.5,NA,"3965_2_11A"
2021,2,3965,11,"A",2,2,NA,"3965_2_11A"
2021,4,3321,16,"L",1,6,NA,"3321_4_16L"
2021,4,3321,16,"L",2,3,NA,"3321_4_16L"
2021,4,3321,16,"L",3,2.5,NA,"3321_4_16L"
2021,4,2230,10,"J",1,5.5,NA,"2230_4_10J"
2021,4,2230,10,"J",2,2.5,NA,"2230_4_10J"
2021,15,3766,19,"D",1,2.5,NA,"3766_15_19D"
2021,15,3766,19,"D",2,3,NA,"3766_15_19D"
2022,1,3610,0,"C",1,5,"","3610_1_0C"
2022,1,3610,0,"C",2,6,"","3610_1_0C"
2022,1,3610,0,"C",3,4.5,"","3610_1_0C"
2022,1,3610,0,"C",4,3.5,"","3610_1_0C"
2022,1,3610,0,"C",5,4,"","3610_1_0C"
2022,1,3610,0,"C",6,4.5,"","3610_1_0C"
2022,1,3365,0,"J",1,4,"","3365_1_0J"
2022,1,3365,0,"J",2,3.5,"","3365_1_0J"
2022,1,3506,2,"E",1,3.5,"","3506_1_2E"
2022,1,3506,2,"E",2,4,"","3506_1_2E"
2022,1,3506,2,"E",3,2.5,"","3506_1_2E"
2022,1,3506,2,"E",4,2.5,"","3506_1_2E"
2022,1,3608,3,"D",1,2.5,"","3608_1_3D"
2022,1,3608,3,"D",2,3,"","3608_1_3D"
2022,1,3608,3,"D",3,4.5,"","3608_1_3D"
2022,1,3567,3,"I",1,7,"","3567_1_3I"
2022,1,3567,3,"I",2,2.5,"","3567_1_3I"
2022,1,3821,4,"A",1,5,"","3821_1_4A"
2022,1,3821,4,"A",2,5.5,"","3821_1_4A"
2022,1,3821,4,"A",3,4,"","3821_1_4A"
2022,1,3935,4,"I",1,3.5,"","3935_1_4I"
2022,1,3935,4,"I",2,4.5,"***","3935_1_4I"
2022,1,3741,5,"I",1,8.5,"","3741_1_5I"
2022,1,3741,5,"I",2,5,"","3741_1_5I"
2022,1,3741,5,"I",3,2.5,"","3741_1_5I"
2022,1,3126,6,"D",1,4.5,"","3126_1_6D"
2022,1,3126,6,"D",2,4,"","3126_1_6D"
2022,1,3611,7,"I",1,3,"","3611_1_7I"
2022,1,3611,7,"I",2,4.5,"","3611_1_7I"
2022,1,3627,7,"I",1,4.5,"","3627_1_7I"
2022,1,3627,7,"I",2,3,"","3627_1_7I"
2022,1,3930,8,"G",1,6,"","3930_1_8G"
2022,1,3930,8,"G",2,5.5,"","3930_1_8G"
2022,1,3930,8,"G",3,4,"","3930_1_8G"
2022,1,3779,14,"B",1,5.5,"","3779_1_14B"
2022,1,3779,14,"B",2,2.5,"","3779_1_14B"
2022,1,3432,19,"A",1,6.5,"","3432_1_19A"
2022,1,3432,19,"A",2,4.5,"","3432_1_19A"
2022,2,3413,2,"E",1,2,"","3413_2_2E"
2022,2,3413,2,"E",2,3,"","3413_2_2E"
2022,2,3703,7,"C",1,2,"","3703_2_7C"
2022,2,3703,7,"C",2,NA,"","3703_2_7C"
2022,2,3597,7,"H",1,5,"","3597_2_7H"
2022,2,3597,7,"H",2,6,"","3597_2_7H"
2022,2,3597,7,"H",3,4,"","3597_2_7H"
2022,2,3751,8,"A",1,6,"","3751_2_8A"
2022,2,3751,8,"A",2,3.5,"","3751_2_8A"
2022,2,3531,9,"B",1,5,"","3531_2_9B"
2022,2,3531,9,"B",2,4,"","3531_2_9B"
2022,2,3519,9,"G",1,6,"","3519_2_9G"
2022,2,3519,9,"G",2,4.5,"","3519_2_9G"
2022,2,3550,9,"I",1,5,"","3550_2_9I"
2022,2,3550,9,"I",2,2,"","3550_2_9I"
2022,2,3156,11,"E",1,3,"","3156_2_11E"
2022,2,3156,11,"E",2,4,"","3156_2_11E"
2022,2,3166,12,"B",1,4,"","3166_2_12B"
2022,2,3166,12,"B",2,3,"","3166_2_12B"
2022,2,3169,12,"J",1,3.5,"","3169_2_12J"
2022,2,3169,12,"J",2,4,"***","3169_2_12J"
2022,2,3159,13,"H",1,4,"","3159_2_13H"
2022,2,3159,13,"H",2,3.5,"","3159_2_13H"
2022,2,3167,15,"B",1,4,"","3167_2_15B"
2022,2,3167,15,"B",2,2.5,"","3167_2_15B"
2022,2,3172,17,"A",1,3.5,"","3172_2_17A"
2022,2,3172,17,"A",2,3.5,"","3172_2_17A"
2022,2,3157,18,"E",1,4.5,"","3157_2_18E"
2022,2,3157,18,"E",2,5,"","3157_2_18E"
2022,2,3157,18,"E",3,5,"***","3157_2_18E"
2022,2,3185,19,"B",1,4,"","3185_2_19B"
2022,2,3185,19,"B",2,2,"","3185_2_19B"
2022,2,3352,19,"H",1,3,"","3352_2_19H"
2022,2,3352,19,"H",2,2,"","3352_2_19H"
2022,3,3349,1,"F",1,2,"","3349_3_1F"
2022,3,3349,1,"F",2,2.5,"","3349_3_1F"
2022,3,3349,1,"F",3,5.5,"cant read","3349_3_1F"
2022,3,3462,2,"A",1,3.5,"","3462_3_2A"
2022,3,3462,2,"A",2,5,"","3462_3_2A"
2022,3,3462,2,"A",3,4,"","3462_3_2A"
2022,3,3304,3,"B",1,6,"","3304_3_3B"
2022,3,3304,3,"B",2,3,"","3304_3_3B"
2022,3,3797,4,"I",1,5,"","3797_3_4I"
2022,3,3797,4,"I",2,6,"","3797_3_4I"
2022,3,3759,15,"B",1,11.5,"","3759_3_15B"
2022,3,3759,15,"B",2,8.5,"","3759_3_15B"
2022,3,3759,15,"B",3,7,"","3759_3_15B"
2022,3,3759,15,"B",4,8.5,"","3759_3_15B"
2022,4,3364,3,"H",1,4.5,"","3364_4_3H"
2022,4,3364,3,"H",2,4,"","3364_4_3H"
2022,4,3364,3,"H",3,3,"","3364_4_3H"
2022,4,1411,6,"G",1,8.5,"","1411_4_6G"
2022,4,1411,6,"G",2,4,"","1411_4_6G"
2022,4,3122,8,"J",1,3,"","3122_4_8J"
2022,4,3122,8,"J",2,3.5,"","3122_4_8J"
2022,4,3122,8,"J",3,3,"","3122_4_8J"
2022,4,2230,10,"J",1,4,"","2230_4_10J"
2022,4,2230,10,"J",2,4.5,"","2230_4_10J"
2022,4,2230,10,"J",3,5,"","2230_4_10J"
2022,4,3182,16,"H",1,2.5,"","3182_4_16H"
2022,4,3182,16,"H",2,5,"","3182_4_16H"
2022,4,3321,16,"L",1,4.5,"","3321_4_16L"
2022,4,3321,16,"L",2,5,"","3321_4_16L"
2022,4,3735,16,"M",1,6,"","3735_4_16M"
2022,4,3735,16,"M",2,3.5,"","3735_4_16M"
2022,4,3735,16,"M",3,4,"","3735_4_16M"
2022,4,3634,18,"O",1,7.5,"","3634_4_18O"
2022,4,3634,18,"O",2,7.5,"","3634_4_18O"
2022,4,3634,18,"O",3,2,"","3634_4_18O"
2022,4,3634,18,"O",4,5,"","3634_4_18O"
2022,4,3634,18,"O",5,7,"","3634_4_18O"
2022,4,3634,18,"O",6,1.5,"","3634_4_18O"
2022,5,3161,2,"F",1,4,"","3161_5_2F"
2022,5,3161,2,"F",2,2.5,"","3161_5_2F"
2022,5,3161,2,"F",3,3,"","3161_5_2F"
2022,5,3161,2,"F",4,NA,"*** 4 OR 3 UMBLES?","3161_5_2F"
2022,5,3499,2,"G",1,3,"","3499_5_2G"
2022,5,3499,2,"G",2,2.5,"","3499_5_2G"
2022,5,3197,3,"A",1,5,"","3197_5_3A"
2022,5,3197,3,"A",2,6.5,"","3197_5_3A"
2022,5,3197,3,"A",3,4,"","3197_5_3A"
2022,5,3197,3,"A",4,3.5,"","3197_5_3A"
2022,5,5026,3,"D",1,3.5,"","5026_5_3D"
2022,5,5026,3,"D",2,3.5,"","5026_5_3D"
2022,5,3479,3,"G",1,3,"","3479_5_3G"
2022,5,3479,3,"G",2,4,"","3479_5_3G"
2022,5,3338,3,"I",1,3,"","3338_5_3I"
2022,5,3338,3,"I",2,3.5,"","3338_5_3I"
2022,5,3199,4,"B",1,5,"","3199_5_4B"
2022,5,3199,4,"B",2,2.5,"","3199_5_4B"
2022,5,3465,4,"C",1,3.5,"","3465_5_4C"
2022,5,3465,4,"C",2,3,"","3465_5_4C"
2022,5,3196,4,"D",1,5,"","3196_5_4D"
2022,5,3196,4,"D",2,2,"","3196_5_4D"
2022,5,3200,4,"F",1,4.5,"","3200_5_4F"
2022,5,3200,4,"F",2,4,"","3200_5_4F"
2022,5,3200,4,"F",3,4,"","3200_5_4F"
2022,5,5021,5,"F",1,4,"","5021_5_5F"
2022,5,5021,5,"F",2,3,"","5021_5_5F"
2022,5,5021,5,"F",3,3,"","5021_5_5F"
2022,5,3810,8,"B",1,3.5,"","3810_5_8B"
2022,5,3810,8,"B",2,4.5,"","3810_5_8B"
2022,5,3810,8,"B",3,2.5,"","3810_5_8B"
2022,5,3810,8,"B",4,NA,"","3810_5_8B"
2022,5,3198,9,"B",1,3.5,"","3198_5_9B"
2022,5,3198,9,"B",2,2,"","3198_5_9B"
2022,5,3546,9,"F",1,3,"","3546_5_9F"
2022,5,3546,9,"F",2,2,"","3546_5_9F"
2022,5,3896,10,"F",1,3.5,"","3896_5_10F"
2022,5,3896,10,"F",2,3,"","3896_5_10F"
2022,5,3074,11,"C",1,3,"","3074_5_11C"
2022,5,3074,11,"C",2,2,"","3074_5_11C"
2022,5,3074,11,"C",3,4,"","3074_5_11C"
2022,5,5036,11,"H",1,2.5,"","5036_5_11H"
2022,5,5036,11,"H",2,4,"","5036_5_11H"
2022,5,3615,11,"J",1,5.5,"","3615_5_11J"
2022,5,3615,11,"J",2,1.5,"","3615_5_11J"
2022,5,3516,12,"C",1,4,"","3516_5_12C"
2022,5,3516,12,"C",2,3.5,"","3516_5_12C"
2022,5,3476,12,"E",1,5,"","3476_5_12E"
2022,5,3476,12,"E",2,5,"","3476_5_12E"
2022,5,3109,12,"F",1,3,"","3109_5_12F"
2022,5,3109,12,"F",2,1.5,"","3109_5_12F"
2022,5,5044,13,"B",1,5,"","5044_5_13B"
2022,5,5044,13,"B",2,NA,"","5044_5_13B"
2022,5,3988,14,"C",1,3.5,"","3988_5_14C"
2022,5,3988,14,"C",2,4,"","3988_5_14C"
2022,5,3010,14,"G",1,4,"","3010_5_14G"
2022,5,3010,14,"G",2,4,"","3010_5_14G"
2022,5,3710,14,"H",1,2.5,"","3710_5_14H"
2022,5,3710,14,"H",2,3,"","3710_5_14H"
2022,5,3710,14,"H",3,3.5,"","3710_5_14H"
2022,5,3022,14,"J",1,4,"","3022_5_14J"
2022,5,3022,14,"J",2,3.5,"","3022_5_14J"
2022,5,3488,15,"I",1,6,"","3488_5_15I"
2022,5,3488,15,"I",2,2.5,"","3488_5_15I"
2022,5,3488,15,"I",3,4.5,"","3488_5_15I"
2022,5,3488,15,"I",4,2.5,"","3488_5_15I"
2022,5,3488,15,"I",5,5,"","3488_5_15I"
2022,5,3127,16,"B",1,4,"","3127_5_16B"
2022,5,3127,16,"B",2,4,"","3127_5_16B"
2022,5,3833,16,"B",1,4.5,"","3833_5_16B"
2022,5,3833,16,"B",2,2.5,"","3833_5_16B"
2022,5,3124,16,"D",1,3.5,"","3124_5_16D"
2022,5,3124,16,"D",2,4,"","3124_5_16D"
2022,5,3067,16,"F",1,5,"","3067_5_16F"
2022,5,3067,16,"F",2,6,"","3067_5_16F"
2022,5,3067,16,"F",3,4,"","3067_5_16F"
2022,5,3697,16,"G",1,3.5,"","3697_5_16G"
2022,5,3697,16,"G",2,NA,"","3697_5_16G"
2022,5,3685,18,"B",1,5.5,"","3685_5_18B"
2022,5,3685,18,"B",2,5,"","3685_5_18B"
2022,5,3685,18,"B",3,4,"","3685_5_18B"
2022,5,3135,18,"D",1,5,"","3135_5_18D"
2022,5,3135,18,"D",2,6,"","3135_5_18D"
2022,5,3135,18,"D",3,5,"","3135_5_18D"
2022,5,3178,18,"E",1,4.5,"","3178_5_18E"
2022,5,3178,18,"E",2,3.5,"","3178_5_18E"
2022,5,3473,18,"G",1,3.5,"","3473_5_18G"
2022,5,3473,18,"G",2,4,"","3473_5_18G"
2022,5,3473,18,"G",3,6,"","3473_5_18G"
2022,5,3663,19,"I",1,4,"","3663_5_19I"
2022,5,3663,19,"I",2,4,"","3663_5_19I"
2022,6,3070,4,"G",1,7,"","3070_6_4G"
2022,6,3070,4,"G",2,7.5,"","3070_6_4G"
2022,6,3070,4,"G",3,NA,"","3070_6_4G"
2022,6,3179,5,"E",1,7.5,"","3179_6_5E"
2022,6,3179,5,"E",2,4,"","3179_6_5E"
2022,6,3179,5,"E",3,6,"","3179_6_5E"
2022,6,3518,10,"I",1,3.5,"","3518_6_10I"
2022,6,3518,10,"I",2,4,"","3518_6_10I"
2022,6,3518,10,"I",3,5,"","3518_6_10I"
2022,6,3319,11,"A",1,7,"plant accidentially pulled, not making seeds!","3319_6_11A"
2022,6,3319,11,"A",2,7,"plant accidentially pulled, not making seeds!","3319_6_11A"
2022,6,3319,11,"A",3,6,"plant accidentially pulled, not making seeds!","3319_6_11A"
2022,6,3319,11,"A",4,4.5,"plant accidentially pulled, not making seeds!","3319_6_11A"
2022,6,3319,11,"A",5,NA,"plant accidentially pulled, not making seeds!","3319_6_11A"
2022,6,3360,12,"C",1,7.5,"","3360_6_12C"
2022,6,3360,12,"C",2,4,"","3360_6_12C"
2022,6,3345,12,"D",1,3,"","3345_6_12D"
2022,6,3345,12,"D",2,6,"","3345_6_12D"
2022,6,3345,12,"D",3,4.5,"","3345_6_12D"
2022,6,3345,12,"D",4,10,"","3345_6_12D"
2022,6,3345,12,"D",5,NA,"","3345_6_12D"
2022,6,3358,12,"D",1,6.5,"","3358_6_12D"
2022,6,3358,12,"D",2,5,"","3358_6_12D"
2022,6,3358,12,"D",3,7.5,"","3358_6_12D"
2022,6,3358,12,"D",4,NA,"","3358_6_12D"
2022,6,3669,14,"E",1,7,"","3669_6_14E"
2022,6,3669,14,"E",2,5.5,"","3669_6_14E"
2022,6,3669,14,"E",3,NA,"","3669_6_14E"
2022,6,3141,15,"E",1,8,"","3141_6_15E"
2022,6,3141,15,"E",2,6,"","3141_6_15E"
2022,6,3141,15,"E",3,5,"","3141_6_15E"
2022,6,3777,15,"G",1,5,"","3777_6_15G"
2022,6,3777,15,"G",2,5,"","3777_6_15G"
2022,6,3733,15,"G",1,7,"","3733_6_15G"
2022,6,3733,15,"G",2,5,"","3733_6_15G"
2022,6,3725,15,"G",1,4,"","3725_6_15G"
2022,6,3725,15,"G",2,2,"","3725_6_15G"
2022,6,3725,15,"G",3,3.5,"","3725_6_15G"
2022,6,3136,16,"B",1,6.5,"","3136_6_16B"
2022,6,3136,16,"B",2,5,"","3136_6_16B"
2022,6,3136,16,"B",3,3,"","3136_6_16B"
2022,6,3887,16,"D",1,6,"","3887_6_16D"
2022,6,3887,16,"D",2,5,"","3887_6_16D"
2022,6,3887,16,"D",3,3,"","3887_6_16D"
2022,6,3648,16,"F",1,3,"","3648_6_16F"
2022,6,3648,16,"F",2,3,"","3648_6_16F"
2022,6,3648,16,"F",3,5,"","3648_6_16F"
2022,6,3648,16,"F",4,5,"","3648_6_16F"
2022,6,3630,16,"I",1,7,"","3630_6_16I"
2022,6,3630,16,"I",2,5.5,"","3630_6_16I"
2022,6,3630,16,"I",3,5,"","3630_6_16I"
2022,6,3743,18,"A",1,3,"","3743_6_18A"
2022,6,3743,18,"A",2,3.5,"","3743_6_18A"
2022,6,3140,18,"F",1,6.5,"","3140_6_18F"
2022,6,3140,18,"F",2,7,"","3140_6_18F"
2022,6,3140,18,"F",3,4.5,"","3140_6_18F"
2022,6,3173,18,"F",1,4,"","3173_6_18F"
2022,6,3173,18,"F",2,5,"","3173_6_18F"
2022,6,3173,18,"F",3,4,"","3173_6_18F"
2022,6,3173,18,"F",4,4.5,"","3173_6_18F"
2022,6,3643,18,"H",1,6,"","3643_6_18H"
2022,6,3643,18,"H",2,6,"","3643_6_18H"
2022,6,3643,18,"H",3,4,"","3643_6_18H"
2022,6,3466,19,"B",1,6,"","3466_6_19B"
2022,6,3466,19,"B",2,5.5,"","3466_6_19B"
2022,6,3466,19,"B",3,6.5,"","3466_6_19B"
2022,6,3729,19,"F",1,8,"","3729_6_19F"
2022,6,3729,19,"F",2,4.5,"","3729_6_19F"
2022,6,3773,19,"F",1,3,"","3773_6_19F"
2022,6,3773,19,"F",2,NA,"","3773_6_19F"
2022,7,3453,0,"C",1,6.5,"","3453_7_0C"
2022,7,3453,0,"C",2,12,"","3453_7_0C"
2022,7,3453,0,"C",3,2,"","3453_7_0C"
2022,7,3453,0,"C",4,2,"","3453_7_0C"
2022,7,3981,0,"D",1,3,"","3981_7_0D"
2022,7,3981,0,"D",2,4,"","3981_7_0D"
2022,7,5051,1,"F",1,3,"new tag for 3915 in 1F","5051_7_1F"
2022,7,5051,1,"F",2,5,"","5051_7_1F"
2022,7,3452,2,"E",1,7.5,"","3452_7_2E"
2022,7,3452,2,"E",2,6,"","3452_7_2E"
2022,7,3452,2,"E",3,4,"","3452_7_2E"
2022,7,3452,2,"E",4,5,"","3452_7_2E"
2022,7,3375,3,"C",1,5.5,"","3375_7_3C"
2022,7,3375,3,"C",2,6.5,"","3375_7_3C"
2022,7,3450,4,"H",1,10,"","3450_7_4H"
2022,7,3450,4,"H",2,8,"","3450_7_4H"
2022,7,3450,4,"H",3,8,"","3450_7_4H"
2022,7,3089,5,"I",1,4.5,"","3089_7_5I"
2022,7,3089,5,"I",2,5,"","3089_7_5I"
2022,7,3044,7,"D",1,6,"","3044_7_7D"
2022,7,3044,7,"D",2,5,"","3044_7_7D"
2022,7,3688,7,"H",1,2,"","3688_7_7H"
2022,7,3688,7,"H",2,4,"","3688_7_7H"
2022,7,5047,9,"B",1,4,"","5047_7_9B"
2022,7,5047,9,"B",2,4.5,"","5047_7_9B"
2022,7,3994,9,"J",1,4.5,"","3994_7_9J"
2022,7,3994,9,"J",2,5.5,"","3994_7_9J"
2022,7,3994,9,"J",3,5.5,"","3994_7_9J"
2022,7,3994,9,"J",4,4.5,"","3994_7_9J"
2022,7,3994,9,"J",5,6,"","3994_7_9J"
2022,7,3866,10,"B",1,3,"Tag says 3886, typo? No other 10B/C tag","3866_7_10B"
2022,7,3866,10,"B",2,4,"","3866_7_10B"
2022,7,5056,14,"J",1,7,"","5056_7_14J"
2022,7,5056,14,"J",2,4,"","5056_7_14J"
2022,7,3446,16,"C",1,6,"","3446_7_16C"
2022,7,3446,16,"C",2,NA,"not sure why no measurement here","3446_7_16C"
2022,7,5032,16,"D",1,4,"","5032_7_16D"
2022,7,5032,16,"D",2,NA,"also no measurement here","5032_7_16D"
2022,9,3143,14,"0.95",1,4,"","3143_9_140.95"
2022,9,3143,14,"0.95",2,4,"","3143_9_140.95"
2022,9,3143,14,"0.95",3,5,"","3143_9_140.95"
2022,10,3190,1,"B",1,5.5,"","3190_10_1B"
2022,10,3190,1,"B",2,5,"","3190_10_1B"
2022,10,3353,5,"E",1,8,"","3353_10_5E"
2022,10,3353,5,"E",2,5,"","3353_10_5E"
2022,10,3655,6,"B",1,8,"","3655_10_6B"
2022,10,3655,6,"B",2,3,"","3655_10_6B"
2022,12,3002,3,"B",1,2.5,"","3002_12_3B"
2022,12,3002,3,"B",2,2.5,"","3002_12_3B"
2022,12,3002,3,"B",3,4,"","3002_12_3B"
2022,12,3135,7,"G",1,4,"","3135_12_7G"
2022,12,3135,7,"G",2,3,"","3135_12_7G"
2022,12,3135,7,"G",3,3.5,"","3135_12_7G"
2022,12,3449,12,"B",1,2,"","3449_12_12B"
2022,12,3449,12,"B",2,5.5,"","3449_12_12B"
2022,12,3423,13,"H",1,2,"NT, new tag is 3815","3423_12_13H"
2022,12,3423,13,"H",2,2,"","3423_12_13H"
2022,12,3423,13,"H",3,7,"","3423_12_13H"
2022,12,3578,15,"A",1,9,"","3578_12_15A"
2022,12,3578,15,"A",2,8,"","3578_12_15A"
2022,12,3578,15,"A",3,4,"","3578_12_15A"
2022,12,3129,15,"H",1,5,"","3129_12_15H"
2022,12,3129,15,"H",2,5,"","3129_12_15H"
2022,12,3395,17,"C",1,4.5,"","3395_12_17C"
2022,12,3395,17,"C",2,3,"","3395_12_17C"
2022,12,3395,17,"C",3,3.5,"","3395_12_17C"
2022,12,3451,17,"D",1,7,"","3451_12_17D"
2022,12,3451,17,"D",2,2,"","3451_12_17D"
2022,12,3451,17,"D",3,1.5,"","3451_12_17D"
2022,12,3536,18,"A",1,8,"","3536_12_18A"
2022,12,3536,18,"A",2,6,"","3536_12_18A"
2022,12,3536,18,"A",3,4.5,"","3536_12_18A"
2022,13,3421,0,"C",1,5,"","3421_13_0C"
2022,13,3421,0,"C",2,3,"","3421_13_0C"
2022,13,3431,0,"D",1,5.5,"","3431_13_0D"
2022,13,3431,0,"D",2,6,"","3431_13_0D"
2022,13,3980,0,"F",1,4.5,"","3980_13_0F"
2022,13,3980,0,"F",2,3.5,"","3980_13_0F"
2022,13,3187,1,"J",1,2.5,"","3187_13_1J"
2022,13,3187,1,"J",2,4,"","3187_13_1J"
2022,13,3441,2,"B",1,6,"","3441_13_2B"
2022,13,3441,2,"B",2,5,"","3441_13_2B"
2022,13,3441,2,"B",3,3,"","3441_13_2B"
2022,13,3978,2,"F",1,5.5,"","3978_13_2F"
2022,13,3978,2,"F",2,5.5,"","3978_13_2F"
2022,13,3978,2,"F",3,5,"","3978_13_2F"
2022,13,3978,2,"F",4,3,"","3978_13_2F"
2022,13,3604,2,"H",1,6,"","3604_13_2H"
2022,13,3604,2,"H",2,5,"","3604_13_2H"
2022,13,3604,2,"H",3,3.5,"","3604_13_2H"
2022,13,3433,3,"A",1,3,"","3433_13_3A"
2022,13,3433,3,"A",2,4,"","3433_13_3A"
2022,13,3433,3,"A",3,5,"","3433_13_3A"
2022,13,3433,3,"A",4,2.5,"","3433_13_3A"
2022,13,3120,3,"H",1,4.5,"","3120_13_3H"
2022,13,3120,3,"H",2,2.5,"","3120_13_3H"
2022,13,3880,4,"C",1,4,"Note from 2021: 3428. 2022: stalk broken. Pulled 3428 tag, as it was a duplicate. New tag is 7537 (replaced 2022)","3880_13_4C"
2022,13,3880,4,"C",2,7,"","3880_13_4C"
2022,13,3880,4,"C",3,3,"","3880_13_4C"
2022,13,3826,5,"A",1,6,"","3826_13_5A"
2022,13,3826,5,"A",2,3,"","3826_13_5A"
2022,13,3382,5,"C",1,6,"","3382_13_5C"
2022,13,3382,5,"C",2,4,"","3382_13_5C"
2022,13,3382,5,"C",3,4.5,"","3382_13_5C"
2022,13,3123,5,"H",1,3,"","3123_13_5H"
2022,13,3123,5,"H",2,1.5,"","3123_13_5H"
2022,13,3123,5,"H",3,3.5,"","3123_13_5H"
2022,13,3123,5,"H",4,3,"","3123_13_5H"
2022,13,3390,7,"G",1,3,"","3390_13_7G"
2022,13,3390,7,"G",2,4.5,"","3390_13_7G"
2022,13,3780,7,"J",1,4,"","3780_13_7J"
2022,13,3780,7,"J",2,4,"","3780_13_7J"
2022,13,3638,8,"C",1,3,"","3638_13_8C"
2022,13,3638,8,"C",2,3,"","3638_13_8C"
2022,13,3638,8,"C",3,2.5,"","3638_13_8C"
2022,13,3088,9,"B",1,4.5,"","3088_13_9B"
2022,13,3088,9,"B",2,3.5,"","3088_13_9B"
2022,13,3088,9,"B",3,3.5,"","3088_13_9B"
2022,13,3088,9,"B",4,4.5,"","3088_13_9B"
2022,13,3088,9,"B",5,4,"","3088_13_9B"
2022,13,3119,9,"H",1,4.5,"old tag was 3388","3119_13_9H"
2022,13,3119,9,"H",2,4,"","3119_13_9H"
2022,13,3616,10,"B",1,3.5,"","3616_13_10B"
2022,13,3616,10,"B",2,3.5,"","3616_13_10B"
2022,13,3018,10,"G",1,6,"","3018_13_10G"
2022,13,3018,10,"G",2,5,"","3018_13_10G"
2022,13,3018,10,"G",3,2.5,"half eaten","3018_13_10G"
2022,13,3642,10,"G",1,3.5,"","3642_13_10G"
2022,13,3642,10,"G",2,6,"","3642_13_10G"
2022,13,3642,10,"G",3,5,"","3642_13_10G"
2022,13,3642,10,"G",4,6,"","3642_13_10G"
2022,13,3775,11,"G",1,2.5,"","3775_13_11G"
2022,13,3775,11,"G",2,5,"","3775_13_11G"
2022,13,3118,11,"H",1,5,"","3118_13_11H"
2022,13,3118,11,"H",2,3,"","3118_13_11H"
2022,13,3333,12,"A",1,3.5,"","3333_13_12A"
2022,13,3333,12,"A",2,1.5,"","3333_13_12A"
2022,13,3593,12,"A",1,2.5,"","3593_13_12A"
2022,13,3593,12,"A",2,3,"","3593_13_12A"
2022,13,3396,12,"B",1,2.5,"","3396_13_12B"
2022,13,3396,12,"B",2,6,"","3396_13_12B"
2022,13,3396,12,"B",3,2.5,"","3396_13_12B"
2022,13,3389,12,"F",1,2,"tag was 3481","3389_13_12F"
2022,13,3389,12,"F",2,2,"","3389_13_12F"
2022,13,3389,12,"F",3,6,"","3389_13_12F"
2022,13,3620,12,"J",1,4,"","3620_13_12J"
2022,13,3620,12,"J",2,3,"","3620_13_12J"
2022,13,3675,13,"I",1,5.5,"","3675_13_13I"
2022,13,3675,13,"I",2,4.5,"","3675_13_13I"
2022,13,3373,13,"J",1,4.5,"","3373_13_13J"
2022,13,3373,13,"J",2,4,"","3373_13_13J"
2022,13,3196,14,"A",1,NA,"","3196_13_14A"
2022,13,3196,14,"A",2,NA,"","3196_13_14A"
2022,13,3515,14,"G",1,5,"","3515_13_14G"
2022,13,3515,14,"G",2,4.5,"","3515_13_14G"
2022,13,3515,14,"G",3,3,"","3515_13_14G"
2022,13,3515,14,"G",4,3,"","3515_13_14G"
2022,13,3605,15,"F",1,4.5,"","3605_13_15F"
2022,13,3605,15,"F",2,5,"","3605_13_15F"
2022,13,3605,15,"F",3,4.5,"","3605_13_15F"
2022,13,3358,16,"A",1,2.5,"","3358_13_16A"
2022,13,3358,16,"A",2,1.5,"","3358_13_16A"
2022,13,3358,16,"A",3,2.5,"","3358_13_16A"
2022,13,3853,16,"A",1,2,"","3853_13_16A"
2022,13,3853,16,"A",2,4,"","3853_13_16A"
2022,13,3853,16,"A",3,4,"","3853_13_16A"
2022,13,3853,16,"A",4,3,"","3853_13_16A"
2022,13,3494,16,"D",1,4.5,"","3494_13_16D"
2022,13,3494,16,"D",2,5,"","3494_13_16D"
2022,13,3494,16,"D",3,3,"","3494_13_16D"
2022,13,3376,16,"F",1,3.5,"","3376_13_16F"
2022,13,3376,16,"F",2,5,"","3376_13_16F"
2022,13,3376,16,"F",3,3,"","3376_13_16F"
2022,13,3126,17,"B",1,6,"","3126_13_17B"
2022,13,3126,17,"B",2,4,"","3126_13_17B"
2022,13,3628,17,"D",1,3,"","3628_13_17D"
2022,13,3628,17,"D",2,4,"","3628_13_17D"
2022,13,3397,17,"G",1,4,"","3397_13_17G"
2022,13,3397,17,"G",2,2,"","3397_13_17G"
2022,13,3565,19,"F",1,3,"***","3565_13_19F"
2022,13,3565,19,"F",2,NA,"","3565_13_19F"
2022,13,3565,19,"F",3,NA,"","3565_13_19F"
2022,14,3004,0,"A",1,6.5,"one umbel eaten ","3004_14_0A"
2022,14,3004,0,"A",2,4,"","3004_14_0A"
2022,14,3004,0,"A",3,NA,"","3004_14_0A"
2022,14,3699,0,"E",1,4.5,"","3699_14_0E"
2022,14,3699,0,"E",2,9,"","3699_14_0E"
2022,14,3433,0,"I",1,5,"","3433_14_0I"
2022,14,3433,0,"I",2,5,"","3433_14_0I"
2022,14,3459,1,"A",1,4.5,"has black fungus, 1 umbel clipped, one 1/2 eaten","3459_14_1A"
2022,14,3459,1,"A",2,2.5,"","3459_14_1A"
2022,14,3459,1,"A",3,0,"","3459_14_1A"
2022,14,3432,2,"J",1,6,"","3432_14_2J"
2022,14,3432,2,"J",2,8,"","3432_14_2J"
2022,14,3432,2,"J",3,4,"","3432_14_2J"
2022,14,3035,3,"B",1,4,"","3035_14_3B"
2022,14,3035,3,"B",2,4,"","3035_14_3B"
2022,14,3035,3,"B",3,3,"","3035_14_3B"
2022,14,3158,4,"C",1,3.5,"","3158_14_4C"
2022,14,3158,4,"C",2,4,"","3158_14_4C"
2022,14,3671,5,"C",1,3.5,"more like 6D/E, not close to other 5C's, near 3926","3671_14_5C"
2022,14,3671,5,"C",2,3.5,"","3671_14_5C"
2022,14,3913,5,"E",1,4.5,"","3913_14_5E"
2022,14,3913,5,"E",2,5,"","3913_14_5E"
2022,14,3430,6,"B",1,4,"","3430_14_6B"
2022,14,3430,6,"B",2,NA,"","3430_14_6B"
2022,14,3661,7,"I",1,8,"","3661_14_7I"
2022,14,3661,7,"I",2,7.5,"","3661_14_7I"
2022,14,3661,7,"I",3,4,"","3661_14_7I"
2022,14,3360,8,"D",1,4.5,"","3360_14_8D"
2022,14,3360,8,"D",2,5.5,"","3360_14_8D"
2022,14,3360,8,"D",3,6.5,"","3360_14_8D"
2022,14,3086,9,"C",1,2,"1 umbel eaten","3086_14_9C"
2022,14,3086,9,"C",2,NA,"","3086_14_9C"
2022,14,3366,9,"C",1,3,"","3366_14_9C"
2022,14,3366,9,"C",2,4.5,"","3366_14_9C"
2022,14,3607,10,"D",1,2,"","3607_14_10D"
2022,14,3607,10,"D",2,6,"","3607_14_10D"
2022,14,3682,10,"D",1,5.5,"","3682_14_10D"
2022,14,3682,10,"D",2,2.5,"","3682_14_10D"
2022,14,3682,10,"D",3,2.5,"","3682_14_10D"
2022,14,3526,14,"E",1,4.5,"","3526_14_14E"
2022,14,3526,14,"E",2,5.5,"","3526_14_14E"
2022,14,3526,14,"E",3,3.5,"","3526_14_14E"
2022,14,3367,15,"H",1,7,"tag says 3363","3367_14_15H"
2022,14,3367,15,"H",2,7.5,"","3367_14_15H"
2022,14,3367,15,"H",3,1,"","3367_14_15H"
2022,14,3367,15,"H",4,4,"half eaten","3367_14_15H"
2022,14,3556,15,"H",1,5,"","3556_14_15H"
2022,14,3556,15,"H",2,5,"","3556_14_15H"
2022,14,3556,15,"H",3,2.5,"","3556_14_15H"
2022,14,3149,19,"A",1,3.5,"Outside of plot","3149_14_19A"
2022,14,3149,19,"A",2,4,"","3149_14_19A"
2022,14,3149,19,"A",3,4,"","3149_14_19A"
2022,15,3892,0,"B",1,6,"","3892_15_0B"
2022,15,3892,0,"B",2,3,"","3892_15_0B"
2022,15,3892,0,"B",3,3,"","3892_15_0B"
2022,15,3393,0,"J",1,4,"could be 3157, very close together","3393_15_0J"
2022,15,3393,0,"J",2,2,"","3393_15_0J"
2022,15,3818,1,"A",1,4.5,"","3818_15_1A"
2022,15,3818,1,"A",2,3,"","3818_15_1A"
2022,15,3818,1,"A",3,4,"","3818_15_1A"
2022,15,3818,1,"A",4,5,"","3818_15_1A"
2022,15,3818,1,"A",5,4.5,"","3818_15_1A"
2022,15,3427,1,"J",1,3.5,"","3427_15_1J"
2022,15,3427,1,"J",2,6,"","3427_15_1J"
2022,15,3065,2,"F",1,3.5,"","3065_15_2F"
2022,15,3065,2,"F",2,4,"","3065_15_2F"
2022,15,3065,2,"F",3,4,"","3065_15_2F"
2022,15,3423,2,"I",1,6,"","3423_15_2I"
2022,15,3423,2,"I",2,3,"","3423_15_2I"
2022,15,3882,2,"I",1,4.5,"","3882_15_2I"
2022,15,3882,2,"I",2,4,"","3882_15_2I"
2022,15,3485,3,"A",1,5.5,"","3485_15_3A"
2022,15,3485,3,"A",2,6,"","3485_15_3A"
2022,15,3485,3,"A",3,4,"","3485_15_3A"
2022,15,3485,3,"A",4,4,"","3485_15_3A"
2022,15,3485,3,"A",5,5,"","3485_15_3A"
2022,15,3485,3,"A",6,3,"","3485_15_3A"
2022,15,3341,3,"H",1,3.5,"","3341_15_3H"
2022,15,3341,3,"H",2,4.5,"","3341_15_3H"
2022,15,3341,3,"H",3,5,"","3341_15_3H"
2022,15,3341,3,"H",4,2.5,"","3341_15_3H"
2022,15,3341,3,"H",5,3,"","3341_15_3H"
2022,15,3341,3,"H",6,0.5,"","3341_15_3H"
2022,15,3341,3,"H",7,4.5,"","3341_15_3H"
2022,15,3052,3,"J",1,4,"","3052_15_3J"
2022,15,3052,3,"J",2,4.5,"","3052_15_3J"
2022,15,3659,4,"C",1,8,"","3659_15_4C"
2022,15,3659,4,"C",2,5,"","3659_15_4C"
2022,15,3659,4,"C",3,5,"","3659_15_4C"
2022,15,3659,4,"C",4,7,"","3659_15_4C"
2022,15,3659,4,"C",5,4,"","3659_15_4C"
2022,15,3479,5,"F",1,7,"","3479_15_5F"
2022,15,3479,5,"F",2,4,"","3479_15_5F"
2022,15,3479,5,"F",3,4.5,"","3479_15_5F"
2022,15,3479,5,"F",4,3,"","3479_15_5F"
2022,15,3479,5,"F",5,3,"","3479_15_5F"
2022,15,3479,5,"F",6,3.5,"","3479_15_5F"
2022,15,3177,6,"G",1,4.5,"","3177_15_6G"
2022,15,3177,6,"G",2,1.5,"","3177_15_6G"
2022,15,3177,6,"G",3,5.5,"","3177_15_6G"
2022,15,3177,6,"G",4,2,"","3177_15_6G"
2022,15,3068,6,"I",1,5,"","3068_15_6I"
2022,15,3068,6,"I",2,4.5,"","3068_15_6I"
2022,15,3417,6,"I",1,6,"","3417_15_6I"
2022,15,3417,6,"I",2,5,"","3417_15_6I"
2022,15,3417,6,"I",3,2.5,"","3417_15_6I"
2022,15,3095,6,"J",1,3,"","3095_15_6J"
2022,15,3095,6,"J",2,3,"","3095_15_6J"
2022,15,3472,6,"J",1,2.5,"","3472_15_6J"
2022,15,3472,6,"J",2,2.5,"","3472_15_6J"
2022,15,3472,6,"J",3,2,"","3472_15_6J"
2022,15,3472,6,"J",4,4,"","3472_15_6J"
2022,15,3017,7,"G",1,2,"","3017_15_7G"
2022,15,3017,7,"G",2,3,"","3017_15_7G"
2022,15,3083,7,"I",1,3,"","3083_15_7I"
2022,15,3083,7,"I",2,3,"","3083_15_7I"
2022,15,3083,7,"I",3,5.5,"","3083_15_7I"
2022,15,3863,8,"I",1,5,"","3863_15_8I"
2022,15,3863,8,"I",2,1.5,"","3863_15_8I"
2022,15,3014,9,"I",1,3.5,"","3014_15_9I"
2022,15,3014,9,"I",2,3,"","3014_15_9I"
2022,15,3021,9,"J",1,6,"","3021_15_9J"
2022,15,3021,9,"J",2,5,"","3021_15_9J"
2022,15,3673,10,"A",1,8,"","3673_15_10A"
2022,15,3673,10,"A",2,4.5,"","3673_15_10A"
2022,15,3500,10,"D",1,9,"","3500_15_10D"
2022,15,3500,10,"D",2,5,"","3500_15_10D"
2022,15,3500,10,"D",3,NA,"","3500_15_10D"
2022,15,3734,10,"H",1,3.5,"","3734_15_10H"
2022,15,3734,10,"H",2,3,"","3734_15_10H"
2022,15,3848,10,"J",1,3,"","3848_15_10J"
2022,15,3848,10,"J",2,4,"","3848_15_10J"
2022,15,3354,11,"B",1,3,"","3354_15_11B"
2022,15,3354,11,"B",2,2,"","3354_15_11B"
2022,15,3354,11,"B",3,3,"","3354_15_11B"
2022,15,3354,11,"B",4,2,"","3354_15_11B"
2022,15,3354,11,"B",5,4.5,"","3354_15_11B"
2022,15,3354,11,"B",6,4,"","3354_15_11B"
2022,15,3354,11,"B",7,5,"","3354_15_11B"
2022,15,3397,11,"F",1,6,"","3397_15_11F"
2022,15,3397,11,"F",2,3,"","3397_15_11F"
2022,15,3397,11,"F",3,3,"","3397_15_11F"
2022,15,3900,11,"F",1,3.5,"","3900_15_11F"
2022,15,3900,11,"F",2,5,"","3900_15_11F"
2022,15,3490,12,"C",1,4,"","3490_15_12C"
2022,15,3490,12,"C",2,5,"","3490_15_12C"
2022,15,3612,12,"E",1,4,"","3612_15_12E"
2022,15,3612,12,"E",2,2,"","3612_15_12E"
2022,15,3401,12,"G",1,4,"","3401_15_12G"
2022,15,3401,12,"G",2,3,"","3401_15_12G"
2022,15,3297,12,"I",1,3.5,"","3297_15_12I"
2022,15,3297,12,"I",2,5.5,"","3297_15_12I"
2022,15,3757,13,"G",1,6,"","3757_15_13G"
2022,15,3757,13,"G",2,3,"","3757_15_13G"
2022,15,3706,13,"H",1,4.5,"Tag says 3076","3706_15_13H"
2022,15,3706,13,"H",2,5,"","3706_15_13H"
2022,15,3740,13,"J",1,4,"broken+gone. Maybe 1> plants? Very close together ","3740_15_13J"
2022,15,3740,13,"J",2,4,"","3740_15_13J"
2022,15,3740,13,"J",3,2.5,"","3740_15_13J"
2022,15,3740,13,"J",4,2,"","3740_15_13J"
2022,15,3740,13,"J",5,4,"","3740_15_13J"
2022,15,3740,13,"J",6,4,"","3740_15_13J"
2022,15,3740,13,"J",7,NA,"","3740_15_13J"
2022,15,3736,14,"B",1,2.5,"","3736_15_14B"
2022,15,3736,14,"B",2,5.5,"","3736_15_14B"
2022,15,3736,14,"B",3,6,"","3736_15_14B"
2022,15,3736,14,"B",4,4.5,"","3736_15_14B"
2022,15,3371,14,"C",1,6.5,"","3371_15_14C"
2022,15,3371,14,"C",2,8,"","3371_15_14C"
2022,15,3371,14,"C",3,3,"","3371_15_14C"
2022,15,3493,14,"E",1,2,"NP in 2021, plant found in 2022","3493_15_14E"
2022,15,3493,14,"E",2,2.5,"","3493_15_14E"
2022,15,3377,14,"G",1,4,"","3377_15_14G"
2022,15,3377,14,"G",2,4.5,"","3377_15_14G"
2022,15,3377,14,"G",3,5,"","3377_15_14G"
2022,15,3489,14,"G",1,3,"","3489_15_14G"
2022,15,3489,14,"G",2,9,"","3489_15_14G"
2022,15,3047,14,"J",1,6,"","3047_15_14J"
2022,15,3047,14,"J",2,4.5,"","3047_15_14J"
2022,15,3047,14,"J",3,NA,"","3047_15_14J"
2022,15,3868,15,"A",1,4.5,"","3868_15_15A"
2022,15,3868,15,"A",2,4,"","3868_15_15A"
2022,15,3868,15,"A",3,4,"","3868_15_15A"
2022,15,3868,15,"A",4,4.5,"","3868_15_15A"
2022,15,3868,15,"A",5,3,"","3868_15_15A"
2022,15,3455,15,"C",1,5.5,"","3455_15_15C"
2022,15,3455,15,"C",2,4,"","3455_15_15C"
2022,15,3581,15,"I",1,5.5,"","3581_15_15I"
2022,15,3581,15,"I",2,5,"","3581_15_15I"
2022,15,3391,16,"A",1,4,"","3391_15_16A"
2022,15,3391,16,"A",2,4,"","3391_15_16A"
2022,15,3116,16,"C",1,6,"","3116_15_16C"
2022,15,3116,16,"C",2,6,"","3116_15_16C"
2022,15,3116,16,"C",3,8,"","3116_15_16C"
2022,15,3395,16,"G",1,5,"","3395_15_16G"
2022,15,3395,16,"G",2,4.5,"","3395_15_16G"
2022,15,3395,16,"G",3,4,"","3395_15_16G"
2022,15,3491,17,"E",1,3.5,"","3491_15_17E"
2022,15,3491,17,"E",2,5,"","3491_15_17E"
2022,15,3491,17,"E",3,4,"","3491_15_17E"
2022,15,3436,17,"H",1,9.5,"","3436_15_17H"
2022,15,3436,17,"H",2,2,"","3436_15_17H"
2022,15,3457,18,"A",1,5,"","3457_15_18A"
2022,15,3457,18,"A",2,2,"","3457_15_18A"
2022,15,3372,19,"C",1,1.5,"","3372_15_19C"
2022,15,3372,19,"C",2,2,"","3372_15_19C"
2022,15,3372,19,"C",3,1,"","3372_15_19C"
2022,15,3384,16,"I",1,7.5,"","3384_15_16I"
2022,15,3384,16,"I",2,4.5,"","3384_15_16I"
2022,15,3384,16,"I",3,4,"","3384_15_16I"
2022,15,3384,16,"I",4,5,"","3384_15_16I"
2022,14,7557,7,"G",1,3.5,"","7557_14_7G"
2022,14,7557,7,"G",2,4,"","7557_14_7G"
2022,5,7546,14,"G",1,4,"","7546_5_14G"
2022,5,7546,14,"G",2,1,"","7546_5_14G"
2022,4,7550,0,"H",1,5.5,"","7550_4_0H"
2022,4,7550,0,"H",2,4,"","7550_4_0H"
2022,4,7591,9,"J",1,5.5,"","7591_4_9J"
2022,4,7591,9,"J",2,1.5,"","7591_4_9J"
2022,13,7592,7,"J",1,4.5,"","7592_13_7J"
2022,13,7592,7,"J",2,3,"","7592_13_7J"
2022,13,7532,12,"H",1,3,"","7532_13_12H"
2022,13,7532,12,"H",2,2.5,"","7532_13_12H"
2022,6,7587,13,"A",1,8,"","7587_6_13A"
2022,6,7587,13,"A",2,3.5,"","7587_6_13A"
2023,1,3610,0,"C",1,5,"","3610_1_0C"
2023,1,3610,0,"C",2,4,"","3610_1_0C"
2023,1,3610,0,"C",3,4,"","3610_1_0C"
2023,1,3610,0,"C",4,3,"","3610_1_0C"
2023,1,3610,0,"C",5,7,"","3610_1_0C"
2023,1,3610,0,"C",6,6,"","3610_1_0C"
2023,1,3525,0,"E",1,8,"","3525_1_0E"
2023,1,3525,0,"E",2,5,"","3525_1_0E"
2023,1,3542,0,"I",1,3.5,"","3542_1_0I"
2023,1,3542,0,"I",2,3.5,"","3542_1_0I"
2023,1,3542,0,"I",3,4,"","3542_1_0I"
2023,1,3542,0,"I",4,1,"","3542_1_0I"
2023,1,3599,0,"I",1,4,"","3599_1_0I"
2023,1,3599,0,"I",2,3,"","3599_1_0I"
2023,1,3814,0,"J",1,2,"","3814_1_0J"
2023,1,3814,0,"J",2,2.5,"","3814_1_0J"
2023,1,3506,2,"E",1,2,"","3506_1_2E"
2023,1,3506,2,"E",2,2.5,"","3506_1_2E"
2023,1,3506,2,"E",3,8,"","3506_1_2E"
2023,1,3506,2,"E",4,5,"","3506_1_2E"
2023,1,3543,2,"F",1,4.5,"","3543_1_2F"
2023,1,3543,2,"F",2,4,"","3543_1_2F"
2023,1,3608,3,"D",1,2.5,"","3608_1_3D"
2023,1,3608,3,"D",2,3,"","3608_1_3D"
2023,1,3608,3,"D",3,4,"","3608_1_3D"
2023,1,3567,3,"I",1,5,"","3567_1_3I"
2023,1,3567,3,"I",2,5,"","3567_1_3I"
2023,1,3567,3,"I",3,3.5,"","3567_1_3I"
2023,1,3567,3,"I",4,NA,"","3567_1_3I"
2023,1,3821,4,"A",1,4,"not on phen sheet","3821_1_4A"
2023,1,3821,4,"A",2,3,"not on phen sheet","3821_1_4A"
2023,1,3935,4,"I",1,6,"","3935_1_4I"
2023,1,3935,4,"I",2,6,"","3935_1_4I"
2023,1,3410,4,"J",1,2,"","3410_1_4J"
2023,1,3410,4,"J",2,6,"","3410_1_4J"
2023,1,3410,4,"J",3,4,"","3410_1_4J"
2023,1,3741,5,"I",1,3,"","3741_1_5I"
2023,1,3741,5,"I",2,4,"","3741_1_5I"
2023,1,3741,5,"I",3,6.5,"","3741_1_5I"
2023,1,3741,5,"I",4,6,"","3741_1_5I"
2023,1,3741,5,"I",5,8,"","3741_1_5I"
2023,1,3741,5,"I",6,8,"","3741_1_5I"
2023,1,3126,6,"D",1,5.5,"","3126_1_6D"
2023,1,3126,6,"D",2,5,"","3126_1_6D"
2023,1,3611,7,"I",1,5,"","3611_1_7I"
2023,1,3611,7,"I",2,4,"","3611_1_7I"
2023,1,3930,8,"G",1,7,"","3930_1_8G"
2023,1,3930,8,"G",2,4,"","3930_1_8G"
2023,1,3151,8,"H",1,3,"","3151_1_8H"
2023,1,3151,8,"H",2,4,"","3151_1_8H"
2023,1,3151,8,"H",3,3,"","3151_1_8H"
2023,1,3412,9,"I",1,4,"","3412_1_9I"
2023,1,3412,9,"I",2,4,"","3412_1_9I"
2023,1,3192,11,"B",1,5,"","3192_1_11B"
2023,1,3192,11,"B",2,3,"","3192_1_11B"
2023,1,3763,12,"A",1,7,"","3763_1_12A"
2023,1,3763,12,"A",2,3.5,"","3763_1_12A"
2023,1,3763,12,"A",3,3.5,"","3763_1_12A"
2023,1,3424,12,"G",1,6,"","3424_1_12G"
2023,1,3424,12,"G",2,3.5,"","3424_1_12G"
2023,1,3424,12,"G",3,8,"","3424_1_12G"
2023,1,3424,12,"G",4,3.5,"","3424_1_12G"
2023,1,3194,12,"H",1,5,"","3194_1_12H"
2023,1,3194,12,"H",2,2.5,"","3194_1_12H"
2023,1,3432,19,"A",1,4.5,"","3432_1_19A"
2023,1,3432,19,"A",2,4,"","3432_1_19A"
2023,2,3597,7,"H",1,6,"","3597_2_7H"
2023,2,3597,7,"H",2,4,"","3597_2_7H"
2023,2,3550,9,"I",1,4.5,"","3550_2_9I"
2023,2,3550,9,"I",2,2.5,"","3550_2_9I"
2023,2,3156,11,"E",1,5.5,"","3156_2_11E"
2023,2,3156,11,"E",2,1,"","3156_2_11E"
2023,2,3166,12,"B",1,NA,"","3166_2_12B"
2023,2,3166,12,"B",2,4,"","3166_2_12B"
2023,2,3166,12,"B",3,5.5,"","3166_2_12B"
2023,2,3159,13,"H",1,NA,"all seeding are same height","3159_2_13H"
2023,2,3159,13,"H",2,NA,"all seeding are same height","3159_2_13H"
2023,2,3159,13,"H",3,7,"all seeding are same height","3159_2_13H"
2023,2,3159,13,"H",4,3.5,"all seeding are same height","3159_2_13H"
2023,2,3159,13,"H",5,5.5,"all seeding are same height","3159_2_13H"
2023,2,3159,13,"H",6,7,"all seeding are same height","3159_2_13H"
2023,2,3168,13,"J",1,4,"","3168_2_13J"
2023,2,3168,13,"J",2,3,"","3168_2_13J"
2023,2,3175,15,"A",1,NA,"","3175_2_15A"
2023,2,3175,15,"A",2,3.5,"","3175_2_15A"
2023,2,3155,16,"A",1,5,"","3155_2_16A"
2023,2,3155,16,"A",2,3,"","3155_2_16A"
2023,2,3172,17,"A",1,3,"","3172_2_17A"
2023,2,3172,17,"A",2,2.5,"","3172_2_17A"
2023,2,3185,19,"B",1,2.5,"","3185_2_19B"
2023,2,3185,19,"B",2,4,"","3185_2_19B"
2023,3,3015,0,"F",1,6,"","3015_3_0F"
2023,3,3015,0,"F",2,4.5,"","3015_3_0F"
2023,3,3015,0,"F",3,5.5,"","3015_3_0F"
2023,3,3349,1,"F",1,9,"","3349_3_1F"
2023,3,3349,1,"F",2,6,"","3349_3_1F"
2023,3,3349,1,"F",3,4.5,"","3349_3_1F"
2023,3,3462,2,"A",1,4.5,"","3462_3_2A"
2023,3,3462,2,"A",2,5,"","3462_3_2A"
2023,3,7573,3,"A",1,6,"","7573_3_3A"
2023,3,7573,3,"A",2,3,"","7573_3_3A"
2023,3,3831,4,"B",1,5.5,"","3831_3_4B"
2023,3,3831,4,"B",2,3.5,"","3831_3_4B"
2023,3,3797,4,"I",1,9,"","3797_3_4I"
2023,3,3797,4,"I",2,1.5,"","3797_3_4I"
2023,3,3846,6,"D",1,7,"","3846_3_6D"
2023,3,3846,6,"D",2,5.5,"","3846_3_6D"
2023,3,7548,9,"G",1,9,"","7548_3_9G"
2023,3,7548,9,"G",2,6.5,"","7548_3_9G"
2023,3,7548,9,"G",3,6.5,"","7548_3_9G"
2023,3,3759,15,"B",1,NA,"","3759_3_15B"
2023,3,3759,15,"B",2,8,"","3759_3_15B"
2023,3,3759,15,"B",3,10,"","3759_3_15B"
2023,3,7552,15,"C",1,2,"","7552_3_15C"
2023,3,7552,15,"C",2,11,"","7552_3_15C"
2023,3,7552,15,"C",3,6,"","7552_3_15C"
2023,4,7550,0,"H",1,8,"","7550_4_0H"
2023,4,7550,0,"H",2,5,"","7550_4_0H"
2023,4,3364,3,"H",1,NA,"","3364_4_3H"
2023,4,3364,3,"H",2,3,"","3364_4_3H"
2023,4,3364,3,"H",3,4,"","3364_4_3H"
2023,4,3364,3,"H",4,3,"","3364_4_3H"
2023,4,3364,3,"H",5,3,"","3364_4_3H"
2023,4,3596,3,"H",1,3.5,"","3596_4_3H"
2023,4,3596,3,"H",2,6,"","3596_4_3H"
2023,4,1411,6,"G",1,NA,"","1411_4_6G"
2023,4,1411,6,"G",2,11,"","1411_4_6G"
2023,4,1411,6,"G",3,10,"","1411_4_6G"
2023,4,3122,8,"J",1,NA,"","3122_4_8J"
2023,4,3122,8,"J",2,6,"","3122_4_8J"
2023,4,3122,8,"J",3,4,"","3122_4_8J"
2023,4,3122,8,"J",4,3,"","3122_4_8J"
2023,4,7591,9,"J",1,7,"","7591_4_9J"
2023,4,7591,9,"J",2,1.5,"","7591_4_9J"
2023,4,2230,10,"J",1,NA,"","2230_4_10J"
2023,4,2230,10,"J",2,7,"","2230_4_10J"
2023,4,2230,10,"J",3,6,"","2230_4_10J"
2023,5,3788,0,"F",1,NA,"","3788_5_0F"
2023,5,3788,0,"F",2,5,"","3788_5_0F"
2023,5,3195,1,"A",1,NA,"","3195_5_1A"
2023,5,3195,1,"A",2,3.5,"","3195_5_1A"
2023,5,3152,1,"G",1,NA,"","3152_5_1G"
2023,5,3152,1,"G",2,NA,"","3152_5_1G"
2023,5,3152,1,"G",3,6,"","3152_5_1G"
2023,5,3108,1,"I",1,5,"","3108_5_1I"
2023,5,3108,1,"I",2,2,"","3108_5_1I"
2023,5,3468,1,"J",1,4,"","3468_5_1J"
2023,5,3468,1,"J",2,2.5,"","3468_5_1J"
2023,5,3148,2,"C",1,4,"","3148_5_2C"
2023,5,3148,2,"C",2,NA,"","3148_5_2C"
2023,5,3161,2,"F",1,NA,"","3161_5_2F"
2023,5,3161,2,"F",2,4,"","3161_5_2F"
2023,5,3499,2,"G",1,NA,"","3499_5_2G"
2023,5,3499,2,"G",2,1.5,"","3499_5_2G"
2023,5,3197,3,"A",1,4.5,"","3197_5_3A"
2023,5,3197,3,"A",2,4,"","3197_5_3A"
2023,5,3197,3,"A",3,7,"","3197_5_3A"
2023,5,3197,3,"A",4,2.5,"","3197_5_3A"
2023,5,3560,3,"B",1,NA,"","3560_5_3B"
2023,5,3560,3,"B",2,2.5,"","3560_5_3B"
2023,5,3560,3,"B",3,NA,"some leaves and umbels eaten","3560_5_3B"
2023,5,3560,3,"B",4,NA,"some leaves and umbels eaten","3560_5_3B"
2023,5,3560,3,"B",5,NA,"some leaves and umbels eaten","3560_5_3B"
2023,5,3820,3,"C",1,3.5,"","3820_5_3C"
2023,5,3820,3,"C",2,8.5,"","3820_5_3C"
2023,5,5026,3,"D",1,NA,"","5026_5_3D"
2023,5,5026,3,"D",2,NA,"","5026_5_3D"
2023,5,7522,3,"F",1,3,"","7522_5_3F"
2023,5,7522,3,"F",2,5,"","7522_5_3F"
2023,5,3987,3,"H",1,5,"","3987_5_3H"
2023,5,3987,3,"H",2,6,"","3987_5_3H"
2023,5,3125,3,"I",1,NA,"","3125_5_3I"
2023,5,3125,3,"I",2,4,"","3125_5_3I"
2023,5,3338,3,"I",1,NA,"","3338_5_3I"
2023,5,3338,3,"I",2,3,"","3338_5_3I"
2023,5,3338,3,"I",3,NA,"","3338_5_3I"
2023,5,7580,3,"J",1,NA,"not checked for phenology","7580_5_3J"
2023,5,7580,3,"J",2,1.5,"not checked for phenology","7580_5_3J"
2023,5,3199,4,"B",1,NA,"","3199_5_4B"
2023,5,3199,4,"B",2,2,"","3199_5_4B"
2023,5,3199,4,"B",3,6,"","3199_5_4B"
2023,5,3199,4,"B",4,1,"","3199_5_4B"
2023,5,3465,4,"C",1,NA,"","3465_5_4C"
2023,5,3465,4,"C",2,3.5,"","3465_5_4C"
2023,5,3196,4,"D",1,1,"","3196_5_4D"
2023,5,3196,4,"D",2,6,"","3196_5_4D"
2023,5,3200,4,"F",1,6,"","3200_5_4F"
2023,5,3200,4,"F",2,4.5,"","3200_5_4F"
2023,5,3200,4,"F",3,4,"","3200_5_4F"
2023,5,3200,4,"F",4,4.5,"","3200_5_4F"
2023,5,5021,5,"F",1,NA,"","5021_5_5F"
2023,5,5021,5,"F",2,5,"","5021_5_5F"
2023,5,3941,7,"B",1,2.5,"","3941_5_7B"
2023,5,3941,7,"B",2,5,"","3941_5_7B"
2023,5,3941,7,"B",3,4.5,"","3941_5_7B"
2023,5,3941,7,"B",4,4,"","3941_5_7B"
2023,5,3941,7,"B",5,5.5,"","3941_5_7B"
2023,5,3941,7,"B",6,5,"","3941_5_7B"
2023,5,3941,7,"B",7,4.5,"","3941_5_7B"
2023,5,3941,7,"B",8,5,"","3941_5_7B"
2023,5,3120,7,"G",1,4,"umbels are same height","3120_5_7G"
2023,5,3120,7,"G",2,3.5,"umbels are same height","3120_5_7G"
2023,5,3714,7,"G",1,6.5,"","3714_5_7G"
2023,5,3714,7,"G",2,4,"","3714_5_7G"
2023,5,3810,8,"B",1,4,"","3810_5_8B"
2023,5,3810,8,"B",2,3,"","3810_5_8B"
2023,5,3810,8,"B",3,5,"","3810_5_8B"
2023,5,3810,8,"B",4,3,"","3810_5_8B"
2023,5,3644,8,"H",1,7,"","3644_5_8H"
2023,5,3644,8,"H",2,6.5,"","3644_5_8H"
2023,5,3644,8,"H",3,3,"","3644_5_8H"
2023,5,3644,8,"H",4,5,"","3644_5_8H"
2023,5,3836,9,"C",1,3,"","3836_5_9C"
2023,5,3836,9,"C",2,5,"","3836_5_9C"
2023,5,3896,10,"F",1,NA,"","3896_5_10F"
2023,5,3896,10,"F",2,4,"","3896_5_10F"
2023,5,3649,11,"A",1,4,"","3649_5_11A"
2023,5,3649,11,"A",2,5,"","3649_5_11A"
2023,5,3649,11,"A",3,2.5,"","3649_5_11A"
2023,5,3074,11,"C",1,5,"","3074_5_11C"
2023,5,3074,11,"C",2,2.5,"","3074_5_11C"
2023,5,3074,11,"C",3,2.5,"","3074_5_11C"
2023,5,3807,11,"H",1,NA,"","3807_5_11H"
2023,5,3807,11,"H",2,7.5,"","3807_5_11H"
2023,5,5036,11,"H",1,7,"","5036_5_11H"
2023,5,5036,11,"H",2,4,"","5036_5_11H"
2023,5,3615,11,"J",1,11,"","3615_5_11J"
2023,5,3615,11,"J",2,3,"","3615_5_11J"
2023,5,5045,12,"B",1,3,"last umbel shrivelled, won't makes seeds","5045_5_12B"
2023,5,5045,12,"B",2,5,"last umbel shrivelled, won't makes seeds","5045_5_12B"
2023,5,5045,12,"B",3,1.5,"last umbel shrivelled, won't makes seeds","5045_5_12B"
2023,5,3516,12,"C",1,6.5,"","3516_5_12C"
2023,5,3516,12,"C",2,3.5,"","3516_5_12C"
2023,5,3476,12,"E",1,5,"","3476_5_12E"
2023,5,3476,12,"E",2,7,"","3476_5_12E"
2023,5,3476,12,"E",3,4,"","3476_5_12E"
2023,5,3476,12,"E",4,7,"","3476_5_12E"
2023,5,5044,13,"B",1,13,"","5044_5_13B"
2023,5,5044,13,"B",2,4.5,"","5044_5_13B"
2023,5,5044,13,"B",3,4,"","5044_5_13B"
2023,5,5044,13,"B",4,5.5,"","5044_5_13B"
2023,5,5044,13,"B",5,1,"","5044_5_13B"
2023,5,3470,13,"I",1,NA,"","3470_5_13I"
2023,5,3470,13,"I",2,1.5,"","3470_5_13I"
2023,5,3093,14,"A",1,10,"","3093_5_14A"
2023,5,3093,14,"A",2,4.5,"","3093_5_14A"
2023,5,3125,14,"C",1,1.5,"","3125_5_14C"
2023,5,3125,14,"C",2,3.5,"","3125_5_14C"
2023,5,3125,14,"C",3,2.5,"","3125_5_14C"
2023,5,3153,14,"D",1,4,"","3153_5_14D"
2023,5,3153,14,"D",2,5,"","3153_5_14D"
2023,5,3010,14,"G",1,4,"","3010_5_14G"
2023,5,3010,14,"G",2,4,"","3010_5_14G"
2023,5,3010,14,"G",3,3,"","3010_5_14G"
2023,5,3710,14,"H",1,2,"","3710_5_14H"
2023,5,3710,14,"H",2,7,"","3710_5_14H"
2023,5,3022,14,"J",1,4,"","3022_5_14J"
2023,5,3022,14,"J",2,5.5,"","3022_5_14J"
2023,5,5043,15,"F",1,3.5,"","5043_5_15F"
2023,5,5043,15,"F",2,4,"","5043_5_15F"
2023,5,3488,15,"I",1,5,"","3488_5_15I"
2023,5,3488,15,"I",2,2,"","3488_5_15I"
2023,5,3488,15,"I",3,6,"","3488_5_15I"
2023,5,3488,15,"I",4,8,"","3488_5_15I"
2023,5,3488,15,"I",5,3,"","3488_5_15I"
2023,5,3488,15,"I",6,6,"","3488_5_15I"
2023,5,3127,16,"B",1,6,"","3127_5_16B"
2023,5,3127,16,"B",2,5,"","3127_5_16B"
2023,5,3127,16,"B",3,4,"","3127_5_16B"
2023,5,3124,16,"D",1,5.5,"","3124_5_16D"
2023,5,3124,16,"D",2,7,"","3124_5_16D"
2023,5,3067,16,"F",1,6,"","3067_5_16F"
2023,5,3067,16,"F",2,6,"","3067_5_16F"
2023,5,3067,16,"F",3,5,"","3067_5_16F"
2023,5,3697,16,"G",1,4,"","3697_5_16G"
2023,5,3697,16,"G",2,3,"","3697_5_16G"
2023,5,3697,16,"G",3,NA,"","3697_5_16G"
2023,5,3073,17,"G",1,5,"","3073_5_17G"
2023,5,3073,17,"G",2,5,"","3073_5_17G"
2023,5,3817,17,"H",1,7,"","3817_5_17H"
2023,5,3817,17,"H",2,8,"","3817_5_17H"
2023,5,3817,17,"H",3,4,"","3817_5_17H"
2023,5,3888,17,"I",1,7,"","3888_5_17I"
2023,5,3888,17,"I",2,6,"","3888_5_17I"
2023,5,3888,17,"I",3,NA,"","3888_5_17I"
2023,5,3474,18,"A",1,5,"","3474_5_18A"
2023,5,3474,18,"A",2,3.5,"","3474_5_18A"
2023,5,3474,18,"A",3,6,"","3474_5_18A"
2023,5,3474,18,"A",4,5,"","3474_5_18A"
2023,5,3685,18,"B",1,4,"","3685_5_18B"
2023,5,3685,18,"B",2,5,"","3685_5_18B"
2023,5,3685,18,"B",3,4,"","3685_5_18B"
2023,5,3685,18,"B",4,5,"","3685_5_18B"
2023,5,7555,18,"B",1,6.5,"","7555_5_18B"
2023,5,7555,18,"B",2,5,"","7555_5_18B"
2023,5,3135,18,"D",1,7,"","3135_5_18D"
2023,5,3135,18,"D",2,4,"","3135_5_18D"
2023,5,3178,18,"E",1,3,"","3178_5_18E"
2023,5,3178,18,"E",2,3,"","3178_5_18E"
2023,5,3178,18,"E",3,3.5,"this umbel munched on","3178_5_18E"
2023,5,3869,18,"E",1,3.5,"","3869_5_18E"
2023,5,3869,18,"E",2,4.5,"","3869_5_18E"
2023,5,3473,18,"G",1,4,"","3473_5_18G"
2023,5,3473,18,"G",2,5,"","3473_5_18G"
2023,5,3473,18,"G",3,5,"","3473_5_18G"
2023,5,5042,19,"G",1,1,"","5042_5_19G"
2023,5,5042,19,"G",2,NA,"","5042_5_19G"
2023,5,3663,19,"I",1,6,"","3663_5_19I"
2023,5,3663,19,"I",2,7,"","3663_5_19I"
2023,5,3663,19,"I",3,7,"","3663_5_19I"
2023,6,3070,4,"G",1,7,"","3070_6_4G"
2023,6,3070,4,"G",2,5,"","3070_6_4G"
2023,6,3070,4,"G",3,7,"","3070_6_4G"
2023,6,3070,4,"G",4,NA,"","3070_6_4G"
2023,6,3008,4,"J",1,7,"","3008_6_4J"
2023,6,3008,4,"J",2,4,"","3008_6_4J"
2023,6,3179,5,"E",1,5.5,"","3179_6_5E"
2023,6,3179,5,"E",2,4.5,"","3179_6_5E"
2023,6,3179,5,"E",3,4.5,"","3179_6_5E"
2023,6,3400,8,"E",1,5.5,"","3400_6_8E"
2023,6,3400,8,"E",2,3,"","3400_6_8E"
2023,6,3791,9,"J",1,NA,"","3791_6_9J"
2023,6,3791,9,"J",2,2.5,"","3791_6_9J"
2023,6,3518,10,"I",1,5.5,"","3518_6_10I"
2023,6,3518,10,"I",2,4.5,"","3518_6_10I"
2023,6,3518,10,"I",3,6,"","3518_6_10I"
2023,6,3753,11,"A",1,1.5,"","3753_6_11A"
2023,6,3753,11,"A",2,5,"","3753_6_11A"
2023,6,3345,12,"D",1,8,"","3345_6_12D"
2023,6,3345,12,"D",2,6,"","3345_6_12D"
2023,6,3345,12,"D",3,7,"","3345_6_12D"
2023,6,3345,12,"D",4,3,"","3345_6_12D"
2023,6,3358,12,"D",1,4.5,"","3358_6_12D"
2023,6,3358,12,"D",2,2.5,"","3358_6_12D"
2023,6,3358,12,"D",3,5.5,"","3358_6_12D"
2023,6,3358,12,"D",4,2,"","3358_6_12D"
2023,6,7587,13,"A",1,9,"","7587_6_13A"
2023,6,7587,13,"A",2,4,"","7587_6_13A"
2023,6,3489,13,"B",1,7,"","3489_6_13B"
2023,6,3489,13,"B",2,0.5,"","3489_6_13B"
2023,6,3669,14,"E",1,3,"","3669_6_14E"
2023,6,3669,14,"E",2,4,"","3669_6_14E"
2023,6,3372,14,"G",1,3,"","3372_6_14G"
2023,6,3372,14,"G",2,4,"","3372_6_14G"
2023,6,3141,15,"E",1,4,"","3141_6_15E"
2023,6,3141,15,"E",2,2,"","3141_6_15E"
2023,6,3141,15,"E",3,1,"this last flower sad and small","3141_6_15E"
2023,6,3725,15,"G",1,1.5,"","3725_6_15G"
2023,6,3725,15,"G",2,3,"","3725_6_15G"
2023,6,3136,16,"B",1,NA,"","3136_6_16B"
2023,6,3136,16,"B",2,6,"","3136_6_16B"
2023,6,3136,16,"B",3,6,"","3136_6_16B"
2023,6,3887,16,"D",1,NA,"","3887_6_16D"
2023,6,3887,16,"D",2,5,"","3887_6_16D"
2023,6,3887,16,"D",3,6,"","3887_6_16D"
2023,6,3648,16,"F",1,4.5,"stalks are same height","3648_6_16F"
2023,6,3648,16,"F",2,3.5,"stalks are same height","3648_6_16F"
2023,6,3630,16,"I",1,4.5,"","3630_6_16I"
2023,6,3630,16,"I",2,6,"","3630_6_16I"
2023,6,3140,18,"F",1,4,"","3140_6_18F"
2023,6,3140,18,"F",2,4,"","3140_6_18F"
2023,6,3140,18,"F",3,2.5,"","3140_6_18F"
2023,6,3140,18,"F",4,3,"","3140_6_18F"
2023,6,3955,18,"G",1,3.5,"","3955_6_18G"
2023,6,3955,18,"G",2,NA,"","3955_6_18G"
2023,6,3466,19,"B",1,4,"","3466_6_19B"
2023,6,3466,19,"B",2,4,"","3466_6_19B"
2023,6,3466,19,"B",3,4.5,"","3466_6_19B"
2023,6,3142,19,"D",1,NA,"","3142_6_19D"
2023,6,3142,19,"D",2,NA,"","3142_6_19D"
2023,6,3570,19,"F",1,2,"","3570_6_19F"
2023,6,3570,19,"F",2,4,"","3570_6_19F"
2023,6,3773,19,"F",1,4.5,"not tracked for phenology","3773_6_19F"
2023,6,3773,19,"F",2,4,"not tracked for phenology","3773_6_19F"
2023,6,3773,19,"F",3,4,"not tracked for phenology","3773_6_19F"
2023,6,3729,19,"F",1,6,"","3729_6_19F"
2023,6,3729,19,"F",2,4,"","3729_6_19F"
2023,7,5049,2,"D",1,1,"","5049_7_2D"
2023,7,5049,2,"D",2,NA,"","5049_7_2D"
2023,7,5049,2,"D",3,NA,"","5049_7_2D"
2023,7,5049,2,"D",4,NA,"","5049_7_2D"
2023,7,3452,2,"E",1,6,"","3452_7_2E"
2023,7,3452,2,"E",2,1,"","3452_7_2E"
2023,7,3452,2,"E",3,6.5,"","3452_7_2E"
2023,7,3375,3,"C",1,NA,"","3375_7_3C"
2023,7,3375,3,"C",2,NA,"","3375_7_3C"
2023,7,5052,3,"J",1,NA,"","5052_7_3J"
2023,7,5052,3,"J",2,2.5,"","5052_7_3J"
2023,7,3450,4,"H",1,7,"","3450_7_4H"
2023,7,3450,4,"H",2,6.5,"","3450_7_4H"
2023,7,3450,4,"H",3,8.5,"","3450_7_4H"
2023,7,5053,4,"J",1,NA,"","5053_7_4J"
2023,7,5053,4,"J",2,2.5,"","5053_7_4J"
2023,7,3089,5,"I",1,3,"","3089_7_5I"
2023,7,3089,5,"I",2,3,"","3089_7_5I"
2023,7,3044,7,"D",1,NA,"","3044_7_7D"
2023,7,3044,7,"D",2,5,"","3044_7_7D"
2023,7,3874,8,"C",1,NA,"","3874_7_8C"
2023,7,3874,8,"C",2,3.5,"","3874_7_8C"
2023,7,5047,9,"B",1,4,"","5047_7_9B"
2023,7,5047,9,"B",2,9,"","5047_7_9B"
2023,7,3296,9,"C",1,5,"","3296_7_9C"
2023,7,3296,9,"C",2,3,"","3296_7_9C"
2023,7,3296,9,"C",3,5,"","3296_7_9C"
2023,7,3994,9,"J",1,6.5,"","3994_7_9J"
2023,7,3994,9,"J",2,3,"","3994_7_9J"
2023,7,3994,9,"J",3,4,"","3994_7_9J"
2023,7,5054,11,"J",1,2.5,"stalks are same height","5054_7_11J"
2023,7,5054,11,"J",2,5,"stalks are same height","5054_7_11J"
2023,7,5056,14,"J",1,4,"","5056_7_14J"
2023,7,5056,14,"J",2,3,"","5056_7_14J"
2023,7,3446,16,"C",1,6,"","3446_7_16C"
2023,7,3446,16,"C",2,10,"","3446_7_16C"
2023,7,3446,16,"C",3,NA,"","3446_7_16C"
2023,7,3446,16,"C",4,NA,"","3446_7_16C"
2023,7,3446,16,"C",5,NA,"","3446_7_16C"
2023,7,5032,16,"D",1,NA,"","5032_7_16D"
2023,7,5032,16,"D",2,NA,"","5032_7_16D"
2023,7,5032,16,"D",3,4,"","5032_7_16D"
2023,9,3143,14,"0.95",1,5,"","3143_9_140.95"
2023,9,3143,14,"0.95",2,3,"","3143_9_140.95"
2023,10,3190,1,"B",1,6,"","3190_10_1B"
2023,10,3190,1,"B",2,10,"","3190_10_1B"
2023,10,3378,5,"D",1,6,"","3378_10_5D"
2023,10,3378,5,"D",2,3.5,"","3378_10_5D"
2023,10,3378,5,"D",3,5,"","3378_10_5D"
2023,10,3353,5,"E",1,10,"","3353_10_5E"
2023,10,3353,5,"E",2,5,"","3353_10_5E"
2023,10,3353,5,"E",3,7,"","3353_10_5E"
2023,10,3353,5,"E",4,6,"","3353_10_5E"
2023,10,3655,6,"B",1,9,"","3655_10_6B"
2023,10,3655,6,"B",2,4,"","3655_10_6B"
2023,10,3655,6,"B",3,10,"","3655_10_6B"
2023,10,3929,7,"C",1,4,"","3929_10_7C"
2023,10,3929,7,"C",2,5,"","3929_10_7C"
2023,12,3425,2,"I",1,5,"","3425_12_2I"
2023,12,3425,2,"I",2,2,"","3425_12_2I"
2023,12,3448,6,"F",1,7,"","3448_12_6F"
2023,12,3448,6,"F",2,6,"","3448_12_6F"
2023,12,3424,7,"H",1,5,"","3424_12_7H"
2023,12,3424,7,"H",2,5,"","3424_12_7H"
2023,12,7578,11,"B",1,4,"","7578_12_11B"
2023,12,7578,11,"B",2,9,"","7578_12_11B"
2023,12,7578,11,"B",3,5,"","7578_12_11B"
2023,12,7578,11,"B",4,1,"","7578_12_11B"
2023,12,3551,11,"H",1,2.5,"","3551_12_11H"
2023,12,3551,11,"H",2,7,"","3551_12_11H"
2023,12,3449,12,"B",1,4,"","3449_12_12B"
2023,12,3449,12,"B",2,5.5,"","3449_12_12B"
2023,12,3449,12,"B",3,5,"","3449_12_12B"
2023,12,3134,13,"H",1,6,"","3134_12_13H"
2023,12,3134,13,"H",2,5,"","3134_12_13H"
2023,12,3422,13,"H",1,NA,"","3422_12_13H"
2023,12,3422,13,"H",2,6.5,"","3422_12_13H"
2023,12,3422,13,"H",3,NA,"","3422_12_13H"
2023,12,3761,14,"G",1,5,"","3761_12_14G"
2023,12,3761,14,"G",2,3,"","3761_12_14G"
2023,12,3578,15,"A",1,NA,"","3578_12_15A"
2023,12,3578,15,"A",2,8,"","3578_12_15A"
2023,12,3578,15,"A",3,3,"","3578_12_15A"
2023,12,3578,15,"A",4,9,"","3578_12_15A"
2023,12,3147,17,"B",1,7,"","3147_12_17B"
2023,12,3147,17,"B",2,4,"","3147_12_17B"
2023,12,3536,18,"A",1,9,"","3536_12_18A"
2023,12,3536,18,"A",2,5,"","3536_12_18A"
2023,12,3536,18,"A",3,7,"","3536_12_18A"
2023,12,3536,18,"A",4,6,"","3536_12_18A"
2023,13,3421,0,"C",1,NA,"","3421_13_0C"
2023,13,3421,0,"C",2,3,"","3421_13_0C"
2023,13,3429,0,"D",1,5,"","3429_13_0D"
2023,13,3429,0,"D",2,4.5,"","3429_13_0D"
2023,13,3431,0,"D",1,5,"hard time reading this, but I think it says seeding","3431_13_0D"
2023,13,3431,0,"D",2,3.5,"","3431_13_0D"
2023,13,3431,0,"D",3,5,"","3431_13_0D"
2023,13,3431,0,"D",4,3,"","3431_13_0D"
2023,13,3431,0,"D",5,3,"","3431_13_0D"
2023,13,3980,0,"F",1,5,"","3980_13_0F"
2023,13,3980,0,"F",2,3,"","3980_13_0F"
2023,13,3769,0,"G",1,2,"","3769_13_0G"
2023,13,3769,0,"G",2,3,"","3769_13_0G"
2023,13,3769,0,"G",3,2.5,"","3769_13_0G"
2023,13,3187,1,"J",1,4.5,"","3187_13_1J"
2023,13,3187,1,"J",2,1,"is it actually dead?","3187_13_1J"
2023,13,3187,1,"J",3,2,"","3187_13_1J"
2023,13,3187,1,"J",4,3.5,"","3187_13_1J"
2023,13,3441,2,"B",1,NA,"","3441_13_2B"
2023,13,3441,2,"B",2,6,"","3441_13_2B"
2023,13,3441,2,"B",3,7,"","3441_13_2B"
2023,13,3178,2,"C",1,4,"","3178_13_2C"
2023,13,3178,2,"C",2,3.5,"","3178_13_2C"
2023,13,3978,2,"F",1,3.5,"","3978_13_2F"
2023,13,3978,2,"F",2,3.5,"","3978_13_2F"
2023,13,3978,2,"F",3,5,"","3978_13_2F"
2023,13,3978,2,"F",4,4,"","3978_13_2F"
2023,13,3604,2,"H",1,NA,"","3604_13_2H"
2023,13,3604,2,"H",2,NA,"","3604_13_2H"
2023,13,3604,2,"H",3,3.5,"","3604_13_2H"
2023,13,3604,2,"H",4,5.5,"","3604_13_2H"
2023,13,3604,2,"H",5,3.5,"","3604_13_2H"
2023,13,3604,2,"H",6,4,"","3604_13_2H"
2023,13,3433,3,"A",1,NA,"","3433_13_3A"
2023,13,3433,3,"A",2,3,"","3433_13_3A"
2023,13,3433,3,"A",3,4,"","3433_13_3A"
2023,13,3336,3,"C",1,NA,"","3336_13_3C"
2023,13,3336,3,"C",2,NA,"","3336_13_3C"
2023,13,3336,3,"C",3,4.5,"","3336_13_3C"
2023,13,3336,3,"C",4,3,"","3336_13_3C"
2023,13,7527,3,"F",1,3,"","7527_13_3F"
2023,13,7527,3,"F",2,4,"","7527_13_3F"
2023,13,3120,3,"H",1,NA,"","3120_13_3H"
2023,13,3120,3,"H",2,NA,"","3120_13_3H"
2023,13,3120,3,"H",3,7.5,"","3120_13_3H"
2023,13,3120,3,"H",4,3.5,"","3120_13_3H"
2023,13,3120,3,"H",5,4,"","3120_13_3H"
2023,13,3367,3,"H",1,NA,"","3367_13_3H"
2023,13,3367,3,"H",2,4,"","3367_13_3H"
2023,13,3367,3,"H",3,5.5,"","3367_13_3H"
2023,13,3367,3,"H",4,0.5,"tiny and new","3367_13_3H"
2023,13,3400,3,"H",1,5,"","3400_13_3H"
2023,13,3400,3,"H",2,4,"","3400_13_3H"
2023,13,3880,4,"C",1,1,"no recorded phenology?","3880_13_4C"
2023,13,3880,4,"C",2,NA,"","3880_13_4C"
2023,13,3880,4,"C",3,4.5,"","3880_13_4C"
2023,13,3155,5,"A",1,NA,"","3155_13_5A"
2023,13,3155,5,"A",2,NA,"","3155_13_5A"
2023,13,3155,5,"A",3,10.5,"","3155_13_5A"
2023,13,3826,5,"A",1,NA,"","3826_13_5A"
2023,13,3826,5,"A",2,4,"","3826_13_5A"
2023,13,3826,5,"A",3,3,"","3826_13_5A"
2023,13,3382,5,"C",1,4,"","3382_13_5C"
2023,13,3382,5,"C",2,5.5,"","3382_13_5C"
2023,13,3123,5,"H",1,NA,"","3123_13_5H"
2023,13,3123,5,"H",2,NA,"","3123_13_5H"
2023,13,3123,5,"H",3,NA,"","3123_13_5H"
2023,13,3123,5,"H",4,6,"","3123_13_5H"
2023,13,3123,5,"H",5,7,"","3123_13_5H"
2023,13,3123,5,"H",6,6,"","3123_13_5H"
2023,13,3123,5,"H",7,6,"","3123_13_5H"
2023,13,3123,5,"H",8,6,"","3123_13_5H"
2023,13,3123,5,"H",9,6.5,"","3123_13_5H"
2023,13,3427,6,"I",1,4,"","3427_13_6I"
2023,13,3427,6,"I",2,7,"","3427_13_6I"
2023,13,3427,6,"I",3,4.5,"","3427_13_6I"
2023,13,7589,6,"I",1,NA,"","7589_13_6I"
2023,13,7589,6,"I",2,3,"","7589_13_6I"
2023,13,3390,7,"G",1,7,"","3390_13_7G"
2023,13,3390,7,"G",2,7,"","3390_13_7G"
2023,13,3780,7,"J",1,5,"","3780_13_7J"
2023,13,3780,7,"J",2,3,"","3780_13_7J"
2023,13,3780,7,"J",3,5,"","3780_13_7J"
2023,13,7592,7,"J",1,4,"","7592_13_7J"
2023,13,7592,7,"J",2,7,"","7592_13_7J"
2023,13,7592,7,"J",3,7,"","7592_13_7J"
2023,13,3391,7,"K",1,4,"","3391_13_7K"
2023,13,3391,7,"K",2,5,"","3391_13_7K"
2023,13,3694,9,"A",1,2,"","3694_13_9A"
2023,13,3694,9,"A",2,5,"","3694_13_9A"
2023,13,3088,9,"B",1,6,"","3088_13_9B"
2023,13,3088,9,"B",2,2,"","3088_13_9B"
2023,13,3088,9,"B",3,3,"","3088_13_9B"
2023,13,7571,9,"G",1,5,"","7571_13_9G"
2023,13,7571,9,"G",2,5,"","7571_13_9G"
2023,13,3119,9,"H",1,3,"","3119_13_9H"
2023,13,3119,9,"H",2,3,"","3119_13_9H"
2023,13,3119,9,"H",3,3.5,"","3119_13_9H"
2023,13,3119,9,"H",4,1,"","3119_13_9H"
2023,13,3616,10,"B",1,7,"","3616_13_10B"
2023,13,3616,10,"B",2,NA,"","3616_13_10B"
2023,13,3616,10,"B",3,NA,"","3616_13_10B"
2023,13,3018,10,"G",1,6,"","3018_13_10G"
2023,13,3018,10,"G",2,3,"","3018_13_10G"
2023,13,3018,10,"G",3,2,"","3018_13_10G"
2023,13,3018,10,"G",4,6,"","3018_13_10G"
2023,13,3018,10,"G",5,2,"","3018_13_10G"
2023,13,3642,10,"G",1,2.5,"","3642_13_10G"
2023,13,3642,10,"G",2,5.5,"","3642_13_10G"
2023,13,3642,10,"G",3,6,"","3642_13_10G"
2023,13,3642,10,"G",4,6,"","3642_13_10G"
2023,13,3642,10,"G",5,6,"","3642_13_10G"
2023,13,3143,11,"A",1,9,"","3143_13_11A"
2023,13,3143,11,"A",2,3,"","3143_13_11A"
2023,13,3775,11,"G",1,3.5,"","3775_13_11G"
2023,13,3775,11,"G",2,4.5,"","3775_13_11G"
2023,13,3775,11,"G",3,3,"","3775_13_11G"
2023,13,3118,11,"H",1,3,"","3118_13_11H"
2023,13,3118,11,"H",2,4,"","3118_13_11H"
2023,13,3118,11,"H",3,5,"","3118_13_11H"
2023,13,3333,12,"A",1,3.5,"","3333_13_12A"
2023,13,3333,12,"A",2,NA,"","3333_13_12A"
2023,13,3593,12,"A",1,3.5,"","3593_13_12A"
2023,13,3593,12,"A",2,4,"","3593_13_12A"
2023,13,3396,12,"B",1,6,"","3396_13_12B"
2023,13,3396,12,"B",2,5,"","3396_13_12B"
2023,13,3396,12,"B",3,7,"","3396_13_12B"
2023,13,3389,12,"F",1,8,"tag is 3481","3389_13_12F"
2023,13,3389,12,"F",2,6,"tag is 3481","3389_13_12F"
2023,13,3389,12,"F",3,5,"tag is 3481","3389_13_12F"
2023,13,3389,12,"F",3,6,"tag is 3481","3389_13_12F"
2023,13,3108,12,"G",1,2.5,"","3108_13_12G"
2023,13,3108,12,"G",2,7,"","3108_13_12G"
2023,13,3167,12,"G",1,NA,"","3167_13_12G"
2023,13,3167,12,"G",2,5,"","3167_13_12G"
2023,13,3997,12,"G",1,3,"","3997_13_12G"
2023,13,3997,12,"G",2,3,"","3997_13_12G"
2023,13,3997,12,"G",3,4,"","3997_13_12G"
2023,13,3620,12,"J",1,2.5,"","3620_13_12J"
2023,13,3620,12,"J",2,6,"","3620_13_12J"
2023,13,3620,12,"J",3,6,"","3620_13_12J"
2023,13,3128,13,"H",1,4,"","3128_13_13H"
2023,13,3128,13,"H",2,4,"","3128_13_13H"
2023,13,3675,13,"I",1,4,"","3675_13_13I"
2023,13,3675,13,"I",2,4,"","3675_13_13I"
2023,13,3675,13,"I",3,5,"","3675_13_13I"
2023,13,3675,13,"I",4,5,"","3675_13_13I"
2023,13,3373,13,"J",1,5,"","3373_13_13J"
2023,13,3373,13,"J",2,4,"","3373_13_13J"
2023,13,3136,14,"A",1,4,"","3136_13_14A"
2023,13,3136,14,"A",2,1.5,"","3136_13_14A"
2023,13,3500,14,"C",1,4.5,"","3500_13_14C"
2023,13,3500,14,"C",2,2.5,"","3500_13_14C"
2023,13,3724,14,"C",1,7,"","3724_13_14C"
2023,13,3724,14,"C",2,3,"","3724_13_14C"
2023,13,3515,14,"G",1,5.5,"","3515_13_14G"
2023,13,3515,14,"G",2,6,"","3515_13_14G"
2023,13,3515,14,"G",3,4.5,"","3515_13_14G"
2023,13,3515,14,"G",4,4,"","3515_13_14G"
2023,13,3515,14,"G",5,2,"","3515_13_14G"
2023,13,3705,14,"H",1,5,"","3705_13_14H"
2023,13,3705,14,"H",2,2,"","3705_13_14H"
2023,13,3705,14,"H",3,0.5,"","3705_13_14H"
2023,13,3179,15,"B",1,4,"","3179_13_15B"
2023,13,3179,15,"B",2,3,"","3179_13_15B"
2023,13,3491,15,"E",1,8,"","3491_13_15E"
2023,13,3491,15,"E",2,3,"","3491_13_15E"
2023,13,3491,15,"E",3,3,"","3491_13_15E"
2023,13,3605,15,"F",1,7.5,"","3605_13_15F"
2023,13,3605,15,"F",2,3,"","3605_13_15F"
2023,13,3605,15,"F",3,4,"","3605_13_15F"
2023,13,3853,16,"A",1,4.5,"","3853_13_16A"
2023,13,3853,16,"A",2,3.5,"","3853_13_16A"
2023,13,3853,16,"A",3,2.5,"","3853_13_16A"
2023,13,3853,16,"A",4,4.5,"","3853_13_16A"
2023,13,3853,16,"A",5,1,"","3853_13_16A"
2023,13,3478,16,"B",1,4,"","3478_13_16B"
2023,13,3478,16,"B",2,3.5,"","3478_13_16B"
2023,13,3494,16,"D",1,8,"","3494_13_16D"
2023,13,3494,16,"D",2,5,"","3494_13_16D"
2023,13,3494,16,"D",3,NA,"","3494_13_16D"
2023,13,3376,16,"F",1,7,"","3376_13_16F"
2023,13,3376,16,"F",2,6,"","3376_13_16F"
2023,13,3376,16,"F",3,6,"","3376_13_16F"
2023,13,3376,16,"F",4,5,"","3376_13_16F"
2023,13,3357,16,"J",1,5.5,"","3357_13_16J"
2023,13,3357,16,"J",2,3.5,"","3357_13_16J"
2023,13,3497,17,"C",1,6.5,"","3497_13_17C"
2023,13,3497,17,"C",2,4.5,"","3497_13_17C"
2023,13,3628,17,"D",1,5,"","3628_13_17D"
2023,13,3628,17,"D",2,5,"","3628_13_17D"
2023,13,3628,17,"D",3,2,"","3628_13_17D"
2023,13,3397,17,"G",1,5,"","3397_13_17G"
2023,13,3397,17,"G",2,3,"","3397_13_17G"
2023,13,3397,17,"G",3,1.5,"","3397_13_17G"
2023,13,3180,17,"H",1,4,"","3180_13_17H"
2023,13,3180,17,"H",2,3,"","3180_13_17H"
2023,13,3180,17,"H",3,4,"","3180_13_17H"
2023,13,3377,18,"D",1,7.5,"","3377_13_18D"
2023,13,3377,18,"D",2,3.5,"","3377_13_18D"
2023,13,3383,18,"I",1,6.5,"","3383_13_18I"
2023,13,3383,18,"I",2,3.5,"","3383_13_18I"
2023,13,3383,18,"I",3,3.5,"","3383_13_18I"
2023,13,3781,19,"C",1,6,"","3781_13_19C"
2023,13,3781,19,"C",2,3,"","3781_13_19C"
2023,13,3061,19,"E",1,5,"","3061_13_19E"
2023,13,3061,19,"E",2,3,"","3061_13_19E"
2023,13,3061,19,"E",3,3.5,"","3061_13_19E"
2023,13,3565,19,"F",1,3,"","3565_13_19F"
2023,13,3565,19,"F",2,5.5,"","3565_13_19F"
2023,13,3565,19,"F",3,5,"","3565_13_19F"
2023,13,3617,19,"G",1,10,"","3617_13_19G"
2023,13,3617,19,"G",2,2,"","3617_13_19G"
2023,14,3699,0,"E",1,10,"","3699_14_0E"
2023,14,3699,0,"E",2,7,"","3699_14_0E"
2023,14,3459,1,"A",1,4.5,"","3459_14_1A"
2023,14,3459,1,"A",2,2.5,"","3459_14_1A"
2023,14,3495,1,"A",1,6,"","3495_14_1A"
2023,14,3495,1,"A",2,4,"","3495_14_1A"
2023,14,3431,1,"F",1,4.5,"","3431_14_1F"
2023,14,3431,1,"F",2,NA,"","3431_14_1F"
2023,14,3058,2,"A",1,NA,"tracking phen, but whether this was eaten or dead was not recorded","3058_14_2A"
2023,14,3058,2,"A",2,NA,"tracking phen, but whether this was eaten or dead was not recorded","3058_14_2A"
2023,14,3379,2,"A",1,3,"","3379_14_2A"
2023,14,3379,2,"A",2,3,"","3379_14_2A"
2023,14,3432,2,"J",1,6.5,"","3432_14_2J"
2023,14,3432,2,"J",2,NA,"","3432_14_2J"
2023,14,3469,3,"A",1,3.5,"","3469_14_3A"
2023,14,3469,3,"A",2,3.5,"","3469_14_3A"
2023,14,3469,3,"A",3,NA,"","3469_14_3A"
2023,14,3469,3,"A",4,NA,"","3469_14_3A"
2023,14,3776,3,"J",1,6,"","3776_14_3J"
2023,14,3776,3,"J",2,10,"","3776_14_3J"
2023,14,3158,4,"C",1,5,"","3158_14_4C"
2023,14,3158,4,"C",2,4.5,"","3158_14_4C"
2023,14,3158,4,"C",3,NA,"tracking phen, but whether this was eaten or dead was not recorded","3158_14_4C"
2023,14,3671,5,"C",1,5,"","3671_14_5C"
2023,14,3671,5,"C",2,4,"","3671_14_5C"
2023,14,3671,5,"C",3,5,"","3671_14_5C"
2023,14,3926,5,"D",1,5,"","3926_14_5D"
2023,14,3926,5,"D",2,5,"","3926_14_5D"
2023,14,3926,5,"D",3,3,"","3926_14_5D"
2023,14,3926,5,"D",4,NA,"tracking phen, but whether this was eaten or dead was not recorded","3926_14_5D"
2023,14,3913,5,"E",1,4,"","3913_14_5E"
2023,14,3913,5,"E",2,3.5,"","3913_14_5E"
2023,14,3913,5,"E",3,5,"","3913_14_5E"
2023,14,3430,6,"B",1,8,"","3430_14_6B"
2023,14,3430,6,"B",2,4,"","3430_14_6B"
2023,14,3305,7,"B",1,6,"","3305_14_7B"
2023,14,3305,7,"B",2,3.5,"","3305_14_7B"
2023,14,3360,8,"D",1,11,"","3360_14_8D"
2023,14,3360,8,"D",2,9,"","3360_14_8D"
2023,14,3360,8,"D",3,NA,"","3360_14_8D"
2023,14,3086,9,"C",1,7.5,"","3086_14_9C"
2023,14,3086,9,"C",2,2,"","3086_14_9C"
2023,14,3366,9,"C",1,5.5,"","3366_14_9C"
2023,14,3366,9,"C",2,5.5,"","3366_14_9C"
2023,14,3682,10,"D",1,2.5,"","3682_14_10D"
2023,14,3682,10,"D",2,9.5,"","3682_14_10D"
2023,14,7576,12,"A",1,4.5,"","7576_14_12A"
2023,14,7576,12,"A",2,2.5,"","7576_14_12A"
2023,14,3526,14,"E",1,5.5,"","3526_14_14E"
2023,14,3526,14,"E",2,5,"","3526_14_14E"
2023,14,3838,14,"G",1,4,"","3838_14_14G"
2023,14,3838,14,"G",2,5,"","3838_14_14G"
2023,14,3367,15,"H",1,9.5,"","3367_14_15H"
2023,14,3367,15,"H",2,NA,"","3367_14_15H"
2023,14,3556,15,"H",1,2,"","3556_14_15H"
2023,14,3556,15,"H",2,7,"","3556_14_15H"
2023,15,3892,0,"B",1,7,"","3892_15_0B"
2023,15,3892,0,"B",2,4,"","3892_15_0B"
2023,15,3892,0,"B",3,4,"","3892_15_0B"
2023,15,3393,0,"J",1,NA,"","3393_15_0J"
2023,15,3393,0,"J",2,6,"","3393_15_0J"
2023,15,3393,0,"J",3,7,"","3393_15_0J"
2023,15,3818,1,"A",1,5,"","3818_15_1A"
2023,15,3818,1,"A",2,5,"","3818_15_1A"
2023,15,3818,1,"A",3,4,"","3818_15_1A"
2023,15,3818,1,"A",4,4,"","3818_15_1A"
2023,15,3818,1,"A",5,NA,"","3818_15_1A"
2023,15,3063,1,"J",1,NA,"","3063_15_1J"
2023,15,3063,1,"J",2,3,"","3063_15_1J"
2023,15,3426,1,"J",1,3,"","3426_15_1J"
2023,15,3426,1,"J",2,4,"","3426_15_1J"
2023,15,3426,1,"J",3,3.5,"","3426_15_1J"
2023,15,3427,1,"J",1,NA,"","3427_15_1J"
2023,15,3427,1,"J",2,6,"","3427_15_1J"
2023,15,3427,1,"J",3,4.5,"","3427_15_1J"
2023,15,3065,2,"F",1,5,"","3065_15_2F"
2023,15,3065,2,"F",2,4,"","3065_15_2F"
2023,15,3065,2,"F",3,4,"","3065_15_2F"
2023,15,3065,2,"F",4,4,"","3065_15_2F"
2023,15,3065,2,"F",5,NA,"","3065_15_2F"
2023,15,3065,2,"F",6,4.5,"","3065_15_2F"
2023,15,3423,2,"I",1,6,"","3423_15_2I"
2023,15,3423,2,"I",2,7,"","3423_15_2I"
2023,15,3882,2,"I",1,5.5,"","3882_15_2I"
2023,15,3882,2,"I",2,4,"","3882_15_2I"
2023,15,3882,2,"I",3,6,"","3882_15_2I"
2023,15,3882,2,"I",4,3,"","3882_15_2I"
2023,15,3485,3,"A",1,6,"","3485_15_3A"
2023,15,3485,3,"A",2,6,"","3485_15_3A"
2023,15,3485,3,"A",3,6,"","3485_15_3A"
2023,15,3485,3,"A",4,4,"","3485_15_3A"
2023,15,3485,3,"A",5,5,"","3485_15_3A"
2023,15,3485,3,"A",6,6,"","3485_15_3A"
2023,15,3485,3,"A",7,4,"","3485_15_3A"
2023,15,3341,3,"H",1,5,"","3341_15_3H"
2023,15,3341,3,"H",2,4,"","3341_15_3H"
2023,15,3341,3,"H",3,7,"","3341_15_3H"
2023,15,3341,3,"H",4,4,"","3341_15_3H"
2023,15,3341,3,"H",5,7,"","3341_15_3H"
2023,15,3052,3,"J",1,5,"","3052_15_3J"
2023,15,3052,3,"J",2,5.5,"","3052_15_3J"
2023,15,3052,3,"J",3,7,"","3052_15_3J"
2023,15,3052,3,"J",4,NA,"","3052_15_3J"
2023,15,3659,4,"C",1,6,"","3659_15_4C"
2023,15,3659,4,"C",2,5,"","3659_15_4C"
2023,15,3659,4,"C",3,4,"","3659_15_4C"
2023,15,3659,4,"C",4,4,"","3659_15_4C"
2023,15,3659,4,"C",5,7,"","3659_15_4C"
2023,15,3659,4,"C",6,5,"","3659_15_4C"
2023,15,3881,5,"E",1,5,"","3881_15_5E"
2023,15,3881,5,"E",2,2,"","3881_15_5E"
2023,15,7598,6,"A",1,6,"","7598_15_6A"
2023,15,7598,6,"A",2,5,"","7598_15_6A"
2023,15,3177,6,"G",1,10,"","3177_15_6G"
2023,15,3177,6,"G",2,7,"","3177_15_6G"
2023,15,3177,6,"G",3,NA,"","3177_15_6G"
2023,15,3068,6,"I",1,6,"","3068_15_6I"
2023,15,3068,6,"I",2,8,"","3068_15_6I"
2023,15,3068,6,"I",3,NA,"","3068_15_6I"
2023,15,3417,6,"I",1,4,"","3417_15_6I"
2023,15,3417,6,"I",2,6,"","3417_15_6I"
2023,15,3417,6,"I",3,5,"","3417_15_6I"
2023,15,3417,6,"I",4,3,"","3417_15_6I"
2023,15,3095,6,"J",1,4,"","3095_15_6J"
2023,15,3095,6,"J",2,3,"","3095_15_6J"
2023,15,3095,6,"J",3,3,"","3095_15_6J"
2023,15,3095,6,"J",4,7,"","3095_15_6J"
2023,15,3095,6,"J",5,NA,"","3095_15_6J"
2023,15,3472,6,"J",1,3,"","3472_15_6J"
2023,15,3472,6,"J",2,3,"","3472_15_6J"
2023,15,3472,6,"J",3,4,"","3472_15_6J"
2023,15,3472,6,"J",4,NA,"","3472_15_6J"
2023,15,3472,6,"J",5,NA,"","3472_15_6J"
2023,15,7593,7,"A",1,5,"","7593_15_7A"
2023,15,7593,7,"A",2,5,"","7593_15_7A"
2023,15,3017,7,"G",1,NA,"","3017_15_7G"
2023,15,3017,7,"G",2,4,"","3017_15_7G"
2023,15,3017,7,"G",3,3,"","3017_15_7G"
2023,15,3458,8,"I",1,3,"","3458_15_8I"
2023,15,3458,8,"I",2,5,"","3458_15_8I"
2023,15,3863,8,"I",1,4,"","3863_15_8I"
2023,15,3863,8,"I",2,5,"","3863_15_8I"
2023,15,3863,8,"I",3,2.5,"","3863_15_8I"
2023,15,3404,9,"G",1,5,"","3404_15_9G"
2023,15,3404,9,"G",2,2,"","3404_15_9G"
2023,15,3404,9,"G",3,5,"","3404_15_9G"
2023,15,3404,9,"G",4,3,"","3404_15_9G"
2023,15,3014,9,"I",1,4,"","3014_15_9I"
2023,15,3014,9,"I",2,1,"","3014_15_9I"
2023,15,3014,9,"I",3,4,"","3014_15_9I"
2023,15,3014,9,"I",4,2,"","3014_15_9I"
2023,15,3014,9,"I",5,2,"","3014_15_9I"
2023,15,3673,10,"A",1,6,"","3673_15_10A"
2023,15,3673,10,"A",2,7,"","3673_15_10A"
2023,15,3500,10,"D",1,NA,"","3500_15_10D"
2023,15,3500,10,"D",2,6,"","3500_15_10D"
2023,15,3500,10,"D",3,8,"","3500_15_10D"
2023,15,3500,10,"D",4,10,"","3500_15_10D"
2023,15,3354,11,"B",1,NA,"","3354_15_11B"
2023,15,3354,11,"B",2,NA,"","3354_15_11B"
2023,15,3354,11,"B",3,NA,"","3354_15_11B"
2023,15,3354,11,"B",4,NA,"","3354_15_11B"
2023,15,3354,11,"B",5,4,"","3354_15_11B"
2023,15,3354,11,"B",6,4,"","3354_15_11B"
2023,15,3354,11,"B",7,5,"","3354_15_11B"
2023,15,3354,11,"B",8,8,"","3354_15_11B"
2023,15,3354,11,"B",9,3,"","3354_15_11B"
2023,15,3354,11,"B",10,5,"","3354_15_11B"
2023,15,3354,11,"B",11,3,"","3354_15_11B"
2023,15,3397,11,"F",1,7.5,"","3397_15_11F"
2023,15,3397,11,"F",2,2,"","3397_15_11F"
2023,15,3490,12,"C",1,NA,"","3490_15_12C"
2023,15,3490,12,"C",2,3,"","3490_15_12C"
2023,15,3490,12,"C",3,2,"","3490_15_12C"
2023,15,3612,12,"E",1,4,"","3612_15_12E"
2023,15,3612,12,"E",2,4,"","3612_15_12E"
2023,15,3612,12,"E",3,4,"","3612_15_12E"
2023,15,3737,12,"E",1,5,"","3737_15_12E"
2023,15,3737,12,"E",2,3,"","3737_15_12E"
2023,15,3401,12,"G",1,1.5,"","3401_15_12G"
2023,15,3401,12,"G",2,6.5,"","3401_15_12G"
2023,15,3401,12,"G",3,4,"","3401_15_12G"
2023,15,3401,12,"G",4,1,"","3401_15_12G"
2023,15,3401,12,"G",5,4,"","3401_15_12G"
2023,15,3401,12,"G",6,5,"","3401_15_12G"
2023,15,3401,12,"G",7,NA,"","3401_15_12G"
2023,15,3706,13,"H",1,NA,"","3706_15_13H"
2023,15,3706,13,"H",2,12,"","3706_15_13H"
2023,15,3736,14,"B",1,NA,"","3736_15_14B"
2023,15,3736,14,"B",2,6,"","3736_15_14B"
2023,15,3736,14,"B",3,5,"","3736_15_14B"
2023,15,3736,14,"B",4,7,"","3736_15_14B"
2023,15,3736,14,"B",5,7,"","3736_15_14B"
2023,15,3736,14,"B",6,1,"","3736_15_14B"
2023,15,3831,14,"B",1,NA,"","3831_15_14B"
2023,15,3831,14,"B",2,6,"","3831_15_14B"
2023,15,3831,14,"B",3,5,"","3831_15_14B"
2023,15,3831,14,"B",4,6,"","3831_15_14B"
2023,15,3831,14,"B",5,4,"","3831_15_14B"
2023,15,3371,14,"C",1,6,"","3371_15_14C"
2023,15,3371,14,"C",2,4,"","3371_15_14C"
2023,15,3371,14,"C",3,6,"","3371_15_14C"
2023,15,3493,14,"E",1,9,"","3493_15_14E"
2023,15,3493,14,"E",2,6,"","3493_15_14E"
2023,15,3493,14,"E",3,8,"","3493_15_14E"
2023,15,3493,14,"E",4,5,"","3493_15_14E"
2023,15,3493,14,"E",5,4,"","3493_15_14E"
2023,15,3493,14,"E",6,2,"","3493_15_14E"
2023,15,3493,14,"E",7,NA,"","3493_15_14E"
2023,15,3377,14,"G",1,6,"","3377_15_14G"
2023,15,3377,14,"G",2,5,"","3377_15_14G"
2023,15,3377,14,"G",3,5,"","3377_15_14G"
2023,15,3377,14,"G",4,5,"","3377_15_14G"
2023,15,3047,14,"J",1,2,"","3047_15_14J"
2023,15,3047,14,"J",2,4,"","3047_15_14J"
2023,15,3047,14,"J",3,4,"","3047_15_14J"
2023,15,3868,15,"A",1,6,"not tracking phenology","3868_15_15A"
2023,15,3868,15,"A",2,6,"not tracking phenology","3868_15_15A"
2023,15,3868,15,"A",3,6,"not tracking phenology","3868_15_15A"
2023,15,3455,15,"C",1,NA,"","3455_15_15C"
2023,15,3455,15,"C",2,7,"","3455_15_15C"
2023,15,3481,15,"H",1,0.5,"","3481_15_15H"
2023,15,3481,15,"H",2,NA,"not sure what note for this one says!","3481_15_15H"
2023,15,3481,15,"H",3,NA,"","3481_15_15H"
2023,15,3581,15,"I",1,4,"","3581_15_15I"
2023,15,3581,15,"I",2,5.5,"","3581_15_15I"
2023,15,3581,15,"I",3,3,"","3581_15_15I"
2023,15,3391,16,"A",1,NA,"","3391_15_16A"
2023,15,3391,16,"A",2,8,"","3391_15_16A"
2023,15,3116,16,"C",1,NA,"","3116_15_16C"
2023,15,3116,16,"C",2,NA,"","3116_15_16C"
2023,15,3116,16,"C",3,5,"","3116_15_16C"
2023,15,3116,16,"C",4,7,"","3116_15_16C"
2023,15,3116,16,"C",5,4,"","3116_15_16C"
2023,15,3116,16,"C",6,7,"","3116_15_16C"
2023,15,3116,16,"C",7,8,"","3116_15_16C"
2023,15,3116,16,"C",8,6,"","3116_15_16C"
2023,15,3116,16,"C",9,1,"","3116_15_16C"
2023,15,3498,16,"C",1,NA,"","3498_15_16C"
2023,15,3498,16,"C",2,NA,"","3498_15_16C"
2023,15,3395,16,"G",1,5,"","3395_15_16G"
2023,15,3395,16,"G",2,5,"","3395_15_16G"
2023,15,3395,16,"G",3,5,"","3395_15_16G"
2023,15,3686,16,"H",1,5.5,"","3686_15_16H"
2023,15,3686,16,"H",2,7.5,"","3686_15_16H"
2023,15,3686,16,"H",3,4.5,"","3686_15_16H"
2023,15,3686,16,"H",4,4,"","3686_15_16H"
2023,15,3482,16,"J",1,3.5,"","3482_15_16J"
2023,15,3482,16,"J",2,3,"","3482_15_16J"
2023,15,3482,16,"J",3,NA,"","3482_15_16J"
2023,15,3491,17,"E",1,4,"","3491_15_17E"
2023,15,3491,17,"E",2,6,"","3491_15_17E"
2023,15,3491,17,"E",3,7,"","3491_15_17E"
2023,15,3738,17,"H",1,3.5,"","3738_15_17H"
2023,15,3738,17,"H",2,5,"","3738_15_17H"
2023,15,3738,17,"H",3,5,"data entry note: think it says dead","3738_15_17H"
2023,15,3457,18,"A",1,NA,"","3457_15_18A"
2023,15,3457,18,"A",2,5,"","3457_15_18A"
2023,15,3457,18,"A",3,3,"","3457_15_18A"
2023,15,3457,18,"A",4,3,"","3457_15_18A"
2023,15,3457,18,"A",5,4.5,"","3457_15_18A"
2023,15,3006,18,"B",1,10,"","3006_15_18B"
2023,15,3006,18,"B",2,2,"","3006_15_18B"
2023,15,3372,19,"C",1,5,"","3372_15_19C"
2023,15,3372,19,"C",2,7,"","3372_15_19C"
2023,15,3372,19,"C",3,3.5,"","3372_15_19C"
2023,15,3766,19,"D",1,NA,"","3766_15_19D"
2023,15,3766,19,"D",2,NA,"","3766_15_19D"
2023,15,3766,19,"D",3,5,"","3766_15_19D"
2023,15,3766,19,"D",4,5,"","3766_15_19D"
2023,15,3766,19,"D",5,5,"","3766_15_19D"
2023,3,7684,14,"A",1,NA,"","7684_3_14A"
2023,3,7684,14,"A",2,4.5,"","7684_3_14A"
2023,13,3355,16,"C",1,7,"","3355_13_16C"
2023,13,3355,16,"C",2,3,"","3355_13_16C"
2023,4,7696,0,"A",1,1.5,"","7696_4_0A"
2023,4,7696,0,"A",2,5,"","7696_4_0A"
2023,4,7696,0,"A",3,5,"","7696_4_0A"
2023,4,7696,0,"A",4,7.5,"","7696_4_0A"
