"year","plantid","survey.period","plot","tag","no.total","init.doy"
2021,"3151_1_8H",4,1,3151,1,124
2021,"3151_1_8H",5,1,3151,1,131
2021,"3195_1_16B",7,1,3195,1,145
2021,"3195_1_16B",6,1,3195,1,138
2021,"3195_1_16B",5,1,3195,1,131
2021,"3195_1_16B",4,1,3195,1,124
2021,"3365_1_0J",6,1,3365,1,138
2021,"3410_1_4J",5,1,3410,1,131
2021,"3410_1_4J",4,1,3410,1,124
2021,"3418_1_18E",4,1,3418,1,124
2021,"3418_1_18E",6,1,3418,1,138
2021,"3418_1_18E",5,1,3418,1,131
2021,"3434_1_19F",5,1,3434,1,131
2021,"3434_1_19F",6,1,3434,1,138
2021,"3525_1_0E",4,1,3525,1,124
2021,"3525_1_0E",5,1,3525,1,131
2021,"3527_1_0H",5,1,3527,1,131
2021,"3543_1_2F",7,1,3543,1,145
2021,"3543_1_2F",6,1,3543,2,138
2021,"3543_1_2F",5,1,3543,1,131
2021,"3543_1_2F",4,1,3543,1,124
2021,"3567_1_3I",3,1,3567,1,117
2021,"3567_1_3I",6,1,3567,1,138
2021,"3567_1_3I",4,1,3567,1,124
2021,"3567_1_3I",5,1,3567,1,131
2021,"3583_1_1I",5,1,3583,1,131
2021,"3599_1_0I",6,1,3599,1,138
2021,"3599_1_0I",4,1,3599,1,124
2021,"3599_1_0I",5,1,3599,1,131
2021,"3608_1_3D",5,1,3608,1,131
2021,"3608_1_3D",7,1,3608,1,145
2021,"3608_1_3D",6,1,3608,1,138
2021,"3610_1_0C",6,1,3610,1,138
2021,"3610_1_0C",5,1,3610,3,131
2021,"3611_1_7I",5,1,3611,1,131
2021,"3611_1_7I",4,1,3611,1,124
2021,"3741_1_5I",4,1,3741,1,124
2021,"3741_1_5I",6,1,3741,1,138
2021,"3741_1_5I",5,1,3741,1,131
2021,"3779_1_14B",5,1,3779,1,131
2021,"3779_1_14B",6,1,3779,1,138
2021,"3779_1_14B",7,1,3779,1,145
2021,"3782_1_0J",6,1,3782,2,138
2021,"3782_1_0J",4,1,3782,1,124
2021,"3782_1_0J",5,1,3782,1,131
2021,"3821_1_4A",5,1,3821,2,131
2021,"3821_1_4A",6,1,3821,1,138
2021,"3053_2_14B",4,2,3053,1,124
2021,"3156_2_11E",4,2,3156,1,124
2021,"3156_2_11E",3,2,3156,1,117
2021,"3156_2_11E",5,2,3156,1,131
2021,"3157_2_18E",6,2,3157,1,138
2021,"3157_2_18E",5,2,3157,1,131
2021,"3159_2_13H",3,2,3159,1,117
2021,"3159_2_13H",5,2,3159,1,131
2021,"3159_2_13H",4,2,3159,1,124
2021,"3163_2_11D",4,2,3163,1,124
2021,"3163_2_11D",7,2,3163,1,145
2021,"3163_2_11D",5,2,3163,1,131
2021,"3164_2_14B",3,2,3164,1,117
2021,"3164_2_14B",4,2,3164,1,124
2021,"3164_2_14B",5,2,3164,1,131
2021,"3166_2_12B",6,2,3166,1,138
2021,"3166_2_12B",5,2,3166,1,131
2021,"3167_2_15B",5,2,3167,2,131
2021,"3168_2_13J",3,2,3168,1,117
2021,"3168_2_13J",4,2,3168,1,124
2021,"3168_2_13J",5,2,3168,1,131
2021,"3172_2_17A",3,2,3172,1,117
2021,"3175_2_15A",4,2,3175,1,124
2021,"3175_2_15A",5,2,3175,1,131
2021,"3184_2_9G",5,2,3184,1,131
2021,"3185_2_19B",5,2,3185,1,131
2021,"3186_2_18D",6,2,3186,1,138
2021,"3352_2_19H",4,2,3352,1,124
2021,"3352_2_19H",6,2,3352,2,138
2021,"3352_2_19H",7,2,3352,1,145
2021,"3352_2_19H",5,2,3352,1,131
2021,"3502_2_8B",4,2,3502,1,124
2021,"3502_2_8B",5,2,3502,1,131
2021,"3519_2_9G",4,2,3519,1,124
2021,"3519_2_9G",5,2,3519,1,131
2021,"3523_2_2D",4,2,3523,1,124
2021,"3523_2_2D",5,2,3523,1,131
2021,"3531_2_9B",5,2,3531,1,131
2021,"3531_2_9B",7,2,3531,1,145
2021,"3531_2_9B",4,2,3531,1,124
2021,"3531_2_9B",6,2,3531,1,138
2021,"3539_2_6D",5,2,3539,1,131
2021,"3550_2_9I",5,2,3550,1,131
2021,"3550_2_9I",4,2,3550,1,124
2021,"3550_2_9I",6,2,3550,1,138
2021,"3584_2_7F",5,2,3584,1,131
2021,"3584_2_7F",6,2,3584,1,138
2021,"3585_2_3C",5,2,3585,1,131
2021,"3597_2_7H",3,2,3597,1,117
2021,"3597_2_7H",4,2,3597,1,124
2021,"3597_2_7H",5,2,3597,1,131
2021,"3602_2_2B",5,2,3602,1,131
2021,"3602_2_2B",4,2,3602,1,124
2021,"3703_2_7C",5,2,3703,1,131
2021,"3751_2_8A",6,2,3751,1,138
2021,"3841_2_1C",5,2,3841,1,131
2021,"3965_2_11A",3,2,3965,1,117
2021,"3965_2_11A",6,2,3965,1,138
2021,"3304_3_3B",4,3,3304,1,124
2021,"3304_3_3B",5,3,3304,1,131
2021,"3349_3_1F",4,3,3349,1,124
2021,"3349_3_1F",5,3,3349,1,131
2021,"3759_3_15B",3,3,3759,1,117
2021,"3759_3_15B",4,3,3759,1,124
2021,"3797_3_4I",5,3,3797,1,131
2021,"3797_3_4I",6,3,3797,1,138
2021,"2230_4_10J",7,4,2230,1,145
2021,"2230_4_10J",8,4,2230,1,152
2021,"2230_4_10J",5,4,2230,2,131
2021,"2230_4_10J",6,4,2230,2,138
2021,"2230_4_10J",9,4,2230,1,159
2021,"2230_4_10J",10,4,2230,1,166
2021,"2230_4_10J",4,4,2230,1,124
2021,"3064_4_1H",7,4,3064,1,145
2021,"3064_4_1H",9,4,3064,1,159
2021,"3064_4_1H",8,4,3064,1,152
2021,"3064_4_1H",6,4,3064,1,138
2021,"3064_4_1H",10,4,3064,1,166
2021,"3064_4_1H",5,4,3064,1,131
2021,"3090_4_18P",6,4,3090,1,138
2021,"3090_4_18P",5,4,3090,2,131
2021,"3122_4_8J",6,4,3122,1,138
2021,"3182_4_16H",8,4,3182,1,152
2021,"3182_4_16H",7,4,3182,1,145
2021,"3182_4_16H",4,4,3182,1,124
2021,"3182_4_16H",6,4,3182,1,138
2021,"3182_4_16H",5,4,3182,1,131
2021,"3182_4_16H",9,4,3182,1,159
2021,"3182_4_16H",10,4,3182,1,166
2021,"3321_4_16L",3,4,3321,1,117
2021,"3321_4_16L",5,4,3321,3,131
2021,"3321_4_16L",4,4,3321,2,124
2021,"3321_4_16L",6,4,3321,1,138
2021,"3460_4_3J",6,4,3460,1,138
2021,"3555_4_11T",6,4,3555,1,138
2021,"3555_4_11T",5,4,3555,1,131
2021,"3555_4_11T",7,4,3555,1,145
2021,"3634_4_18O",5,4,3634,1,131
2021,"3730_4_0I",5,4,3730,1,131
2021,"3730_4_0I",6,4,3730,1,138
2021,"3732_4_16M",6,4,3732,1,138
2021,"3732_4_16M",5,4,3732,1,131
2021,"3735_4_16M",6,4,3735,1,138
2021,"3735_4_16M",5,4,3735,1,131
2021,"3750_4_12P",9,4,3750,1,159
2021,"3750_4_12P",4,4,3750,1,124
2021,"3750_4_12P",3,4,3750,1,117
2021,"3750_4_12P",10,4,3750,1,166
2021,"3750_4_12P",6,4,3750,1,138
2021,"3750_4_12P",5,4,3750,1,131
2021,"3750_4_12P",7,4,3750,1,145
2021,"3750_4_12P",8,4,3750,1,152
2021,"3067_5_16F",3,5,3067,1,117
2021,"3067_5_16F",4,5,3067,1,124
2021,"3093_5_14A",4,5,3093,1,124
2021,"3124_5_16D",4,5,3124,1,124
2021,"3124_5_16D",3,5,3124,1,117
2021,"3127_5_16B",2,5,3127,1,110
2021,"3127_5_16B",3,5,3127,1,117
2021,"3127_5_16B",4,5,3127,1,124
2021,"3135_5_18D",4,5,3135,1,124
2021,"3135_5_18D",3,5,3135,1,117
2021,"3144_5_14J",3,5,3144,1,117
2021,"3144_5_14J",4,5,3144,1,124
2021,"3197_5_3A",5,5,3197,2,131
2021,"3197_5_3A",4,5,3197,1,124
2021,"3200_5_4F",4,5,3200,1,124
2021,"3200_5_4F",3,5,3200,1,117
2021,"3470_5_13I",3,5,3470,1,117
2021,"3470_5_13I",4,5,3470,1,124
2021,"3473_5_18G",4,5,3473,1,124
2021,"3476_5_12E",4,5,3476,1,124
2021,"3476_5_12E",3,5,3476,1,117
2021,"3488_5_13I",4,5,3488,1,124
2021,"3488_5_13I",3,5,3488,2,117
2021,"3488_5_13I",5,5,3488,1,131
2021,"3488_5_13I",2,5,3488,1,110
2021,"3560_5_3B",5,5,3560,2,131
2021,"3560_5_3B",4,5,3560,1,124
2021,"3560_5_3B",6,5,3560,1,138
2021,"3560_5_3B",3,5,3560,1,117
2021,"3644_5_8H",3,5,3644,1,117
2021,"3644_5_8H",4,5,3644,1,124
2021,"3649_5_11A",4,5,3649,1,124
2021,"3833_5_16B",3,5,3833,1,117
2021,"3833_5_16B",4,5,3833,1,124
2021,"5021_5_6E",4,5,5021,1,124
2021,"5021_5_6E",3,5,5021,1,117
2021,"5045_5_13C",4,5,5045,1,124
2021,"5045_5_13C",5,5,5045,1,131
2021,"3070_6_4G",3,6,3070,1,117
2021,"3070_6_4G",4,6,3070,1,124
2021,"3070_6_4G",5,6,3070,1,131
2021,"3070_6_4G",6,6,3070,2,138
2021,"3070_6_4G",7,6,3070,1,145
2021,"3136_6_16B",3,6,3136,1,117
2021,"3136_6_16B",5,6,3136,1,131
2021,"3136_6_16B",6,6,3136,1,138
2021,"3136_6_16B",4,6,3136,1,124
2021,"3136_6_16B",7,6,3136,1,145
2021,"3140_6_18F",6,6,3140,1,138
2021,"3140_6_18F",8,6,3140,1,152
2021,"3140_6_18F",9,6,3140,1,159
2021,"3140_6_18F",7,6,3140,1,145
2021,"3140_6_18F",5,6,3140,1,131
2021,"3141_6_15E",6,6,3141,1,138
2021,"3141_6_15E",3,6,3141,1,117
2021,"3141_6_15E",5,6,3141,1,131
2021,"3141_6_15E",4,6,3141,2,124
2021,"3173_6_18F",6,6,3173,1,138
2021,"3173_6_18F",7,6,3173,1,145
2021,"3173_6_18F",9,6,3173,1,159
2021,"3173_6_18F",8,6,3173,1,152
2021,"3173_6_18F",5,6,3173,1,131
2021,"3319_6_11A",7,6,3319,2,145
2021,"3319_6_11A",5,6,3319,2,131
2021,"3319_6_11A",6,6,3319,2,138
2021,"3345_6_12D",3,6,3345,1,117
2021,"3345_6_12D",6,6,3345,3,138
2021,"3345_6_12D",4,6,3345,1,124
2021,"3345_6_12D",5,6,3345,3,131
2021,"3345_6_12D",7,6,3345,1,145
2021,"3358_6_12D",3,6,3358,1,117
2021,"3358_6_12D",6,6,3358,3,138
2021,"3358_6_12D",5,6,3358,2,131
2021,"3358_6_12D",4,6,3358,1,124
2021,"3358_6_12D",7,6,3358,1,145
2021,"3360_6_12C",5,6,3360,1,131
2021,"3360_6_12C",9,6,3360,1,159
2021,"3360_6_12C",8,6,3360,1,152
2021,"3360_6_12C",7,6,3360,1,145
2021,"3360_6_12C",6,6,3360,2,138
2021,"3372_6_14G",4,6,3372,1,124
2021,"3372_6_14G",7,6,3372,1,145
2021,"3400_6_8E",6,6,3400,1,138
2021,"3400_6_8E",7,6,3400,1,145
2021,"3400_6_8E",5,6,3400,1,131
2021,"3454_6_15H",5,6,3454,1,131
2021,"3454_6_15H",4,6,3454,1,124
2021,"3456_6_13B",5,6,3456,1,131
2021,"3456_6_13B",6,6,3456,1,138
2021,"3456_6_13B",4,6,3456,1,124
2021,"3466_6_19B",5,6,3466,1,131
2021,"3466_6_19B",3,6,3466,1,117
2021,"3466_6_19B",4,6,3466,1,124
2021,"3489_6_13B",6,6,3489,1,138
2021,"3489_6_13B",5,6,3489,1,131
2021,"3518_6_10I",7,6,3518,1,145
2021,"3518_6_10I",6,6,3518,1,138
2021,"3518_6_10I",3,6,3518,1,117
2021,"3518_6_10I",4,6,3518,1,124
2021,"3518_6_10I",5,6,3518,2,131
2021,"3630_6_16I",3,6,3630,1,117
2021,"3630_6_16I",4,6,3630,1,124
2021,"3630_6_16I",8,6,3630,1,152
2021,"3630_6_16I",9,6,3630,1,159
2021,"3630_6_16I",5,6,3630,1,131
2021,"3630_6_16I",7,6,3630,1,145
2021,"3630_6_16I",6,6,3630,1,138
2021,"3643_6_18H",5,6,3643,2,131
2021,"3643_6_18H",8,6,3643,1,152
2021,"3643_6_18H",9,6,3643,1,159
2021,"3643_6_18H",6,6,3643,2,138
2021,"3643_6_18H",7,6,3643,1,145
2021,"3643_6_18H",4,6,3643,2,124
2021,"3648_6_16F",5,6,3648,2,131
2021,"3648_6_16F",6,6,3648,2,138
2021,"3648_6_16F",4,6,3648,2,124
2021,"3669_6_14E",6,6,3669,2,138
2021,"3669_6_14E",7,6,3669,1,145
2021,"3669_6_14E",5,6,3669,1,131
2021,"3669_6_14E",4,6,3669,1,124
2021,"3725_6_15G",8,6,3725,1,152
2021,"3725_6_15G",5,6,3725,1,131
2021,"3725_6_15G",6,6,3725,1,138
2021,"3725_6_15G",7,6,3725,1,145
2021,"3729_6_19F",5,6,3729,1,131
2021,"3729_6_19F",9,6,3729,1,159
2021,"3729_6_19F",7,6,3729,2,145
2021,"3729_6_19F",8,6,3729,1,152
2021,"3729_6_19F",10,6,3729,1,166
2021,"3729_6_19F",6,6,3729,1,138
2021,"3733_6_15G",5,6,3733,1,131
2021,"3733_6_15G",6,6,3733,1,138
2021,"3743_6_18A",7,6,3743,1,145
2021,"3748_6_5E",4,6,3748,1,124
2021,"3748_6_5E",3,6,3748,1,117
2021,"3748_6_5E",6,6,3748,1,138
2021,"3748_6_5E",5,6,3748,1,131
2021,"3753_6_11A",6,6,3753,1,138
2021,"3753_6_11A",5,6,3753,1,131
2021,"3773_6_19F",5,6,3773,1,131
2021,"3773_6_19F",6,6,3773,1,138
2021,"3777_6_15G",5,6,3777,1,131
2021,"3777_6_15G",6,6,3777,1,138
2021,"3887_6_16D",6,6,3887,2,138
2021,"3887_6_16D",5,6,3887,1,131
2021,"3887_6_16D",7,6,3887,1,145
2021,"3918_6_7C",5,6,3918,1,131
2021,"3089_7_5I",4,7,3089,1,124
2021,"3089_7_5I",5,7,3089,1,131
2021,"3089_7_5I",3,7,3089,1,117
2021,"3298_7_9C",3,7,3298,1,117
2021,"3298_7_9C",5,7,3298,1,131
2021,"3298_7_9C",6,7,3298,2,138
2021,"3298_7_9C",4,7,3298,1,124
2021,"3450_7_4H",4,7,3450,1,124
2021,"3450_7_4H",3,7,3450,1,117
2021,"3450_7_4H",5,7,3450,1,131
2021,"3453_7_0C",3,7,3453,2,117
2021,"3453_7_0C",5,7,3453,2,131
2021,"3453_7_0C",4,7,3453,2,124
2021,"3866_7_10B",3,7,3866,1,117
2021,"3866_7_10B",4,7,3866,1,124
2021,"3866_7_10B",5,7,3866,1,131
2021,"3874_7_8C",3,7,3874,1,117
2021,"3994_7_9J",5,7,3994,2,131
2021,"3994_7_9J",4,7,3994,2,124
2021,"3994_7_9J",6,7,3994,2,138
2021,"5047_7_9B",5,7,5047,1,131
2021,"5047_7_9B",4,7,5047,1,124
2021,"3143_9_14T",4,9,3143,1,124
2021,"3143_9_14T",5,9,3143,1,131
2021,"3143_9_14T",7,9,3143,1,145
2021,"3143_9_14T",8,9,3143,1,152
2021,"3143_9_14T",9,9,3143,1,159
2021,"3190_10_1B",3,10,3190,1,117
2021,"3190_10_1B",4,10,3190,1,124
2021,"3190_10_1B",5,10,3190,1,131
2021,"3135_12_7G",3,12,3135,1,117
2021,"3135_12_7G",8,12,3135,1,152
2021,"3135_12_7G",5,12,3135,1,131
2021,"3135_12_7G",4,12,3135,1,124
2021,"3135_12_7G",7,12,3135,1,145
2021,"3536_12_18A",5,12,3536,1,131
2021,"3536_12_18A",7,12,3536,1,145
2021,"3536_12_18A",4,12,3536,1,124
2021,"3536_12_18A",3,12,3536,1,117
2021,"3536_12_18A",8,12,3536,1,152
2021,"3578_12_15A",4,12,3578,1,124
2021,"3578_12_15A",3,12,3578,1,117
2021,"3578_12_15A",5,12,3578,1,131
2021,"3578_12_15A",6,12,3578,1,138
2021,"3578_12_15A",8,12,3578,1,152
2021,"3578_12_15A",7,12,3578,1,145
2021,"3018_13_10G",6,13,3018,1,138
2021,"3018_13_10G",5,13,3018,1,131
2021,"3023_13_16G",6,13,3023,1,138
2021,"3023_13_16G",5,13,3023,1,131
2021,"3128_13_13H",7,13,3128,1,145
2021,"3128_13_13H",6,13,3128,1,138
2021,"3142_13_17A",6,13,3142,1,138
2021,"3142_13_17A",5,13,3142,1,131
2021,"3143_13_11A",5,13,3143,1,131
2021,"3143_13_11A",6,13,3143,1,138
2021,"3155_13_5A",6,13,3155,1,138
2021,"3187_13_1J",5,13,3187,1,131
2021,"3187_13_1J",4,13,3187,1,124
2021,"3357_13_16J",7,13,3357,1,145
2021,"3357_13_16J",6,13,3357,1,138
2021,"3373_13_13J",7,13,3373,1,145
2021,"3373_13_13J",6,13,3373,1,138
2021,"3376_13_16F",7,13,3376,1,145
2021,"3376_13_16F",6,13,3376,1,138
2021,"3382_13_5C",5,13,3382,1,131
2021,"3382_13_5C",6,13,3382,1,138
2021,"3382_13_5C",4,13,3382,1,124
2021,"3390_13_7G",6,13,3390,1,138
2021,"3396_13_12B",6,13,3396,2,138
2021,"3396_13_12B",5,13,3396,1,131
2021,"3396_13_12B",4,13,3396,1,124
2021,"3397_13_17G",7,13,3397,1,145
2021,"3397_13_17G",6,13,3397,1,138
2021,"3400_13_3H",6,13,3400,1,138
2021,"3400_13_3H",5,13,3400,1,131
2021,"3421_13_0C",4,13,3421,1,124
2021,"3421_13_0C",5,13,3421,1,131
2021,"3421_13_0C",6,13,3421,1,138
2021,"3428_13_0D",6,13,3428,1,138
2021,"3428_13_0D",5,13,3428,1,131
2021,"3428_13_4C",7,13,3428,1,145
2021,"3428_13_4C",6,13,3428,1,138
2021,"3428_13_4C",5,13,3428,1,131
2021,"3429_13_0D",4,13,3429,1,124
2021,"3429_13_0D",5,13,3429,1,131
2021,"3429_13_0D",6,13,3429,1,138
2021,"3433_13_3A",5,13,3433,1,131
2021,"3433_13_3A",4,13,3433,1,124
2021,"3481_13_12F",6,13,3481,1,138
2021,"3494_13_16D",6,13,3494,1,138
2021,"3494_13_16D",3,13,3494,1,117
2021,"3494_13_16D",5,13,3494,1,131
2021,"3494_13_16D",4,13,3494,1,124
2021,"3515_13_14G",6,13,3515,2,138
2021,"3515_13_14G",4,13,3515,2,124
2021,"3515_13_14G",5,13,3515,2,131
2021,"3595_13_2F",3,13,3595,1,117
2021,"3595_13_2F",4,13,3595,1,124
2021,"3605_13_15F",7,13,3605,1,145
2021,"3605_13_15F",6,13,3605,1,138
2021,"3616_13_10B",6,13,3616,1,138
2021,"3616_13_10B",5,13,3616,1,131
2021,"3616_13_10B",4,13,3616,1,124
2021,"3620_13_12J",5,13,3620,1,131
2021,"3620_13_12J",6,13,3620,1,138
2021,"3620_13_12J",4,13,3620,1,124
2021,"3628_13_17D",6,13,3628,1,138
2021,"3628_13_17D",7,13,3628,2,145
2021,"3642_13_10G",3,13,3642,1,117
2021,"3642_13_10G",5,13,3642,1,131
2021,"3642_13_10G",6,13,3642,1,138
2021,"3642_13_10G",4,13,3642,1,124
2021,"3675_13_13I",6,13,3675,1,138
2021,"3675_13_13I",5,13,3675,1,131
2021,"3675_13_13I",4,13,3675,1,124
2021,"3705_13_14H",8,13,3705,1,152
2021,"3726_13_0E",5,13,3726,1,131
2021,"3726_13_0E",4,13,3726,1,124
2021,"3756_13_12G",7,13,3756,1,145
2021,"3769_13_0G",7,13,3769,1,145
2021,"3769_13_0G",6,13,3769,1,138
2021,"3775_13_11G",7,13,3775,1,145
2021,"3775_13_11G",6,13,3775,1,138
2021,"3780_13_7J",6,13,3780,1,138
2021,"3826_13_5A",6,13,3826,1,138
2021,"3853_13_16A",5,13,3853,1,131
2021,"3853_13_16A",6,13,3853,1,138
2021,"3853_13_16A",7,13,3853,1,145
2021,"3978_13_2F",4,13,3978,1,124
2021,"3978_13_2F",6,13,3978,1,138
2021,"3978_13_2F",5,13,3978,1,131
2021,"3149_14_29A",5,14,3149,1,131
2021,"3149_14_29A",6,14,3149,1,138
2021,"3305_14_7B",6,14,3305,1,138
2021,"3305_14_7B",5,14,3305,1,131
2021,"3360_14_8D",6,14,3360,1,138
2021,"3360_14_8D",5,14,3360,1,131
2021,"3363_14_15H",3,14,3363,1,117
2021,"3363_14_15H",6,14,3363,2,138
2021,"3363_14_15H",4,14,3363,2,124
2021,"3363_14_15H",5,14,3363,2,131
2021,"3432_14_2J",4,14,3432,1,124
2021,"3432_14_2J",5,14,3432,1,131
2021,"3432_14_2J",6,14,3432,1,138
2021,"3556_14_15H",3,14,3556,1,117
2021,"3556_14_15H",4,14,3556,2,124
2021,"3556_14_15H",5,14,3556,2,131
2021,"3607_14_10D",6,14,3607,1,138
2021,"3607_14_10D",7,14,3607,1,145
2021,"3661_14_7I",3,14,3661,1,117
2021,"3661_14_7I",4,14,3661,1,124
2021,"3661_14_7I",5,14,3661,1,131
2021,"3014_15_9I",6,15,3014,1,138
2021,"3014_15_9I",5,15,3014,1,131
2021,"3047_15_14J",6,15,3047,1,138
2021,"3047_15_14J",5,15,3047,2,131
2021,"3047_15_14J",4,15,3047,2,124
2021,"3047_15_14J",3,15,3047,1,117
2021,"3047_15_14J",2,15,3047,1,110
2021,"3052_15_3J",5,15,3052,1,131
2021,"3065_15_2F",4,15,3065,3,124
2021,"3065_15_2F",6,15,3065,1,138
2021,"3065_15_2F",7,15,3065,1,145
2021,"3065_15_2F",3,15,3065,1,117
2021,"3065_15_2F",5,15,3065,3,131
2021,"3068_15_6I",4,15,3068,1,124
2021,"3068_15_6I",6,15,3068,1,138
2021,"3068_15_6I",5,15,3068,1,131
2021,"3076_15_13H",5,15,3076,1,131
2021,"3076_15_13H",4,15,3076,1,124
2021,"3076_15_13H",3,15,3076,1,117
2021,"3083_15_7I",6,15,3083,1,138
2021,"3083_15_7I",5,15,3083,1,131
2021,"3083_15_7I",4,15,3083,1,124
2021,"3095_15_6J",4,15,3095,1,124
2021,"3095_15_6J",5,15,3095,2,131
2021,"3116_15_16C",3,15,3116,1,117
2021,"3116_15_16C",4,15,3116,3,124
2021,"3116_15_16C",5,15,3116,3,131
2021,"3297_15_12I",3,15,3297,1,117
2021,"3297_15_12I",5,15,3297,1,131
2021,"3297_15_12I",4,15,3297,1,124
2021,"3297_15_12I",6,15,3297,1,138
2021,"3341_15_3H",3,15,3341,1,117
2021,"3341_15_3H",4,15,3341,2,124
2021,"3341_15_3H",5,15,3341,2,131
2021,"3354_15_11B",3,15,3354,1,117
2021,"3371_15_14C",4,15,3371,1,124
2021,"3371_15_14C",5,15,3371,1,131
2021,"3372_15_19C",2,15,3372,1,110
2021,"3372_15_19C",5,15,3372,2,131
2021,"3372_15_19C",3,15,3372,1,117
2021,"3372_15_19C",4,15,3372,1,124
2021,"3372_15_19C",6,15,3372,1,138
2021,"3377_15_14G",2,15,3377,1,110
2021,"3377_15_14G",3,15,3377,1,117
2021,"3377_15_14G",4,15,3377,1,124
2021,"3391_15_16A",4,15,3391,1,124
2021,"3391_15_16A",3,15,3391,1,117
2021,"3391_15_16A",5,15,3391,1,131
2021,"3393_15_0J",6,15,3393,1,138
2021,"3393_15_0J",4,15,3393,1,124
2021,"3393_15_0J",5,15,3393,1,131
2021,"3395_15_16G",4,15,3395,1,124
2021,"3395_15_16G",5,15,3395,1,131
2021,"3397_15_11F",4,15,3397,1,124
2021,"3397_15_11F",5,15,3397,1,131
2021,"3417_15_6I",3,15,3417,1,117
2021,"3417_15_6I",5,15,3417,1,131
2021,"3417_15_6I",4,15,3417,1,124
2021,"3423_15_2I",5,15,3423,1,131
2021,"3423_15_2I",6,15,3423,1,138
2021,"3427_15_1J",3,15,3427,1,117
2021,"3427_15_1J",4,15,3427,1,124
2021,"3427_15_1J",5,15,3427,1,131
2021,"3436_15_12H",5,15,3436,1,131
2021,"3436_15_12H",6,15,3436,1,138
2021,"3455_15_15C",3,15,3455,1,117
2021,"3455_15_15C",4,15,3455,1,124
2021,"3455_15_15C",5,15,3455,1,131
2021,"3479_15_5F",5,15,3479,1,131
2021,"3479_15_5F",6,15,3479,1,138
2021,"3481_15_15H",4,15,3481,1,124
2021,"3481_15_15H",5,15,3481,1,131
2021,"3481_15_15H",3,15,3481,1,117
2021,"3489_15_14G",5,15,3489,1,131
2021,"3489_15_14G",4,15,3489,1,124
2021,"3490_15_12C",2,15,3490,1,110
2021,"3491_15_17E",4,15,3491,1,124
2021,"3491_15_17E",5,15,3491,1,131
2021,"3491_15_17E",3,15,3491,1,117
2021,"3500_15_10D",3,15,3500,1,117
2021,"3500_15_10D",5,15,3500,1,131
2021,"3500_15_10D",4,15,3500,1,124
2021,"3581_15_15I",4,15,3581,2,124
2021,"3581_15_15I",5,15,3581,2,131
2021,"3581_15_15I",6,15,3581,2,138
2021,"3612_15_12E",4,15,3612,1,124
2021,"3612_15_12E",5,15,3612,1,131
2021,"3659_15_4C",3,15,3659,1,117
2021,"3659_15_4C",4,15,3659,1,124
2021,"3673_15_10A",4,15,3673,1,124
2021,"3673_15_10A",5,15,3673,1,131
2021,"3673_15_10A",3,15,3673,1,117
2021,"3686_15_16H",5,15,3686,1,131
2021,"3686_15_16H",4,15,3686,1,124
2021,"3738_15_17H",5,15,3738,2,131
2021,"3738_15_17H",2,15,3738,1,110
2021,"3738_15_17H",4,15,3738,2,124
2021,"3740_15_13J",4,15,3740,1,124
2021,"3740_15_13J",5,15,3740,1,131
2021,"3757_15_13G",4,15,3757,1,124
2021,"3774_15_9F",5,15,3774,1,131
2021,"3863_15_8I",5,15,3863,1,131
2021,"3863_15_8I",4,15,3863,1,124
2021,"3863_15_8I",6,15,3863,1,138
2021,"3882_15_2I",3,15,3882,1,117
2021,"3882_15_2I",4,15,3882,1,124
2021,"3882_15_2I",5,15,3882,1,131
2022,"3126_1",7,1,3126,1,137
2022,"3126_1",6,1,3126,1,130
2022,"3126_1",8,1,3126,1,144
2022,"3151_1",8,1,3151,1,144
2022,"3192_1",7,1,3192,1,137
2022,"3192_1",8,1,3192,1,144
2022,"3347_1",7,1,3347,1,137
2022,"3347_1",8,1,3347,1,144
2022,"3365_1",6,1,3365,1,130
2022,"3365_1",7,1,3365,1,137
2022,"3365_1",8,1,3365,1,144
2022,"3410_1",8,1,3410,1,144
2022,"3412_1",8,1,3412,1,144
2022,"3424_1",8,1,3424,1,144
2022,"3424_1",7,1,3424,1,137
2022,"3424_1",9,1,3424,1,151
2022,"3432_1",8,1,3432,2,144
2022,"3434_1",8,1,3434,1,144
2022,"3506_1",7,1,3506,1,137
2022,"3506_1",8,1,3506,2,144
2022,"3506_1",9,1,3506,2,151
2022,"3525_1",8,1,3525,1,144
2022,"3525_1",7,1,3525,1,137
2022,"3542_1",8,1,3542,3,144
2022,"3542_1",7,1,3542,2,137
2022,"3543_1",9,1,3543,1,151
2022,"3567_1",4,1,3567,1,116
2022,"3567_1",8,1,3567,2,144
2022,"3567_1",5,1,3567,1,123
2022,"3567_1",6,1,3567,1,130
2022,"3567_1",7,1,3567,1,137
2022,"3583_1",9,1,3583,1,151
2022,"3599_1",6,1,3599,1,130
2022,"3599_1",8,1,3599,2,144
2022,"3599_1",7,1,3599,2,137
2022,"3608_1",10,1,3608,1,158
2022,"3608_1",9,1,3608,2,151
2022,"3608_1",7,1,3608,1,137
2022,"3608_1",8,1,3608,1,144
2022,"3611_1",6,1,3611,1,130
2022,"3611_1",7,1,3611,1,137
2022,"3611_1",8,1,3611,1,144
2022,"3627_1",7,1,3627,1,137
2022,"3627_1",8,1,3627,1,144
2022,"3627_1",6,1,3627,1,130
2022,"3645_1",8,1,3645,1,144
2022,"3645_1",7,1,3645,1,137
2022,"3741_1",9,1,3741,2,151
2022,"3741_1",7,1,3741,1,137
2022,"3741_1",8,1,3741,1,144
2022,"3763_1",7,1,3763,1,137
2022,"3763_1",6,1,3763,1,130
2022,"3763_1",8,1,3763,1,144
2022,"3779_1",8,1,3779,1,144
2022,"3779_1",6,1,3779,1,130
2022,"3779_1",7,1,3779,1,137
2022,"3779_1",9,1,3779,1,151
2022,"3782_1",8,1,3782,1,144
2022,"3814_1",7,1,3814,1,137
2022,"3814_1",8,1,3814,2,144
2022,"3814_1",6,1,3814,1,130
2022,"3814_1",9,1,3814,1,151
2022,"3821_1",6,1,3821,1,130
2022,"3821_1",5,1,3821,1,123
2022,"3821_1",7,1,3821,1,137
2022,"3821_1",4,1,3821,1,116
2022,"3821_1",8,1,3821,3,144
2022,"3845_1",8,1,3845,1,144
2022,"3879_1",8,1,3879,1,144
2022,"3930_1",4,1,3930,1,116
2022,"3930_1",8,1,3930,3,144
2022,"3930_1",7,1,3930,1,137
2022,"3930_1",6,1,3930,1,130
2022,"3935_1",7,1,3935,1,137
2022,"3935_1",6,1,3935,1,130
2022,"3935_1",9,1,3935,2,151
2022,"3935_1",8,1,3935,1,144
2022,"7536_1",8,1,7536,1,144
2022,"7536_1",7,1,7536,1,137
2022,"7562_1",6,1,7562,1,130
2022,"7562_1",7,1,7562,1,137
2022,"7562_1",8,1,7562,1,144
2022,"3013_2",8,2,3013,1,144
2022,"3155_2",7,2,3155,1,137
2022,"3155_2",8,2,3155,1,144
2022,"3156_2",5,2,3156,1,123
2022,"3156_2",8,2,3156,1,144
2022,"3156_2",7,2,3156,1,137
2022,"3156_2",6,2,3156,1,130
2022,"3157_2",6,2,3157,1,130
2022,"3157_2",5,2,3157,1,123
2022,"3157_2",7,2,3157,1,137
2022,"3157_2",8,2,3157,3,144
2022,"3159_2",7,2,3159,1,137
2022,"3159_2",8,2,3159,2,144
2022,"3163_2",9,2,3163,1,151
2022,"3163_2",8,2,3163,1,144
2022,"3164_2",8,2,3164,1,144
2022,"3164_2",9,2,3164,1,151
2022,"3166_2",5,2,3166,1,123
2022,"3166_2",4,2,3166,1,116
2022,"3166_2",8,2,3166,2,144
2022,"3166_2",7,2,3166,1,137
2022,"3166_2",6,2,3166,1,130
2022,"3166_2",9,2,3166,1,151
2022,"3167_2",6,2,3167,1,130
2022,"3167_2",5,2,3167,1,123
2022,"3167_2",8,2,3167,2,144
2022,"3167_2",7,2,3167,1,137
2022,"3169_2",7,2,3169,1,137
2022,"3169_2",8,2,3169,1,144
2022,"3169_2",6,2,3169,1,130
2022,"3172_2",8,2,3172,2,144
2022,"3172_2",6,2,3172,1,130
2022,"3172_2",5,2,3172,1,123
2022,"3172_2",7,2,3172,1,137
2022,"3175_2",8,2,3175,1,144
2022,"3175_2",7,2,3175,1,137
2022,"3185_2",6,2,3185,1,130
2022,"3185_2",8,2,3185,1,144
2022,"3185_2",7,2,3185,1,137
2022,"3190_2",8,2,3190,1,144
2022,"3352_2",6,2,3352,1,130
2022,"3352_2",8,2,3352,1,144
2022,"3352_2",9,2,3352,1,151
2022,"3352_2",10,2,3352,1,158
2022,"3352_2",7,2,3352,1,137
2022,"3413_2",7,2,3413,1,137
2022,"3413_2",8,2,3413,2,144
2022,"3413_2",9,2,3413,1,151
2022,"3413_2",6,2,3413,1,130
2022,"3477_2",9,2,3477,1,151
2022,"3480_2",6,2,3480,1,130
2022,"3480_2",8,2,3480,1,144
2022,"3480_2",7,2,3480,1,137
2022,"3519_2",3,2,3519,1,109
2022,"3519_2",4,2,3519,1,116
2022,"3519_2",7,2,3519,2,137
2022,"3519_2",6,2,3519,1,130
2022,"3519_2",5,2,3519,1,123
2022,"3519_2",9,2,3519,1,151
2022,"3519_2",8,2,3519,2,144
2022,"3531_2",7,2,3531,1,137
2022,"3531_2",8,2,3531,2,144
2022,"3531_2",6,2,3531,1,130
2022,"3550_2",10,2,3550,1,158
2022,"3550_2",7,2,3550,1,137
2022,"3550_2",9,2,3550,1,151
2022,"3550_2",8,2,3550,1,144
2022,"3562_2",8,2,3562,1,144
2022,"3597_2",4,2,3597,1,116
2022,"3597_2",7,2,3597,1,137
2022,"3597_2",5,2,3597,1,123
2022,"3597_2",6,2,3597,1,130
2022,"3597_2",8,2,3597,3,144
2022,"3703_2",8,2,3703,1,144
2022,"3703_2",7,2,3703,1,137
2022,"3703_2",6,2,3703,1,130
2022,"3751_2",6,2,3751,1,130
2022,"3751_2",7,2,3751,1,137
2022,"3751_2",8,2,3751,2,144
2022,"3865_2",9,2,3865,1,151
2022,"3865_2",6,2,3865,1,130
2022,"3865_2",7,2,3865,1,137
2022,"3865_2",8,2,3865,1,144
2022,"3891_2",9,2,3891,1,151
2022,"3891_2",7,2,3891,1,137
2022,"3891_2",8,2,3891,1,144
2022,"3015_3",7,3,3015,1,137
2022,"3015_3",6,3,3015,1,130
2022,"3015_3",8,3,3015,1,144
2022,"3056_3",6,3,3056,1,130
2022,"3056_3",8,3,3056,1,144
2022,"3056_3",7,3,3056,1,137
2022,"3081_3",8,3,3081,1,144
2022,"3151_3",8,3,3151,1,144
2022,"3304_3",6,3,3304,1,130
2022,"3304_3",9,3,3304,1,151
2022,"3304_3",7,3,3304,1,137
2022,"3304_3",8,3,3304,1,144
2022,"3313_3",8,3,3313,1,144
2022,"3349_3",6,3,3349,1,130
2022,"3349_3",9,3,3349,2,151
2022,"3349_3",8,3,3349,1,144
2022,"3349_3",7,3,3349,1,137
2022,"3462_3",5,3,3462,1,123
2022,"3462_3",6,3,3462,1,130
2022,"3462_3",4,3,3462,1,116
2022,"3462_3",8,3,3462,3,144
2022,"3462_3",7,3,3462,1,137
2022,"3462_3",9,3,3462,1,151
2022,"3624_3",8,3,3624,1,144
2022,"3624_3",9,3,3624,1,151
2022,"3759_3",2,3,3759,1,102
2022,"3759_3",3,3,3759,1,109
2022,"3759_3",4,3,3759,1,116
2022,"3759_3",6,3,3759,1,130
2022,"3759_3",5,3,3759,1,123
2022,"3759_3",7,3,3759,4,137
2022,"3759_3",8,3,3759,4,144
2022,"3796_3",7,3,3796,1,137
2022,"3796_3",9,3,3796,1,151
2022,"3796_3",8,3,3796,1,144
2022,"3797_3",6,3,3797,1,130
2022,"3797_3",5,3,3797,1,123
2022,"3797_3",9,3,3797,1,151
2022,"3797_3",7,3,3797,1,137
2022,"3797_3",8,3,3797,2,144
2022,"3798_3",7,3,3798,1,137
2022,"3798_3",8,3,3798,1,144
2022,"3798_3",9,3,3798,1,151
2022,"3799_3",9,3,3799,1,151
2022,"3799_3",8,3,3799,1,144
2022,"3846_3",8,3,3846,1,144
2022,"3906_3",8,3,3906,1,144
2022,"3906_3",9,3,3906,1,151
2022,"7573_3",8,3,7573,1,144
2022,"7573_3",7,3,7573,1,137
2022,"1411_4",2,4,1411,1,102
2022,"1411_4",3,4,1411,1,109
2022,"1411_4",4,4,1411,1,116
2022,"1411_4",6,4,1411,2,130
2022,"1411_4",5,4,1411,2,123
2022,"1411_4",8,4,1411,2,144
2022,"1411_4",7,4,1411,2,137
2022,"2238_4",9,4,2238,2,151
2022,"2238_4",8,4,2238,3,144
2022,"2238_4",7,4,2238,1,137
2022,"3007_4",7,4,3007,1,137
2022,"3007_4",8,4,3007,1,144
2022,"3122_4",9,4,3122,1,151
2022,"3122_4",8,4,3122,2,144
2022,"3122_4",7,4,3122,1,137
2022,"3182_4",7,4,3182,1,137
2022,"3182_4",8,4,3182,2,144
2022,"3364_4",5,4,3364,1,123
2022,"3364_4",6,4,3364,1,130
2022,"3364_4",9,4,3364,2,151
2022,"3364_4",7,4,3364,2,137
2022,"3364_4",8,4,3364,3,144
2022,"3656_4",8,4,3656,1,144
2022,"3730_4",7,4,3730,1,137
2022,"3730_4",8,4,3730,1,144
2022,"3787_4",9,4,3787,1,151
2022,"3787_4",8,4,3787,1,144
2022,"7545_4",8,4,7545,1,144
2022,"7545_4",9,4,7545,1,151
2022,"7550_4",6,4,7550,1,130
2022,"7550_4",4,4,7550,1,116
2022,"7550_4",8,4,7550,1,144
2022,"7550_4",5,4,7550,1,123
2022,"7550_4",7,4,7550,1,137
2022,"7550_4",9,4,7550,1,151
2022,"7591_4",8,4,7591,1,144
2022,"7591_4",11,4,7591,1,165
2022,"7591_4",7,4,7591,1,137
2022,"7591_4",9,4,7591,1,151
2022,"7591_4",10,4,7591,1,158
2022,"3010_5",6,5,3010,1,130
2022,"3010_5",3,5,3010,1,109
2022,"3010_5",8,5,3010,2,144
2022,"3010_5",7,5,3010,1,137
2022,"3010_5",4,5,3010,1,116
2022,"3010_5",5,5,3010,1,123
2022,"3022_5",8,5,3022,2,144
2022,"3022_5",9,5,3022,1,151
2022,"3022_5",4,5,3022,1,116
2022,"3022_5",7,5,3022,2,137
2022,"3022_5",6,5,3022,1,130
2022,"3022_5",5,5,3022,1,123
2022,"3067_5",5,5,3067,2,123
2022,"3067_5",7,5,3067,3,137
2022,"3067_5",4,5,3067,1,116
2022,"3067_5",6,5,3067,2,130
2022,"3067_5",8,5,3067,3,144
2022,"3067_5",2,5,3067,1,102
2022,"3067_5",3,5,3067,1,109
2022,"3074_5",8,5,3074,1,144
2022,"3074_5",7,5,3074,1,137
2022,"3074_5",9,5,3074,1,151
2022,"3074_5",5,5,3074,1,123
2022,"3074_5",6,5,3074,1,130
2022,"3093_5",8,5,3093,1,144
2022,"3093_5",7,5,3093,1,137
2022,"3108_5",9,5,3108,1,151
2022,"3108_5",8,5,3108,1,144
2022,"3109_5",5,5,3109,1,123
2022,"3109_5",9,5,3109,1,151
2022,"3109_5",8,5,3109,2,144
2022,"3109_5",7,5,3109,1,137
2022,"3109_5",6,5,3109,1,130
2022,"3124_5",7,5,3124,1,137
2022,"3124_5",8,5,3124,2,144
2022,"3124_5",4,5,3124,1,116
2022,"3124_5",5,5,3124,1,123
2022,"3124_5",6,5,3124,1,130
2022,"3125_5",6,5,3125,1,130
2022,"3125_5",9,5,3125,1,151
2022,"3125_5",8,5,3125,1,144
2022,"3125_5",7,5,3125,1,137
2022,"3127_5",7,5,3127,2,137
2022,"3127_5",8,5,3127,2,144
2022,"3135_5",6,5,3135,3,130
2022,"3135_5",3,5,3135,1,109
2022,"3135_5",2,5,3135,1,102
2022,"3135_5",7,5,3135,3,137
2022,"3135_5",5,5,3135,2,123
2022,"3135_5",8,5,3135,3,144
2022,"3135_5",4,5,3135,1,116
2022,"3148_5",7,5,3148,1,137
2022,"3148_5",8,5,3148,1,144
2022,"3152_5",8,5,3152,1,144
2022,"3152_5",9,5,3152,1,151
2022,"3153_5",8,5,3153,1,144
2022,"3153_5",7,5,3153,1,137
2022,"3161_5",7,5,3161,1,137
2022,"3161_5",6,5,3161,1,130
2022,"3161_5",5,5,3161,1,123
2022,"3161_5",8,5,3161,3,144
2022,"3161_5",4,5,3161,1,116
2022,"3178_5",6,5,3178,1,130
2022,"3178_5",8,5,3178,2,144
2022,"3178_5",7,5,3178,2,137
2022,"3193_5",8,5,3193,1,144
2022,"3196_5",5,5,3196,1,123
2022,"3196_5",8,5,3196,1,144
2022,"3196_5",7,5,3196,1,137
2022,"3196_5",6,5,3196,1,130
2022,"3196_5",9,5,3196,1,151
2022,"3197_5",9,5,3197,2,151
2022,"3197_5",5,5,3197,2,123
2022,"3197_5",7,5,3197,2,137
2022,"3197_5",8,5,3197,4,144
2022,"3197_5",6,5,3197,2,130
2022,"3198_5",6,5,3198,1,130
2022,"3198_5",8,5,3198,2,144
2022,"3198_5",7,5,3198,1,137
2022,"3199_5",6,5,3199,1,130
2022,"3199_5",7,5,3199,1,137
2022,"3199_5",5,5,3199,1,123
2022,"3199_5",9,5,3199,1,151
2022,"3199_5",8,5,3199,1,144
2022,"3199_5",10,5,3199,1,158
2022,"3200_5",7,5,3200,3,137
2022,"3200_5",6,5,3200,1,130
2022,"3200_5",4,5,3200,1,116
2022,"3200_5",5,5,3200,1,123
2022,"3200_5",8,5,3200,3,144
2022,"3338_5",5,5,3338,1,123
2022,"3338_5",8,5,3338,2,144
2022,"3338_5",7,5,3338,2,137
2022,"3338_5",4,5,3338,1,116
2022,"3338_5",6,5,3338,1,130
2022,"3465_5",8,5,3465,2,144
2022,"3465_5",7,5,3465,1,137
2022,"3473_5",6,5,3473,3,130
2022,"3473_5",7,5,3473,3,137
2022,"3473_5",2,5,3473,1,102
2022,"3473_5",3,5,3473,1,109
2022,"3473_5",8,5,3473,3,144
2022,"3473_5",5,5,3473,2,123
2022,"3473_5",4,5,3473,1,116
2022,"3476_5",5,5,3476,1,123
2022,"3476_5",6,5,3476,1,130
2022,"3476_5",7,5,3476,2,137
2022,"3476_5",3,5,3476,1,109
2022,"3476_5",8,5,3476,2,144
2022,"3476_5",4,5,3476,1,116
2022,"3479_5",8,5,3479,2,144
2022,"3479_5",5,5,3479,1,123
2022,"3479_5",6,5,3479,1,130
2022,"3479_5",9,5,3479,1,151
2022,"3479_5",7,5,3479,1,137
2022,"3479_5",4,5,3479,1,116
2022,"3488_5",8,5,3488,5,144
2022,"3488_5",5,5,3488,3,123
2022,"3488_5",6,5,3488,3,130
2022,"3488_5",7,5,3488,3,137
2022,"3499_5",7,5,3499,1,137
2022,"3499_5",8,5,3499,2,144
2022,"3499_5",5,5,3499,1,123
2022,"3499_5",6,5,3499,1,130
2022,"3516_5",6,5,3516,1,130
2022,"3516_5",8,5,3516,2,144
2022,"3516_5",7,5,3516,2,137
2022,"3546_5",5,5,3546,1,123
2022,"3546_5",7,5,3546,1,137
2022,"3546_5",8,5,3546,2,144
2022,"3546_5",6,5,3546,1,130
2022,"3546_5",4,5,3546,1,116
2022,"3560_5",7,5,3560,1,137
2022,"3560_5",8,5,3560,1,144
2022,"3615_5",6,5,3615,1,130
2022,"3615_5",9,5,3615,1,151
2022,"3615_5",10,5,3615,1,158
2022,"3615_5",7,5,3615,1,137
2022,"3615_5",8,5,3615,1,144
2022,"3644_5",8,5,3644,1,144
2022,"3644_5",7,5,3644,1,137
2022,"3644_5",6,5,3644,1,130
2022,"3649_5",6,5,3649,1,130
2022,"3649_5",8,5,3649,1,144
2022,"3649_5",7,5,3649,1,137
2022,"3663_5",4,5,3663,1,116
2022,"3663_5",6,5,3663,1,130
2022,"3663_5",8,5,3663,2,144
2022,"3663_5",5,5,3663,1,123
2022,"3663_5",7,5,3663,1,137
2022,"3663_5",9,5,3663,1,151
2022,"3685_5",8,5,3685,3,144
2022,"3685_5",4,5,3685,1,116
2022,"3685_5",7,5,3685,2,137
2022,"3685_5",6,5,3685,2,130
2022,"3685_5",5,5,3685,1,123
2022,"3697_5",4,5,3697,1,116
2022,"3697_5",6,5,3697,1,130
2022,"3697_5",8,5,3697,1,144
2022,"3697_5",3,5,3697,1,109
2022,"3697_5",5,5,3697,1,123
2022,"3697_5",7,5,3697,1,137
2022,"3710_5",6,5,3710,1,130
2022,"3710_5",5,5,3710,1,123
2022,"3710_5",4,5,3710,1,116
2022,"3710_5",8,5,3710,3,144
2022,"3710_5",9,5,3710,1,151
2022,"3710_5",7,5,3710,1,137
2022,"3788_5",8,5,3788,1,144
2022,"3810_5",7,5,3810,2,137
2022,"3810_5",8,5,3810,3,144
2022,"3810_5",5,5,3810,1,123
2022,"3810_5",9,5,3810,1,151
2022,"3810_5",4,5,3810,1,116
2022,"3810_5",6,5,3810,1,130
2022,"3811_5",9,5,3811,1,151
2022,"3811_5",8,5,3811,1,144
2022,"3811_5",7,5,3811,1,137
2022,"3820_5",8,5,3820,1,144
2022,"3820_5",7,5,3820,1,137
2022,"3833_5",8,5,3833,1,144
2022,"3833_5",7,5,3833,1,137
2022,"3833_5",9,5,3833,1,151
2022,"3833_5",6,5,3833,1,130
2022,"3869_5",8,5,3869,1,144
2022,"3869_5",6,5,3869,1,130
2022,"3869_5",7,5,3869,1,137
2022,"3877_5",8,5,3877,1,144
2022,"3888_5",6,5,3888,1,130
2022,"3888_5",5,5,3888,1,123
2022,"3888_5",7,5,3888,1,137
2022,"3888_5",8,5,3888,1,144
2022,"3888_5",4,5,3888,1,116
2022,"3896_5",6,5,3896,1,130
2022,"3896_5",4,5,3896,1,116
2022,"3896_5",3,5,3896,1,109
2022,"3896_5",7,5,3896,2,137
2022,"3896_5",2,5,3896,1,102
2022,"3896_5",5,5,3896,1,123
2022,"3896_5",8,5,3896,2,144
2022,"3987_5",7,5,3987,1,137
2022,"3987_5",8,5,3987,1,144
2022,"3987_5",6,5,3987,1,130
2022,"3988_5",8,5,3988,2,144
2022,"3988_5",7,5,3988,1,137
2022,"3988_5",6,5,3988,1,130
2022,"3988_5",5,5,3988,1,123
2022,"5021_5",2,5,5021,1,102
2022,"5021_5",6,5,5021,3,130
2022,"5021_5",7,5,5021,3,137
2022,"5021_5",8,5,5021,2,144
2022,"5021_5",3,5,5021,1,109
2022,"5021_5",5,5,5021,2,123
2022,"5021_5",4,5,5021,1,116
2022,"5022_5",7,5,5022,1,137
2022,"5022_5",8,5,5022,1,144
2022,"5022_5",6,5,5022,1,130
2022,"5026_5",4,5,5026,1,116
2022,"5026_5",6,5,5026,1,130
2022,"5026_5",8,5,5026,2,144
2022,"5026_5",5,5,5026,1,123
2022,"5026_5",7,5,5026,2,137
2022,"5036_5",7,5,5036,1,137
2022,"5036_5",5,5,5036,1,123
2022,"5036_5",6,5,5036,1,130
2022,"5036_5",8,5,5036,2,144
2022,"5036_5",4,5,5036,1,116
2022,"5042_5",8,5,5042,1,144
2022,"5044_5",7,5,5044,1,137
2022,"5044_5",8,5,5044,1,144
2022,"5044_5",6,5,5044,1,130
2022,"5044_5",5,5,5044,2,123
2022,"5045_5",10,5,5045,1,158
2022,"7522_5",9,5,7522,1,151
2022,"7522_5",8,5,7522,1,144
2022,"7526_5",6,5,7526,1,130
2022,"7526_5",5,5,7526,1,123
2022,"7526_5",7,5,7526,1,137
2022,"7526_5",8,5,7526,1,144
2022,"7546_5",6,5,7546,1,130
2022,"7546_5",7,5,7546,1,137
2022,"7546_5",8,5,7546,1,144
2022,"7555_5",7,5,7555,1,137
2022,"7555_5",6,5,7555,1,130
2022,"7555_5",8,5,7555,1,144
2022,"3005_6",5,6,3005,1,123
2022,"3005_6",7,6,3005,1,137
2022,"3005_6",8,6,3005,1,144
2022,"3005_6",6,6,3005,1,130
2022,"3008_6",8,6,3008,1,144
2022,"3070_6",3,6,3070,1,109
2022,"3070_6",6,6,3070,1,130
2022,"3070_6",5,6,3070,1,123
2022,"3070_6",7,6,3070,1,137
2022,"3070_6",10,6,3070,2,158
2022,"3070_6",4,6,3070,1,116
2022,"3070_6",8,6,3070,3,144
2022,"3136_6",4,6,3136,1,116
2022,"3136_6",5,6,3136,1,123
2022,"3136_6",7,6,3136,3,137
2022,"3136_6",8,6,3136,3,144
2022,"3140_6",7,6,3140,1,137
2022,"3140_6",5,6,3140,1,123
2022,"3140_6",8,6,3140,3,144
2022,"3140_6",6,6,3140,1,130
2022,"3141_6",6,6,3141,1,130
2022,"3141_6",5,6,3141,1,123
2022,"3141_6",7,6,3141,1,137
2022,"3141_6",8,6,3141,1,144
2022,"3173_6",8,6,3173,3,144
2022,"3173_6",7,6,3173,1,137
2022,"3173_6",6,6,3173,1,130
2022,"3179_6",7,6,3179,1,137
2022,"3179_6",8,6,3179,3,144
2022,"3179_6",5,6,3179,1,123
2022,"3179_6",6,6,3179,1,130
2022,"3319_6",7,6,3319,1,137
2022,"3319_6",8,6,3319,5,144
2022,"3358_6",6,6,3358,1,130
2022,"3358_6",4,6,3358,1,116
2022,"3358_6",8,6,3358,3,144
2022,"3358_6",7,6,3358,4,137
2022,"3358_6",5,6,3358,1,123
2022,"3360_6",7,6,3360,1,137
2022,"3360_6",6,6,3360,1,130
2022,"3360_6",8,6,3360,2,144
2022,"3372_6",8,6,3372,1,144
2022,"3374_6",7,6,3374,1,137
2022,"3374_6",8,6,3374,1,144
2022,"3466_6",7,6,3466,1,137
2022,"3466_6",8,6,3466,2,144
2022,"3466_6",6,6,3466,1,130
2022,"3489_6",8,6,3489,1,144
2022,"3518_6",8,6,3518,1,144
2022,"3518_6",6,6,3518,1,130
2022,"3518_6",7,6,3518,1,137
2022,"3630_6",8,6,3630,3,144
2022,"3630_6",6,6,3630,1,130
2022,"3630_6",5,6,3630,1,123
2022,"3630_6",7,6,3630,1,137
2022,"3643_6",6,6,3643,1,130
2022,"3643_6",7,6,3643,1,137
2022,"3643_6",8,6,3643,3,144
2022,"3648_6",7,6,3648,1,137
2022,"3648_6",8,6,3648,1,144
2022,"3648_6",6,6,3648,1,130
2022,"3669_6",5,6,3669,1,123
2022,"3669_6",8,6,3669,1,144
2022,"3669_6",7,6,3669,1,137
2022,"3669_6",6,6,3669,1,130
2022,"3725_6",6,6,3725,1,130
2022,"3725_6",7,6,3725,1,137
2022,"3725_6",8,6,3725,2,144
2022,"3729_6",8,6,3729,2,144
2022,"3729_6",6,6,3729,1,130
2022,"3729_6",7,6,3729,1,137
2022,"3729_6",5,6,3729,1,123
2022,"3733_6",7,6,3733,1,137
2022,"3733_6",6,6,3733,1,130
2022,"3733_6",8,6,3733,2,144
2022,"3743_6",7,6,3743,1,137
2022,"3743_6",10,6,3743,1,158
2022,"3743_6",8,6,3743,1,144
2022,"3773_6",7,6,3773,1,137
2022,"3773_6",8,6,3773,1,144
2022,"3777_6",6,6,3777,1,130
2022,"3777_6",7,6,3777,1,137
2022,"3777_6",8,6,3777,2,144
2022,"3887_6",8,6,3887,3,144
2022,"3887_6",6,6,3887,1,130
2022,"3887_6",7,6,3887,1,137
2022,"3955_6",10,6,3955,1,158
2022,"7587_6",8,6,7587,1,144
2022,"7587_6",7,6,7587,1,137
2022,"7587_6",10,6,7587,1,158
2022,"3044_7",7,7,3044,1,137
2022,"3044_7",9,7,3044,2,151
2022,"3044_7",8,7,3044,2,144
2022,"3044_7",6,7,3044,1,130
2022,"3089_7",3,7,3089,1,109
2022,"3089_7",7,7,3089,2,137
2022,"3089_7",9,7,3089,1,151
2022,"3089_7",5,7,3089,1,123
2022,"3089_7",4,7,3089,1,116
2022,"3089_7",6,7,3089,1,130
2022,"3089_7",8,7,3089,2,144
2022,"3100_7",7,7,3100,1,137
2022,"3100_7",9,7,3100,1,151
2022,"3100_7",8,7,3100,1,144
2022,"3298_7",4,7,3298,1,116
2022,"3298_7",5,7,3298,1,123
2022,"3298_7",8,7,3298,1,144
2022,"3298_7",6,7,3298,1,130
2022,"3368_7",8,7,3368,1,144
2022,"3368_7",9,7,3368,1,151
2022,"3370_7",9,7,3370,1,151
2022,"3375_7",8,7,3375,2,144
2022,"3375_7",6,7,3375,1,130
2022,"3375_7",7,7,3375,2,137
2022,"3401_7",7,7,3401,1,137
2022,"3401_7",8,7,3401,1,144
2022,"3403_7",9,7,3403,1,151
2022,"3406_7",9,7,3406,1,151
2022,"3406_7",7,7,3406,1,137
2022,"3406_7",8,7,3406,1,144
2022,"3408_7",8,7,3408,1,144
2022,"3408_7",9,7,3408,1,151
2022,"3443_7",8,7,3443,1,144
2022,"3443_7",7,7,3443,1,137
2022,"3443_7",9,7,3443,1,151
2022,"3443_7",6,7,3443,1,130
2022,"3446_7",7,7,3446,2,137
2022,"3446_7",3,7,3446,1,109
2022,"3446_7",4,7,3446,1,116
2022,"3446_7",8,7,3446,2,144
2022,"3446_7",5,7,3446,2,123
2022,"3446_7",6,7,3446,2,130
2022,"3450_7",2,7,3450,1,102
2022,"3450_7",3,7,3450,1,109
2022,"3450_7",7,7,3450,3,137
2022,"3450_7",6,7,3450,1,130
2022,"3450_7",4,7,3450,1,116
2022,"3450_7",8,7,3450,3,144
2022,"3450_7",9,7,3450,1,151
2022,"3450_7",5,7,3450,1,123
2022,"3452_7",9,7,3452,2,151
2022,"3452_7",6,7,3452,1,130
2022,"3452_7",3,7,3452,1,109
2022,"3452_7",7,7,3452,1,137
2022,"3452_7",4,7,3452,1,116
2022,"3452_7",5,7,3452,1,123
2022,"3452_7",8,7,3452,4,144
2022,"3453_7",6,7,3453,1,130
2022,"3453_7",9,7,3453,1,151
2022,"3453_7",7,7,3453,2,137
2022,"3453_7",8,7,3453,2,144
2022,"3688_7",7,7,3688,1,137
2022,"3688_7",9,7,3688,2,151
2022,"3688_7",8,7,3688,1,144
2022,"3874_7",6,7,3874,1,130
2022,"3874_7",8,7,3874,1,144
2022,"3874_7",5,7,3874,1,123
2022,"3886_7",5,7,3886,1,123
2022,"3886_7",6,7,3886,1,130
2022,"3886_7",9,7,3886,1,151
2022,"3886_7",7,7,3886,1,137
2022,"3886_7",8,7,3886,1,144
2022,"3981_7",8,7,3981,2,144
2022,"3981_7",5,7,3981,1,123
2022,"3981_7",4,7,3981,1,116
2022,"3981_7",9,7,3981,1,151
2022,"3981_7",7,7,3981,1,137
2022,"3981_7",6,7,3981,1,130
2022,"3994_7",8,7,3994,5,144
2022,"3994_7",6,7,3994,2,130
2022,"3994_7",5,7,3994,2,123
2022,"3994_7",9,7,3994,5,151
2022,"3994_7",7,7,3994,2,137
2022,"5032_7",8,7,5032,2,144
2022,"5032_7",7,7,5032,1,137
2022,"5032_7",6,7,5032,1,130
2022,"5032_7",5,7,5032,1,123
2022,"5047_7",6,7,5047,1,130
2022,"5047_7",7,7,5047,1,137
2022,"5047_7",9,7,5047,2,151
2022,"5047_7",8,7,5047,1,144
2022,"5048_7",8,7,5048,1,144
2022,"5048_7",9,7,5048,1,151
2022,"5049_7",7,7,5049,1,137
2022,"5049_7",4,7,5049,1,116
2022,"5049_7",6,7,5049,1,130
2022,"5049_7",8,7,5049,2,144
2022,"5049_7",5,7,5049,1,123
2022,"5050_7",8,7,5050,1,144
2022,"5051_7",6,7,5051,1,130
2022,"5051_7",5,7,5051,1,123
2022,"5051_7",8,7,5051,1,144
2022,"5051_7",7,7,5051,1,137
2022,"5051_7",9,7,5051,2,151
2022,"5053_7",7,7,5053,1,137
2022,"5053_7",8,7,5053,1,144
2022,"5053_7",9,7,5053,1,151
2022,"5054_7",9,7,5054,1,151
2022,"5054_7",8,7,5054,1,144
2022,"5056_7",9,7,5056,2,151
2022,"7544_7",8,7,7544,1,144
2022,"3190_10",5,10,3190,1,123
2022,"3190_10",6,10,3190,1,130
2022,"3190_10",7,10,3190,2,137
2022,"3190_10",4,10,3190,1,116
2022,"3353_10",3,10,3353,1,109
2022,"3353_10",5,10,3353,1,123
2022,"3353_10",4,10,3353,1,116
2022,"3353_10",6,10,3353,1,130
2022,"3353_10",7,10,3353,2,137
2022,"3547_10",6,10,3547,1,130
2022,"3547_10",7,10,3547,1,137
2022,"3655_10",4,10,3655,1,116
2022,"3655_10",3,10,3655,1,109
2022,"3655_10",5,10,3655,1,123
2022,"3655_10",6,10,3655,1,130
2022,"3655_10",8,10,3655,1,144
2022,"3655_10",7,10,3655,2,137
2022,"3002_12",7,12,3002,1,137
2022,"3002_12",6,12,3002,1,130
2022,"3002_12",8,12,3002,1,144
2022,"3002_12",9,12,3002,2,151
2022,"3129_12",6,12,3129,1,130
2022,"3129_12",3,12,3129,1,109
2022,"3129_12",4,12,3129,1,116
2022,"3129_12",8,12,3129,2,144
2022,"3129_12",7,12,3129,2,137
2022,"3129_12",5,12,3129,1,123
2022,"3131_12",8,12,3131,1,144
2022,"3135_12",7,12,3135,1,137
2022,"3135_12",8,12,3135,3,144
2022,"3135_12",5,12,3135,1,123
2022,"3135_12",9,12,3135,1,151
2022,"3135_12",6,12,3135,1,130
2022,"3137_12",8,12,3137,1,144
2022,"3137_12",9,12,3137,1,151
2022,"3145_12",8,12,3145,1,144
2022,"3395_12",7,12,3395,1,137
2022,"3395_12",6,12,3395,1,130
2022,"3395_12",8,12,3395,2,144
2022,"3395_12",5,12,3395,1,123
2022,"3413_12",9,12,3413,1,151
2022,"3423_12",8,12,3423,1,144
2022,"3423_12",9,12,3423,2,151
2022,"3423_12",10,12,3423,2,158
2022,"3445_12",9,12,3445,1,151
2022,"3445_12",8,12,3445,1,144
2022,"3449_12",7,12,3449,1,137
2022,"3449_12",9,12,3449,1,151
2022,"3449_12",8,12,3449,1,144
2022,"3451_12",7,12,3451,1,137
2022,"3451_12",8,12,3451,1,144
2022,"3451_12",10,12,3451,2,158
2022,"3451_12",9,12,3451,1,151
2022,"3536_12",4,12,3536,1,116
2022,"3536_12",5,12,3536,1,123
2022,"3536_12",6,12,3536,1,130
2022,"3536_12",8,12,3536,3,144
2022,"3536_12",7,12,3536,3,137
2022,"3536_12",9,12,3536,1,151
2022,"3551_12",8,12,3551,1,144
2022,"3578_12",3,12,3578,1,109
2022,"3578_12",5,12,3578,1,123
2022,"3578_12",4,12,3578,1,116
2022,"3578_12",7,12,3578,3,137
2022,"3578_12",6,12,3578,2,130
2022,"3578_12",8,12,3578,3,144
2022,"3018_13",7,13,3018,1,137
2022,"3018_13",6,13,3018,1,130
2022,"3018_13",4,13,3018,1,116
2022,"3018_13",8,13,3018,3,144
2022,"3018_13",5,13,3018,1,123
2022,"3026_13",8,13,3026,1,144
2022,"3042_13",8,13,3042,1,144
2022,"3088_13",7,13,3088,2,137
2022,"3088_13",5,13,3088,2,123
2022,"3088_13",6,13,3088,2,130
2022,"3088_13",8,13,3088,4,144
2022,"3108_13",8,13,3108,1,144
2022,"3108_13",7,13,3108,1,137
2022,"3112_13",8,13,3112,1,144
2022,"3112_13",9,13,3112,1,151
2022,"3112_13",7,13,3112,1,137
2022,"3118_13",8,13,3118,2,144
2022,"3118_13",5,13,3118,1,123
2022,"3118_13",4,13,3118,1,116
2022,"3118_13",9,13,3118,1,151
2022,"3118_13",7,13,3118,1,137
2022,"3118_13",6,13,3118,1,130
2022,"3119_13",5,13,3119,1,123
2022,"3119_13",9,13,3119,1,151
2022,"3119_13",6,13,3119,1,130
2022,"3119_13",7,13,3119,1,137
2022,"3119_13",8,13,3119,2,144
2022,"3120_13",9,13,3120,1,151
2022,"3120_13",5,13,3120,1,123
2022,"3120_13",8,13,3120,2,144
2022,"3120_13",4,13,3120,1,116
2022,"3120_13",7,13,3120,1,137
2022,"3120_13",6,13,3120,1,130
2022,"3123_13",8,13,3123,3,144
2022,"3123_13",7,13,3123,1,137
2022,"3123_13",9,13,3123,3,151
2022,"3123_13",6,13,3123,1,130
2022,"3126_13",6,13,3126,1,130
2022,"3126_13",7,13,3126,1,137
2022,"3126_13",9,13,3126,1,151
2022,"3126_13",8,13,3126,1,144
2022,"3128_13",7,13,3128,1,137
2022,"3128_13",8,13,3128,1,144
2022,"3143_13",8,13,3143,1,144
2022,"3143_13",6,13,3143,1,130
2022,"3143_13",7,13,3143,1,137
2022,"3155_13",8,13,3155,1,144
2022,"3167_13",7,13,3167,1,137
2022,"3167_13",8,13,3167,1,144
2022,"3167_13",9,13,3167,1,151
2022,"3178_13",8,13,3178,1,144
2022,"3180_13",8,13,3180,1,144
2022,"3187_13",7,13,3187,1,137
2022,"3187_13",5,13,3187,1,123
2022,"3187_13",6,13,3187,1,130
2022,"3187_13",9,13,3187,1,151
2022,"3187_13",8,13,3187,2,144
2022,"3333_13",9,13,3333,1,151
2022,"3336_13",8,13,3336,1,144
2022,"3357_13",9,13,3357,1,151
2022,"3357_13",8,13,3357,1,144
2022,"3358_13",9,13,3358,2,151
2022,"3358_13",7,13,3358,1,137
2022,"3358_13",6,13,3358,1,130
2022,"3358_13",8,13,3358,1,144
2022,"3367_13",6,13,3367,1,130
2022,"3373_13",7,13,3373,1,137
2022,"3373_13",9,13,3373,2,151
2022,"3373_13",6,13,3373,1,130
2022,"3373_13",8,13,3373,2,144
2022,"3376_13",4,13,3376,1,116
2022,"3376_13",8,13,3376,3,144
2022,"3376_13",5,13,3376,1,123
2022,"3376_13",6,13,3376,1,130
2022,"3382_13",5,13,3382,1,123
2022,"3382_13",6,13,3382,1,130
2022,"3382_13",4,13,3382,1,116
2022,"3382_13",3,13,3382,1,109
2022,"3382_13",8,13,3382,3,144
2022,"3382_13",7,13,3382,3,137
2022,"3382_13",9,13,3382,2,151
2022,"3384_13",9,13,3384,1,151
2022,"3384_13",8,13,3384,1,144
2022,"3390_13",7,13,3390,1,137
2022,"3390_13",9,13,3390,1,151
2022,"3390_13",5,13,3390,1,123
2022,"3390_13",8,13,3390,2,144
2022,"3390_13",6,13,3390,1,130
2022,"3390_13",4,13,3390,1,116
2022,"3391_13",7,13,3391,1,137
2022,"3391_13",8,13,3391,1,144
2022,"3396_13",9,13,3396,2,151
2022,"3396_13",8,13,3396,1,144
2022,"3397_13",8,13,3397,1,144
2022,"3397_13",9,13,3397,1,151
2022,"3397_13",7,13,3397,1,137
2022,"3421_13",7,13,3421,1,137
2022,"3421_13",6,13,3421,1,130
2022,"3421_13",8,13,3421,2,144
2022,"3421_13",9,13,3421,1,151
2022,"3422_13",9,13,3422,1,151
2022,"3428_13",8,13,3428,1,144
2022,"3429_13",8,13,3429,1,144
2022,"3429_13",7,13,3429,1,137
2022,"3429_13",6,13,3429,1,130
2022,"3431_13",7,13,3431,1,137
2022,"3431_13",8,13,3431,2,144
2022,"3431_13",6,13,3431,1,130
2022,"3431_13",9,13,3431,1,151
2022,"3433_13",9,13,3433,1,151
2022,"3433_13",7,13,3433,2,137
2022,"3433_13",5,13,3433,1,123
2022,"3433_13",8,13,3433,4,144
2022,"3433_13",4,13,3433,1,116
2022,"3433_13",6,13,3433,1,130
2022,"3441_13",3,13,3441,1,109
2022,"3441_13",7,13,3441,3,137
2022,"3441_13",5,13,3441,1,123
2022,"3441_13",8,13,3441,3,144
2022,"3441_13",4,13,3441,1,116
2022,"3441_13",6,13,3441,1,130
2022,"3441_13",9,13,3441,1,151
2022,"3481_13",8,13,3481,1,144
2022,"3481_13",9,13,3481,2,151
2022,"3481_13",10,13,3481,2,158
2022,"3494_13",7,13,3494,1,137
2022,"3494_13",8,13,3494,3,144
2022,"3494_13",4,13,3494,1,116
2022,"3494_13",6,13,3494,1,130
2022,"3494_13",5,13,3494,1,123
2022,"3497_13",9,13,3497,1,151
2022,"3515_13",8,13,3515,4,144
2022,"3515_13",4,13,3515,1,116
2022,"3515_13",7,13,3515,2,137
2022,"3515_13",5,13,3515,2,123
2022,"3515_13",6,13,3515,2,130
2022,"3565_13",7,13,3565,1,137
2022,"3565_13",8,13,3565,1,144
2022,"3590_13",6,13,3590,1,130
2022,"3590_13",7,13,3590,1,137
2022,"3590_13",9,13,3590,1,151
2022,"3590_13",8,13,3590,1,144
2022,"3593_13",8,13,3593,2,144
2022,"3593_13",6,13,3593,1,130
2022,"3593_13",5,13,3593,1,123
2022,"3593_13",7,13,3593,1,137
2022,"3604_13",7,13,3604,2,137
2022,"3604_13",5,13,3604,1,123
2022,"3604_13",9,13,3604,1,151
2022,"3604_13",8,13,3604,3,144
2022,"3604_13",4,13,3604,1,116
2022,"3604_13",6,13,3604,1,130
2022,"3605_13",4,13,3605,1,116
2022,"3605_13",5,13,3605,1,123
2022,"3605_13",6,13,3605,1,130
2022,"3605_13",8,13,3605,3,144
2022,"3605_13",7,13,3605,1,137
2022,"3614_13",8,13,3614,1,144
2022,"3616_13",4,13,3616,1,116
2022,"3616_13",6,13,3616,1,130
2022,"3616_13",7,13,3616,1,137
2022,"3616_13",8,13,3616,2,144
2022,"3620_13",9,13,3620,1,151
2022,"3620_13",8,13,3620,2,144
2022,"3620_13",6,13,3620,1,130
2022,"3620_13",4,13,3620,1,116
2022,"3620_13",7,13,3620,1,137
2022,"3620_13",5,13,3620,1,123
2022,"3628_13",9,13,3628,2,151
2022,"3628_13",8,13,3628,1,144
2022,"3638_13",6,13,3638,1,130
2022,"3638_13",8,13,3638,3,144
2022,"3638_13",9,13,3638,1,151
2022,"3638_13",7,13,3638,1,137
2022,"3642_13",2,13,3642,1,102
2022,"3642_13",3,13,3642,1,109
2022,"3642_13",7,13,3642,2,137
2022,"3642_13",8,13,3642,4,144
2022,"3642_13",5,13,3642,3,123
2022,"3642_13",4,13,3642,1,116
2022,"3642_13",6,13,3642,2,130
2022,"3642_13",9,13,3642,4,151
2022,"3675_13",5,13,3675,1,123
2022,"3675_13",7,13,3675,1,137
2022,"3675_13",4,13,3675,1,116
2022,"3675_13",8,13,3675,2,144
2022,"3675_13",6,13,3675,1,130
2022,"3675_13",9,13,3675,1,151
2022,"3724_13",9,13,3724,1,151
2022,"3726_13",8,13,3726,1,144
2022,"3769_13",8,13,3769,1,144
2022,"3769_13",7,13,3769,1,137
2022,"3769_13",9,13,3769,1,151
2022,"3775_13",9,13,3775,1,151
2022,"3775_13",7,13,3775,1,137
2022,"3775_13",6,13,3775,1,130
2022,"3775_13",8,13,3775,1,144
2022,"3780_13",7,13,3780,1,137
2022,"3780_13",8,13,3780,1,144
2022,"3780_13",9,13,3780,2,151
2022,"3826_13",6,13,3826,2,130
2022,"3826_13",3,13,3826,1,109
2022,"3826_13",8,13,3826,2,144
2022,"3826_13",9,13,3826,1,151
2022,"3826_13",5,13,3826,1,123
2022,"3826_13",4,13,3826,1,116
2022,"3826_13",7,13,3826,2,137
2022,"3853_13",8,13,3853,2,144
2022,"3853_13",7,13,3853,1,137
2022,"3853_13",9,13,3853,1,151
2022,"3978_13",3,13,3978,1,109
2022,"3978_13",6,13,3978,1,130
2022,"3978_13",4,13,3978,1,116
2022,"3978_13",8,13,3978,4,144
2022,"3978_13",5,13,3978,1,123
2022,"3978_13",7,13,3978,4,137
2022,"3978_13",9,13,3978,1,151
2022,"3980_13",9,13,3980,1,151
2022,"3980_13",8,13,3980,1,144
2022,"3980_13",7,13,3980,1,137
2022,"3980_13",6,13,3980,1,130
2022,"3989_13",9,13,3989,1,151
2022,"7532_13",9,13,7532,2,151
2022,"7532_13",8,13,7532,1,144
2022,"7532_13",7,13,7532,1,137
2022,"7532_13",6,13,7532,1,130
2022,"7537_13",5,13,7537,1,123
2022,"7537_13",8,13,7537,3,144
2022,"7537_13",4,13,7537,1,116
2022,"7537_13",7,13,7537,3,137
2022,"7537_13",6,13,7537,1,130
2022,"7537_13",9,13,7537,1,151
2022,"7592_13",7,13,7592,1,137
2022,"7592_13",9,13,7592,1,151
2022,"7592_13",8,13,7592,1,144
2022,"3004_14",2,14,3004,1,102
2022,"3004_14",7,14,3004,1,137
2022,"3004_14",6,14,3004,1,130
2022,"3004_14",9,14,3004,1,151
2022,"3004_14",8,14,3004,2,144
2022,"3004_14",3,14,3004,1,109
2022,"3004_14",4,14,3004,1,116
2022,"3004_14",5,14,3004,1,123
2022,"3035_14",6,14,3035,1,130
2022,"3035_14",5,14,3035,1,123
2022,"3035_14",7,14,3035,1,137
2022,"3035_14",8,14,3035,3,144
2022,"3035_14",4,14,3035,1,116
2022,"3035_14",9,14,3035,2,151
2022,"3086_14",9,14,3086,1,151
2022,"3086_14",6,14,3086,1,130
2022,"3101_14",6,14,3101,1,130
2022,"3101_14",8,14,3101,1,144
2022,"3101_14",7,14,3101,1,137
2022,"3118_14",8,14,3118,1,144
2022,"3149_14",9,14,3149,2,151
2022,"3158_14",8,14,3158,2,144
2022,"3158_14",5,14,3158,1,123
2022,"3158_14",9,14,3158,1,151
2022,"3158_14",6,14,3158,1,130
2022,"3158_14",7,14,3158,1,137
2022,"3305_14",6,14,3305,1,130
2022,"3305_14",7,14,3305,1,137
2022,"3305_14",8,14,3305,1,144
2022,"3360_14",2,14,3360,1,102
2022,"3360_14",5,14,3360,1,123
2022,"3360_14",3,14,3360,1,109
2022,"3360_14",9,14,3360,2,151
2022,"3360_14",7,14,3360,2,137
2022,"3360_14",6,14,3360,2,130
2022,"3360_14",8,14,3360,3,144
2022,"3363_14",8,14,3363,3,144
2022,"3363_14",7,14,3363,3,137
2022,"3363_14",4,14,3363,1,116
2022,"3363_14",9,14,3363,1,151
2022,"3363_14",6,14,3363,1,130
2022,"3363_14",5,14,3363,1,123
2022,"3366_14",5,14,3366,1,123
2022,"3366_14",8,14,3366,2,144
2022,"3366_14",9,14,3366,1,151
2022,"3366_14",7,14,3366,1,137
2022,"3366_14",6,14,3366,1,130
2022,"3379_14",5,14,3379,1,123
2022,"3385_14",8,14,3385,1,144
2022,"3432_14",6,14,3432,1,130
2022,"3432_14",9,14,3432,2,151
2022,"3432_14",7,14,3432,3,137
2022,"3432_14",8,14,3432,3,144
2022,"3432_14",5,14,3432,1,123
2022,"3432_14",4,14,3432,1,116
2022,"3433_14",7,14,3433,1,137
2022,"3433_14",8,14,3433,2,144
2022,"3433_14",6,14,3433,1,130
2022,"3433_14",5,14,3433,1,123
2022,"3433_14",9,14,3433,2,151
2022,"3440_14",8,14,3440,1,144
2022,"3459_14",7,14,3459,1,137
2022,"3459_14",8,14,3459,2,144
2022,"3459_14",5,14,3459,1,123
2022,"3459_14",6,14,3459,1,130
2022,"3459_14",4,14,3459,1,116
2022,"3459_14",9,14,3459,1,151
2022,"3463_14",8,14,3463,1,144
2022,"3464_14",8,14,3464,1,144
2022,"3469_14",7,14,3469,1,137
2022,"3469_14",6,14,3469,1,130
2022,"3469_14",8,14,3469,1,144
2022,"3526_14",9,14,3526,1,151
2022,"3526_14",6,14,3526,1,130
2022,"3526_14",4,14,3526,1,116
2022,"3526_14",5,14,3526,1,123
2022,"3526_14",8,14,3526,3,144
2022,"3526_14",7,14,3526,3,137
2022,"3556_14",2,14,3556,1,102
2022,"3556_14",3,14,3556,1,109
2022,"3556_14",8,14,3556,3,144
2022,"3556_14",4,14,3556,1,116
2022,"3556_14",6,14,3556,3,130
2022,"3556_14",5,14,3556,1,123
2022,"3556_14",7,14,3556,3,137
2022,"3575_14",9,14,3575,1,151
2022,"3575_14",8,14,3575,1,144
2022,"3607_14",9,14,3607,1,151
2022,"3607_14",8,14,3607,1,144
2022,"3607_14",7,14,3607,1,137
2022,"3607_14",6,14,3607,1,130
2022,"3661_14",5,14,3661,1,123
2022,"3661_14",7,14,3661,1,137
2022,"3661_14",4,14,3661,1,116
2022,"3661_14",8,14,3661,3,144
2022,"3661_14",9,14,3661,1,151
2022,"3661_14",6,14,3661,1,130
2022,"3671_14",8,14,3671,2,144
2022,"3671_14",6,14,3671,1,130
2022,"3671_14",5,14,3671,1,123
2022,"3671_14",9,14,3671,1,151
2022,"3671_14",7,14,3671,1,137
2022,"3671_14",4,14,3671,1,116
2022,"3682_14",7,14,3682,1,137
2022,"3682_14",8,14,3682,1,144
2022,"3699_14",9,14,3699,1,151
2022,"3699_14",7,14,3699,1,137
2022,"3699_14",5,14,3699,1,123
2022,"3699_14",6,14,3699,1,130
2022,"3699_14",8,14,3699,2,144
2022,"3711_14",8,14,3711,1,144
2022,"3752_14",6,14,3752,1,130
2022,"3752_14",7,14,3752,1,137
2022,"3752_14",8,14,3752,1,144
2022,"3816_14",8,14,3816,1,144
2022,"3838_14",7,14,3838,1,137
2022,"3838_14",9,14,3838,1,151
2022,"3838_14",8,14,3838,1,144
2022,"3838_14",6,14,3838,1,130
2022,"3885_14",8,14,3885,1,144
2022,"3913_14",9,14,3913,1,151
2022,"3913_14",6,14,3913,1,130
2022,"3913_14",4,14,3913,1,116
2022,"3913_14",8,14,3913,2,144
2022,"3913_14",5,14,3913,1,123
2022,"3913_14",7,14,3913,2,137
2022,"3913_14",3,14,3913,1,109
2022,"3926_14",7,14,3926,1,137
2022,"3926_14",6,14,3926,1,130
2022,"3926_14",8,14,3926,1,144
2022,"7557_14",5,14,7557,1,123
2022,"7557_14",4,14,7557,1,116
2022,"7557_14",8,14,7557,2,144
2022,"7557_14",7,14,7557,1,137
2022,"7557_14",9,14,7557,1,151
2022,"7557_14",6,14,7557,1,130
2022,"7575_14",8,14,7575,1,144
2022,"7576_14",8,14,7576,1,144
2022,"7576_14",6,14,7576,1,130
2022,"7576_14",7,14,7576,1,137
2022,"3006_15",7,15,3006,1,137
2022,"3006_15",8,15,3006,1,144
2022,"3014_15",8,15,3014,2,144
2022,"3017_15",7,15,3017,1,137
2022,"3017_15",8,15,3017,2,144
2022,"3017_15",5,15,3017,1,123
2022,"3017_15",6,15,3017,1,130
2022,"3021_15",5,15,3021,1,123
2022,"3021_15",4,15,3021,1,116
2022,"3021_15",8,15,3021,1,144
2022,"3021_15",6,15,3021,1,130
2022,"3021_15",7,15,3021,2,137
2022,"3047_15",7,15,3047,2,137
2022,"3047_15",8,15,3047,3,144
2022,"3047_15",6,15,3047,1,130
2022,"3052_15",6,15,3052,1,130
2022,"3052_15",5,15,3052,1,123
2022,"3052_15",7,15,3052,1,137
2022,"3052_15",4,15,3052,1,116
2022,"3052_15",8,15,3052,2,144
2022,"3063_15",8,15,3063,1,144
2022,"3063_15",6,15,3063,1,130
2022,"3063_15",7,15,3063,1,137
2022,"3065_15",8,15,3065,3,144
2022,"3065_15",7,15,3065,1,137
2022,"3068_15",5,15,3068,1,123
2022,"3068_15",4,15,3068,1,116
2022,"3068_15",8,15,3068,2,144
2022,"3068_15",6,15,3068,1,130
2022,"3068_15",7,15,3068,2,137
2022,"3076_15",8,15,3076,2,144
2022,"3076_15",5,15,3076,1,123
2022,"3076_15",7,15,3076,1,137
2022,"3076_15",6,15,3076,1,130
2022,"3076_15",4,15,3076,1,116
2022,"3083_15",6,15,3083,1,130
2022,"3083_15",8,15,3083,3,144
2022,"3083_15",7,15,3083,1,137
2022,"3095_15",7,15,3095,1,137
2022,"3095_15",8,15,3095,2,144
2022,"3116_15",6,15,3116,2,130
2022,"3116_15",7,15,3116,3,137
2022,"3116_15",8,15,3116,3,144
2022,"3177_15",7,15,3177,3,137
2022,"3177_15",8,15,3177,4,144
2022,"3177_15",6,15,3177,2,130
2022,"3297_15",8,15,3297,2,144
2022,"3297_15",4,15,3297,1,116
2022,"3297_15",7,15,3297,1,137
2022,"3297_15",5,15,3297,1,123
2022,"3297_15",6,15,3297,1,130
2022,"3341_15",8,15,3341,3,144
2022,"3341_15",6,15,3341,2,130
2022,"3341_15",5,15,3341,2,123
2022,"3341_15",7,15,3341,2,137
2022,"3354_15",8,15,3354,7,144
2022,"3354_15",6,15,3354,3,130
2022,"3354_15",5,15,3354,2,123
2022,"3354_15",7,15,3354,3,137
2022,"3371_15",6,15,3371,1,130
2022,"3371_15",7,15,3371,2,137
2022,"3371_15",8,15,3371,3,144
2022,"3372_15",8,15,3372,3,144
2022,"3372_15",6,15,3372,1,130
2022,"3372_15",7,15,3372,1,137
2022,"3377_15",3,15,3377,1,109
2022,"3377_15",4,15,3377,1,116
2022,"3377_15",5,15,3377,1,123
2022,"3377_15",8,15,3377,3,144
2022,"3377_15",6,15,3377,1,130
2022,"3377_15",7,15,3377,3,137
2022,"3384_15",5,15,3384,2,123
2022,"3384_15",8,15,3384,4,144
2022,"3384_15",7,15,3384,2,137
2022,"3384_15",6,15,3384,2,130
2022,"3391_15",7,15,3391,1,137
2022,"3391_15",6,15,3391,1,130
2022,"3391_15",8,15,3391,2,144
2022,"3393_15",7,15,3393,1,137
2022,"3393_15",8,15,3393,2,144
2022,"3395_15",4,15,3395,1,116
2022,"3395_15",8,15,3395,3,144
2022,"3395_15",6,15,3395,1,130
2022,"3395_15",5,15,3395,1,123
2022,"3395_15",7,15,3395,3,137
2022,"3397_15",6,15,3397,1,130
2022,"3397_15",7,15,3397,1,137
2022,"3397_15",8,15,3397,3,144
2022,"3401_15",8,15,3401,2,144
2022,"3401_15",7,15,3401,1,137
2022,"3401_15",5,15,3401,1,123
2022,"3401_15",4,15,3401,1,116
2022,"3401_15",6,15,3401,1,130
2022,"3417_15",3,15,3417,1,109
2022,"3417_15",6,15,3417,1,130
2022,"3417_15",7,15,3417,2,137
2022,"3417_15",4,15,3417,1,116
2022,"3417_15",5,15,3417,1,123
2022,"3417_15",8,15,3417,3,144
2022,"3423_15",10,15,3423,1,158
2022,"3423_15",8,15,3423,1,144
2022,"3423_15",11,15,3423,1,165
2022,"3423_15",7,15,3423,1,137
2022,"3427_15",7,15,3427,1,137
2022,"3427_15",8,15,3427,2,144
2022,"3436_15",6,15,3436,1,130
2022,"3436_15",7,15,3436,1,137
2022,"3446_15",10,15,3446,1,158
2022,"3455_15",4,15,3455,1,116
2022,"3455_15",6,15,3455,1,130
2022,"3455_15",5,15,3455,1,123
2022,"3455_15",7,15,3455,2,137
2022,"3455_15",8,15,3455,2,144
2022,"3457_15",8,15,3457,1,144
2022,"3458_15",7,15,3458,1,137
2022,"3472_15",7,15,3472,2,137
2022,"3472_15",6,15,3472,2,130
2022,"3472_15",8,15,3472,4,144
2022,"3479_15",8,15,3479,4,144
2022,"3479_15",7,15,3479,3,137
2022,"3479_15",6,15,3479,2,130
2022,"3479_15",4,15,3479,1,116
2022,"3479_15",5,15,3479,2,123
2022,"3481_15",7,15,3481,1,137
2022,"3481_15",8,15,3481,1,144
2022,"3482_15",8,15,3482,1,144
2022,"3485_15",6,15,3485,3,130
2022,"3485_15",7,15,3485,3,137
2022,"3485_15",8,15,3485,6,144
2022,"3489_15",5,15,3489,1,123
2022,"3489_15",4,15,3489,1,116
2022,"3489_15",7,15,3489,1,137
2022,"3489_15",8,15,3489,2,144
2022,"3489_15",6,15,3489,1,130
2022,"3490_15",7,15,3490,1,137
2022,"3490_15",8,15,3490,2,144
2022,"3490_15",6,15,3490,1,130
2022,"3490_15",5,15,3490,1,123
2022,"3491_15",4,15,3491,1,116
2022,"3491_15",6,15,3491,1,130
2022,"3491_15",8,15,3491,3,144
2022,"3491_15",5,15,3491,1,123
2022,"3491_15",7,15,3491,1,137
2022,"3493_15",8,15,3493,2,144
2022,"3500_15",5,15,3500,1,123
2022,"3500_15",6,15,3500,1,130
2022,"3500_15",7,15,3500,1,137
2022,"3500_15",4,15,3500,1,116
2022,"3500_15",8,15,3500,1,144
2022,"3581_15",8,15,3581,2,144
2022,"3612_15",8,15,3612,2,144
2022,"3612_15",7,15,3612,1,137
2022,"3659_15",8,15,3659,4,144
2022,"3659_15",7,15,3659,4,137
2022,"3659_15",4,15,3659,1,116
2022,"3659_15",5,15,3659,2,123
2022,"3659_15",6,15,3659,2,130
2022,"3673_15",3,15,3673,1,109
2022,"3673_15",6,15,3673,2,130
2022,"3673_15",7,15,3673,2,137
2022,"3673_15",4,15,3673,1,116
2022,"3673_15",5,15,3673,1,123
2022,"3734_15",5,15,3734,1,123
2022,"3734_15",7,15,3734,1,137
2022,"3734_15",8,15,3734,2,144
2022,"3734_15",6,15,3734,1,130
2022,"3736_15",7,15,3736,2,137
2022,"3736_15",6,15,3736,1,130
2022,"3736_15",8,15,3736,3,144
2022,"3738_15",7,15,3738,1,137
2022,"3738_15",8,15,3738,1,144
2022,"3740_15",5,15,3740,1,123
2022,"3740_15",8,15,3740,6,144
2022,"3740_15",6,15,3740,1,130
2022,"3740_15",7,15,3740,1,137
2022,"3757_15",7,15,3757,1,137
2022,"3757_15",6,15,3757,1,130
2022,"3757_15",5,15,3757,1,123
2022,"3757_15",8,15,3757,2,144
2022,"3774_15",8,15,3774,1,144
2022,"3774_15",7,15,3774,1,137
2022,"3813_15",8,15,3813,1,144
2022,"3813_15",7,15,3813,1,137
2022,"3818_15",5,15,3818,1,123
2022,"3818_15",6,15,3818,2,130
2022,"3818_15",8,15,3818,5,144
2022,"3818_15",7,15,3818,2,137
2022,"3868_15",8,15,3868,4,144
2022,"3868_15",10,15,3868,1,158
2022,"3882_15",5,15,3882,1,123
2022,"3882_15",4,15,3882,1,116
2022,"3882_15",8,15,3882,2,144
2022,"3882_15",6,15,3882,1,130
2022,"3882_15",7,15,3882,2,137
2022,"3892_15",8,15,3892,3,144
2022,"3892_15",7,15,3892,1,137
2022,"3892_15",6,15,3892,1,130
2022,"3900_15",8,15,3900,2,144
2022,"3900_15",7,15,3900,1,137
2022,"3900_15",6,15,3900,1,130
2022,"3900_15",5,15,3900,1,123
2022,"7521_15",8,15,7521,1,144
2022,"7593_15",8,15,7593,1,144
2023,"3126_1_7E",4,1,3126,1,129
2023,"3126_1_7E",5,1,3126,1,136
2023,"3126_1_7E",6,1,3126,1,143
2023,"3126_1_7E",3,1,3126,1,122
2023,"3151_1_8H",5,1,3151,1,136
2023,"3151_1_8H",6,1,3151,2,143
2023,"3151_1_8H",4,1,3151,1,129
2023,"3192_1_11B",4,1,3192,1,129
2023,"3192_1_11B",5,1,3192,1,136
2023,"3193_1_15A",5,1,3193,1,136
2023,"3193_1_15A",4,1,3193,1,129
2023,"3365_1_0I",5,1,3365,1,136
2023,"3365_1_0I",4,1,3365,1,129
2023,"3365_1_0I",6,1,3365,1,143
2023,"3410_1_4J",5,1,3410,1,136
2023,"3410_1_4J",6,1,3410,1,143
2023,"3411_1_9J",5,1,3411,1,136
2023,"3411_1_9J",6,1,3411,1,143
2023,"3412_1_9J",5,1,3412,1,136
2023,"3412_1_9J",6,1,3412,1,143
2023,"3424_1_12G",4,1,3424,1,129
2023,"3424_1_12G",5,1,3424,2,136
2023,"3432_1_19A",5,1,3432,2,136
2023,"3432_1_19A",4,1,3432,2,129
2023,"3506_1_2B/E",5,1,3506,2,136
2023,"3506_1_2B/E",6,1,3506,2,143
2023,"3525_1_1G",4,1,3525,1,129
2023,"3525_1_1G",5,1,3525,1,136
2023,"3542_1_0I",6,1,3542,3,143
2023,"3542_1_0I",4,1,3542,1,129
2023,"3542_1_0I",5,1,3542,2,136
2023,"3543_1_2F",4,1,3543,1,129
2023,"3543_1_2F",5,1,3543,1,136
2023,"3543_1_2F",6,1,3543,1,143
2023,"3567_1_3I",5,1,3567,2,136
2023,"3567_1_3I",4,1,3567,1,129
2023,"3583_1_2I",5,1,3583,1,136
2023,"3583_1_2I",4,1,3583,1,129
2023,"3599_1_0J",3,1,3599,1,122
2023,"3599_1_0J",5,1,3599,2,136
2023,"3599_1_0J",6,1,3599,1,143
2023,"3599_1_0J",4,1,3599,1,129
2023,"3608_1_3C",5,1,3608,1,136
2023,"3608_1_3C",6,1,3608,3,143
2023,"3610_1_0D",3,1,3610,2,122
2023,"3610_1_0D",4,1,3610,2,129
2023,"3610_1_0D",5,1,3610,2,136
2023,"3611_1_6I",3,1,3611,1,122
2023,"3611_1_6I",4,1,3611,1,129
2023,"3611_1_6I",5,1,3611,2,136
2023,"3611_1_6I",6,1,3611,1,143
2023,"3627_1_6I",5,1,3627,1,136
2023,"3629_1_4I",5,1,3629,1,136
2023,"3645_1_5I",5,1,3645,1,136
2023,"3687_1_4I",6,1,3687,1,143
2023,"3692_1_7E",5,1,3692,1,136
2023,"3728_1_4E",6,1,3728,1,143
2023,"3728_1_4E",4,1,3728,1,129
2023,"3728_1_4E",5,1,3728,1,136
2023,"3741_1_5J",3,1,3741,2,122
2023,"3741_1_5J",6,1,3741,2,143
2023,"3741_1_5J",5,1,3741,5,136
2023,"3741_1_5J",4,1,3741,2,129
2023,"3744_1_8B",6,1,3744,1,143
2023,"3763_1_12A",5,1,3763,1,136
2023,"3763_1_12A",4,1,3763,1,129
2023,"3782_1_0I",6,1,3782,1,143
2023,"3782_1_0I",5,1,3782,1,136
2023,"3814_1_9J",6,1,3814,1,143
2023,"3814_1_9J",5,1,3814,1,136
2023,"3850_1_17E",3,1,3850,1,122
2023,"3850_1_17E",4,1,3850,1,129
2023,"3850_1_17E",5,1,3850,1,136
2023,"3860_1_3C",5,1,3860,1,136
2023,"3879_1_3C",4,1,3879,1,129
2023,"3879_1_3C",5,1,3879,1,136
2023,"3902_1_16I",3,1,3902,1,122
2023,"3902_1_16I",5,1,3902,1,136
2023,"3902_1_16I",4,1,3902,1,129
2023,"3930_1_7H",6,1,3930,1,143
2023,"3930_1_7H",4,1,3930,1,129
2023,"3930_1_7H",5,1,3930,2,136
2023,"3935_1_4H",4,1,3935,1,129
2023,"3935_1_4H",5,1,3935,1,136
2023,"3935_1_4H",6,1,3935,1,143
2023,"7533_1_3E",5,1,7533,1,136
2023,"7599_1_1F",5,1,7599,1,136
2023,"3155_2_16A",5,2,3155,1,136
2023,"3155_2_16A",3,2,3155,1,122
2023,"3155_2_16A",4,2,3155,1,129
2023,"3156_2_11E",5,2,3156,1,136
2023,"3156_2_11E",4,2,3156,1,129
2023,"3157_2_19F",5,2,3157,1,136
2023,"3159_2_13I",5,2,3159,4,136
2023,"3159_2_13I",3,2,3159,2,122
2023,"3159_2_13I",4,2,3159,2,129
2023,"3163_2_11E",5,2,3163,1,136
2023,"3163_2_11E",4,2,3163,1,129
2023,"3164_2_14B",5,2,3164,1,136
2023,"3164_2_14B",4,2,3164,1,129
2023,"3166_2_11B",2,2,3166,1,115
2023,"3166_2_11B",3,2,3166,1,122
2023,"3166_2_11B",5,2,3166,3,136
2023,"3166_2_11B",4,2,3166,3,129
2023,"3168_2_14J",5,2,3168,1,136
2023,"3168_2_14J",4,2,3168,1,129
2023,"3168_2_14J",3,2,3168,1,122
2023,"3169_2_13J",5,2,3169,1,136
2023,"3169_2_13J",4,2,3169,1,129
2023,"3172_2_17A",4,2,3172,1,129
2023,"3172_2_17A",3,2,3172,1,122
2023,"3172_2_17A",5,2,3172,1,136
2023,"3175_2_15A",5,2,3175,1,136
2023,"3175_2_15A",3,2,3175,1,122
2023,"3175_2_15A",4,2,3175,1,129
2023,"3185_2_18C",5,2,3185,1,136
2023,"3185_2_18C",4,2,3185,1,129
2023,"3186_2_18D",5,2,3186,1,136
2023,"3186_2_18D",4,2,3186,1,129
2023,"3188_2_19B",5,2,3188,1,136
2023,"3352_2_19I",4,2,3352,1,129
2023,"3352_2_19I",3,2,3352,1,122
2023,"3352_2_19I",5,2,3352,1,136
2023,"3413_2_2E",5,2,3413,1,136
2023,"3413_2_2E",3,2,3413,1,122
2023,"3413_2_2E",4,2,3413,1,129
2023,"3413_2_2E",6,2,3413,1,143
2023,"3477_2_5C",5,2,3477,1,136
2023,"3480_2_3G",4,2,3480,1,129
2023,"3480_2_3G",5,2,3480,1,136
2023,"3502_2_7C",4,2,3502,1,129
2023,"3502_2_7C",6,2,3502,1,143
2023,"3502_2_7C",5,2,3502,1,136
2023,"3519_2_8G",5,2,3519,1,136
2023,"3519_2_8G",4,2,3519,1,129
2023,"3522_2_4E",5,2,3522,1,136
2023,"3522_2_4E",4,2,3522,1,129
2023,"3531_2_9A",6,2,3531,1,143
2023,"3550_2_9J",4,2,3550,1,129
2023,"3550_2_9J",5,2,3550,1,136
2023,"3550_2_9J",3,2,3550,1,122
2023,"3562_2_19I",5,2,3562,1,136
2023,"3562_2_19I",4,2,3562,1,129
2023,"3562_2_19I",3,2,3562,1,122
2023,"3597_2_8I",5,2,3597,1,136
2023,"3597_2_8I",3,2,3597,1,122
2023,"3597_2_8I",4,2,3597,1,129
2023,"3751_2_8A",4,2,3751,1,129
2023,"3751_2_8A",5,2,3751,1,136
2023,"3858_2_6B",3,2,3858,1,122
2023,"3858_2_6B",4,2,3858,1,129
2023,"3858_2_6B",5,2,3858,1,136
2023,"7560_2_18J",5,2,7560,1,136
2023,"3015_3_0F",5,3,3015,1,136
2023,"3015_3_0F",3,3,3015,1,122
2023,"3015_3_0F",4,3,3015,1,129
2023,"3056_3_1B",3,3,3056,1,122
2023,"3056_3_1B",5,3,3056,1,136
2023,"3056_3_1B",4,3,3056,1,129
2023,"3081_3_1A",5,3,3081,1,136
2023,"3304_3_4C",5,3,3304,1,136
2023,"3304_3_4C",4,3,3304,1,129
2023,"3349_3_1F",4,3,3349,1,129
2023,"3349_3_1F",5,3,3349,1,136
2023,"3462_3_2A",5,3,3462,1,136
2023,"3462_3_2A",3,3,3462,1,122
2023,"3462_3_2A",4,3,3462,1,129
2023,"3624_3_0D",5,3,3624,1,136
2023,"3651_3_3A",5,3,3651,1,136
2023,"3759_3_15A",2,3,3759,1,115
2023,"3759_3_15A",4,3,3759,1,129
2023,"3759_3_15A",3,3,3759,1,122
2023,"3759_3_15A",5,3,3759,3,136
2023,"3796_3_6E",5,3,3796,1,136
2023,"3796_3_6E",4,3,3796,1,129
2023,"3797_3_4I",4,3,3797,1,129
2023,"3797_3_4I",5,3,3797,1,136
2023,"3797_3_4I",6,3,3797,1,143
2023,"3799_3_3C",5,3,3799,1,136
2023,"3831_3_3C",5,3,3831,1,136
2023,"3831_3_3C",3,3,3831,1,122
2023,"3831_3_3C",4,3,3831,1,129
2023,"3846_3_7E",3,3,3846,1,122
2023,"3846_3_7E",5,3,3846,1,136
2023,"3846_3_7E",4,3,3846,1,129
2023,"3906_3_1C",5,3,3906,1,136
2023,"3919_3_1B",5,3,3919,1,136
2023,"3919_3_1B",4,3,3919,1,129
2023,"7539_3_17B",5,3,7539,1,136
2023,"7548_3_9H",4,3,7548,1,129
2023,"7548_3_9H",3,3,7548,1,122
2023,"7548_3_9H",5,3,7548,3,136
2023,"7552_3_15D",3,3,7552,1,122
2023,"7552_3_15D",5,3,7552,1,136
2023,"7552_3_15D",4,3,7552,1,129
2023,"7565_3_18E",5,3,7565,1,136
2023,"7573_3_3B",4,3,7573,1,129
2023,"7573_3_3B",5,3,7573,1,136
2023,"7573_3_3B",3,3,7573,1,122
2023,"7670_3_7I",5,3,7670,1,136
2023,"7670_3_7I",3,3,7670,1,122
2023,"7670_3_7I",4,3,7670,1,129
2023,"7684_3_15A",3,3,7684,1,122
2023,"7684_3_15A",5,3,7684,2,136
2023,"7684_3_15A",4,3,7684,1,129
2023,"1411_4_8H",2,4,1411,1,115
2023,"1411_4_8H",3,4,1411,1,122
2023,"1411_4_8H",5,4,1411,3,136
2023,"1411_4_8H",4,4,1411,3,129
2023,"2230_4_10J",3,4,2230,1,122
2023,"2230_4_10J",5,4,2230,3,136
2023,"2230_4_10J",4,4,2230,3,129
2023,"3122_4_8J",4,4,3122,2,129
2023,"3122_4_8J",3,4,3122,2,122
2023,"3122_4_8J",5,4,3122,2,136
2023,"3182_4_17H",3,4,3182,1,122
2023,"3364_4_3J",3,4,3364,2,122
2023,"3364_4_3J",5,4,3364,4,136
2023,"3364_4_3J",4,4,3364,3,129
2023,"3596_4_2H",3,4,3596,1,122
2023,"3596_4_2H",5,4,3596,2,136
2023,"3596_4_2H",4,4,3596,1,129
2023,"3730_4_0J",4,4,3730,1,129
2023,"3730_4_0J",5,4,3730,1,136
2023,"3786_4_8H",5,4,3786,1,136
2023,"3787_4_3I",5,4,3787,1,136
2023,"7550_4_0H",4,4,7550,1,129
2023,"7550_4_0H",3,4,7550,1,122
2023,"7550_4_0H",5,4,7550,2,136
2023,"7591_4_9J",5,4,7591,1,136
2023,"7591_4_9J",4,4,7591,1,129
2023,"7591_4_9J",6,4,7591,1,143
2023,"7696_4_0A",2,4,7696,2,115
2023,"7696_4_0A",3,4,7696,2,122
2023,"7696_4_0A",6,4,7696,2,143
2023,"7696_4_0A",5,4,7696,4,136
2023,"7696_4_0A",4,4,7696,3,129
2023,"3108_5_1I",5,5,3108,1,136
2023,"3108_5_1I",4,5,3108,1,129
2023,"3120_5_8G",4,5,3120,2,129
2023,"3120_5_8G",3,5,3120,2,122
2023,"3120_5_8G",5,5,3120,2,136
2023,"3125_5_2I",5,5,3125,2,136
2023,"3125_5_2I",3,5,3125,1,122
2023,"3125_5_2I",4,5,3125,1,129
2023,"3148_5_3D",4,5,3148,1,129
2023,"3148_5_3D",3,5,3148,1,122
2023,"3148_5_3D",5,5,3148,1,136
2023,"3152_5_0H",1,5,3152,1,108
2023,"3152_5_0H",2,5,3152,1,115
2023,"3152_5_0H",4,5,3152,2,129
2023,"3152_5_0H",3,5,3152,2,122
2023,"3152_5_0H",5,5,3152,2,136
2023,"3161_5_2G",3,5,3161,1,122
2023,"3161_5_2G",5,5,3161,2,136
2023,"3161_5_2G",4,5,3161,2,129
2023,"3191_5_6E",5,5,3191,1,136
2023,"3193_5_3B",5,5,3193,1,136
2023,"3193_5_3B",4,5,3193,1,129
2023,"3195_5_1A",5,5,3195,1,136
2023,"3196_5_5C",3,5,3196,2,122
2023,"3196_5_5C",5,5,3196,2,136
2023,"3196_5_5C",4,5,3196,2,129
2023,"3197_5_3A",5,5,3197,2,136
2023,"3197_5_3A",3,5,3197,2,122
2023,"3197_5_3A",4,5,3197,2,129
2023,"3199_5_4A",2,5,3199,1,115
2023,"3199_5_4A",3,5,3199,1,122
2023,"3199_5_4A",5,5,3199,2,136
2023,"3199_5_4A",4,5,3199,2,129
2023,"3200_5_4E",4,5,3200,1,129
2023,"3200_5_4E",3,5,3200,1,122
2023,"3200_5_4E",5,5,3200,2,136
2023,"3338_5_3I",4,5,3338,2,129
2023,"3338_5_3I",3,5,3338,1,122
2023,"3338_5_3I",5,5,3338,1,136
2023,"3465_5_3B",5,5,3465,1,136
2023,"3465_5_3B",4,5,3465,1,129
2023,"3465_5_3B",3,5,3465,1,122
2023,"3466_5_4B",5,5,3466,1,136
2023,"3466_5_4B",4,5,3466,1,129
2023,"3468_5_0I",5,5,3468,1,136
2023,"3468_5_0I",3,5,3468,1,122
2023,"3468_5_0I",4,5,3468,1,129
2023,"3484_5_5I",5,5,3484,1,136
2023,"3484_5_5I",4,5,3484,1,129
2023,"3484_5_5I",3,5,3484,1,122
2023,"3499_5_1H",4,5,3499,1,129
2023,"3499_5_1H",3,5,3499,1,122
2023,"3499_5_1H",5,5,3499,1,136
2023,"3546_5_9G",3,5,3546,1,122
2023,"3546_5_9G",4,5,3546,1,129
2023,"3546_5_9G",5,5,3546,1,136
2023,"3560_5_3B",4,5,3560,2,129
2023,"3560_5_3B",5,5,3560,4,136
2023,"3560_5_3B",3,5,3560,2,122
2023,"3644_5_9H",2,5,3644,1,115
2023,"3644_5_9H",4,5,3644,2,129
2023,"3644_5_9H",5,5,3644,3,136
2023,"3644_5_9H",3,5,3644,2,122
2023,"3697_5_17H",2,5,3697,1,115
2023,"3708_5_6G",4,5,3708,1,129
2023,"3708_5_6G",3,5,3708,1,122
2023,"3708_5_6G",5,5,3708,1,136
2023,"3714_5_7I",3,5,3714,1,122
2023,"3714_5_7I",4,5,3714,1,129
2023,"3714_5_7I",5,5,3714,2,136
2023,"3788_5_0G",4,5,3788,1,129
2023,"3788_5_0G",5,5,3788,2,136
2023,"3788_5_0G",2,5,3788,1,115
2023,"3788_5_0G",3,5,3788,1,122
2023,"3807_5_10I",2,5,3807,1,115
2023,"3810_5_9C",4,5,3810,2,129
2023,"3810_5_9C",5,5,3810,2,136
2023,"3810_5_9C",3,5,3810,2,122
2023,"3820_5_4D",3,5,3820,1,122
2023,"3820_5_4D",4,5,3820,1,129
2023,"3820_5_4D",5,5,3820,1,136
2023,"3877_5_3J",5,5,3877,1,136
2023,"3877_5_3J",4,5,3877,1,129
2023,"3888_5_18J",2,5,3888,1,115
2023,"3896_5_10G",2,5,3896,1,115
2023,"3941_5_8C",4,5,3941,3,129
2023,"3941_5_8C",5,5,3941,6,136
2023,"3941_5_8C",3,5,3941,3,122
2023,"3987_5_3G",5,5,3987,2,136
2023,"3987_5_3G",4,5,3987,1,129
2023,"5017_5_6H",3,5,5017,1,122
2023,"5017_5_6H",4,5,5017,1,129
2023,"5017_5_6H",5,5,5017,1,136
2023,"5021_5_5E",5,5,5021,2,136
2023,"5021_5_5E",4,5,5021,1,129
2023,"5021_5_5E",3,5,5021,1,122
2023,"5022_5_9F",4,5,5022,1,129
2023,"5022_5_9F",3,5,5022,1,122
2023,"5022_5_9F",5,5,5022,1,136
2023,"5026_5_3D",5,5,5026,1,136
2023,"5026_5_3D",3,5,5026,1,122
2023,"5026_5_3D",4,5,5026,1,129
2023,"5027_5_1H",5,5,5027,1,136
2023,"7512_5_2G",5,5,7512,1,136
2023,"7512_5_3D",5,5,7512,1,136
2023,"7522_5_3E",5,5,7522,1,136
2023,"7522_5_3E",4,5,7522,1,129
2023,"7524_5_6H",4,5,7524,1,129
2023,"7524_5_6H",5,5,7524,1,136
2023,"7553_5_4E",5,5,7553,1,136
2023,"7553_5_4E",4,5,7553,1,129
2023,"7564_5_3B",3,5,7564,1,122
2023,"7564_5_3B",5,5,7564,1,136
2023,"7564_5_3B",4,5,7564,1,129
2023,"7570_5_1H",4,5,7570,1,129
2023,"7570_5_1H",5,5,7570,1,136
2023,"7570_5_1H",3,5,7570,1,122
2023,"7596_5_4G",4,5,7596,1,129
2023,"7596_5_4G",5,5,7596,1,136
2023,"7597_5_6G",5,5,7597,1,136
2023,"7597_5_6G",3,5,7597,1,122
2023,"7597_5_6G",4,5,7597,1,129
2023,"3005_6_18F",6,6,3005,1,143
2023,"3005_6_18F",7,6,3005,1,150
2023,"3005_6_18F",5,6,3005,1,136
2023,"3008_6_4J",6,6,3008,1,143
2023,"3008_6_4J",4,6,3008,1,129
2023,"3008_6_4J",5,6,3008,1,136
2023,"3070_6_4G",5,6,3070,3,136
2023,"3070_6_4G",3,6,3070,1,122
2023,"3070_6_4G",4,6,3070,1,129
2023,"3136_6_16C",4,6,3136,1,129
2023,"3136_6_16C",5,6,3136,2,136
2023,"3140_6_18F",6,6,3140,4,143
2023,"3140_6_18F",4,6,3140,2,129
2023,"3140_6_18F",5,6,3140,2,136
2023,"3140_6_18F",7,6,3140,1,150
2023,"3141_6_13E",5,6,3141,1,136
2023,"3141_6_13E",6,6,3141,3,143
2023,"3141_6_13E",4,6,3141,1,129
2023,"3142_6_19D",4,6,3142,1,129
2023,"3173_6_8G",4,6,3173,1,129
2023,"3173_6_8G",5,6,3173,1,136
2023,"3179_6_4D",5,6,3179,1,136
2023,"3179_6_4D",4,6,3179,1,129
2023,"3179_6_4D",3,6,3179,1,122
2023,"3319_6_11A",6,6,3319,1,143
2023,"3345_6_12D",4,6,3345,1,129
2023,"3345_6_12D",6,6,3345,1,143
2023,"3345_6_12D",3,6,3345,1,122
2023,"3345_6_12D",5,6,3345,4,136
2023,"3358_6_11D",4,6,3358,1,129
2023,"3358_6_11D",3,6,3358,1,122
2023,"3358_6_11D",7,6,3358,1,150
2023,"3358_6_11D",6,6,3358,1,143
2023,"3358_6_11D",5,6,3358,2,136
2023,"3360_6_12C",5,6,3360,1,136
2023,"3360_6_12C",6,6,3360,1,143
2023,"3360_6_12C",4,6,3360,1,129
2023,"3372_6_14F",4,6,3372,1,129
2023,"3372_6_14F",5,6,3372,1,136
2023,"3374_6_18H",2,6,3374,1,115
2023,"3374_6_18H",3,6,3374,1,122
2023,"3374_6_18H",5,6,3374,1,136
2023,"3374_6_18H",4,6,3374,1,129
2023,"3400_6_7E",6,6,3400,1,143
2023,"3400_6_7E",4,6,3400,1,129
2023,"3400_6_7E",5,6,3400,1,136
2023,"3466_6_19C",4,6,3466,1,129
2023,"3466_6_19C",6,6,3466,1,143
2023,"3466_6_19C",3,6,3466,1,122
2023,"3466_6_19C",5,6,3466,1,136
2023,"3489_6_12C",6,6,3489,1,143
2023,"3489_6_12C",5,6,3489,1,136
2023,"3489_6_12C",4,6,3489,1,129
2023,"3518_6_16J",5,6,3518,3,136
2023,"3518_6_16J",4,6,3518,1,129
2023,"3518_6_16J",3,6,3518,1,122
2023,"3570_6_18F",5,6,3570,1,136
2023,"3570_6_18F",3,6,3570,1,122
2023,"3570_6_18F",6,6,3570,1,143
2023,"3570_6_18F",4,6,3570,1,129
2023,"3630_6_16I",5,6,3630,1,136
2023,"3630_6_16I",6,6,3630,1,143
2023,"3630_6_16I",3,6,3630,1,122
2023,"3630_6_16I",4,6,3630,1,129
2023,"3643_6_18I",7,6,3643,1,150
2023,"3643_6_18I",6,6,3643,1,143
2023,"3643_6_18I",5,6,3643,1,136
2023,"3643_6_18I",4,6,3643,1,129
2023,"3648_6_15F",5,6,3648,2,136
2023,"3648_6_15F",4,6,3648,1,129
2023,"3648_6_15F",7,6,3648,2,150
2023,"3648_6_15F",6,6,3648,2,143
2023,"3669_6_13F",6,6,3669,1,143
2023,"3669_6_13F",4,6,3669,1,129
2023,"3669_6_13F",5,6,3669,1,136
2023,"3725_6_15H",5,6,3725,1,136
2023,"3729_6_19F",6,6,3729,1,143
2023,"3729_6_19F",3,6,3729,1,122
2023,"3729_6_19F",4,6,3729,1,129
2023,"3729_6_19F",5,6,3729,2,136
2023,"3743_6_18B",5,6,3743,1,136
2023,"3743_6_18B",7,6,3743,1,150
2023,"3743_6_18B",6,6,3743,1,143
2023,"3753_6_11B",5,6,3753,1,136
2023,"3753_6_11B",4,6,3753,1,129
2023,"3753_6_11B",6,6,3753,1,143
2023,"3767_6_18G",6,6,3767,1,143
2023,"3777_6_14G",4,6,3777,1,129
2023,"3777_6_14G",5,6,3777,1,136
2023,"3785_6_15H",5,6,3785,1,136
2023,"3887_6_15E",3,6,3887,1,122
2023,"3887_6_15E",5,6,3887,3,136
2023,"3887_6_15E",4,6,3887,1,129
2023,"3955_6_18H",5,6,3955,2,136
2023,"3955_6_18H",4,6,3955,3,129
2023,"3955_6_18H",6,6,3955,1,143
2023,"5770_6_18H",4,6,5770,1,129
2023,"7587_6_13A",4,6,7587,1,129
2023,"7587_6_13A",5,6,7587,1,136
2023,"7587_6_13A",6,6,7587,1,143
2023,"3044_7_7C",3,7,3044,1,122
2023,"3044_7_7C",5,7,3044,1,136
2023,"3044_7_7C",4,7,3044,1,129
2023,"3069_7_1B",5,7,3069,1,136
2023,"3089_7_5H",6,7,3089,2,143
2023,"3089_7_5H",4,7,3089,2,129
2023,"3089_7_5H",5,7,3089,2,136
2023,"3100_7_9B",5,7,3100,1,136
2023,"3100_7_9B",3,7,3100,1,122
2023,"3100_7_9B",4,7,3100,1,129
2023,"3368_7_6G",4,7,3368,1,129
2023,"3368_7_6G",5,7,3368,1,136
2023,"3375_7_3B",5,7,3375,1,136
2023,"3401_7_4F",5,7,3401,1,136
2023,"3446_7_15B",5,7,3446,4,136
2023,"3446_7_15B",4,7,3446,4,129
2023,"3446_7_15B",3,7,3446,1,122
2023,"3450_7_4G",4,7,3450,2,129
2023,"3450_7_4G",2,7,3450,1,115
2023,"3450_7_4G",5,7,3450,2,136
2023,"3450_7_4G",3,7,3450,1,122
2023,"3452_7_1D",4,7,3452,1,129
2023,"3452_7_1D",3,7,3452,1,122
2023,"3452_7_1D",5,7,3452,3,136
2023,"3688_7_6G",5,7,3688,1,136
2023,"3688_7_6G",4,7,3688,1,129
2023,"3874_7_8B",3,7,3874,1,122
2023,"3874_7_8B",4,7,3874,1,129
2023,"3874_7_8B",5,7,3874,2,136
2023,"3981_7_0C",4,7,3981,1,129
2023,"3981_7_0C",5,7,3981,1,136
2023,"3994_7_8I",5,7,3994,1,136
2023,"3994_7_8I",4,7,3994,1,129
2023,"3994_7_8I",3,7,3994,1,122
2023,"5032_7_15B",2,7,5032,1,115
2023,"5032_7_15B",4,7,5032,3,129
2023,"5032_7_15B",3,7,5032,2,122
2023,"5032_7_15B",5,7,5032,3,136
2023,"5047_7_9C",5,7,5047,1,136
2023,"5047_7_9C",3,7,5047,1,122
2023,"5047_7_9C",4,7,5047,1,129
2023,"5052_7_2I",6,7,5052,1,143
2023,"5052_7_2I",5,7,5052,2,136
2023,"5052_7_2I",4,7,5052,1,129
2023,"5053_7_3J",5,7,5053,1,136
2023,"5053_7_3J",4,7,5053,1,129
2023,"5849_7_1E",6,7,5849,1,143
2023,"5849_7_1E",3,7,5849,2,122
2023,"5849_7_1E",5,7,5849,2,136
2023,"5849_7_1E",4,7,5849,2,129
2023,"7544_7_6G",4,7,7544,1,129
2023,"7544_7_6G",3,7,7544,1,122
2023,"7544_7_6G",5,7,7544,1,136
2023,"7579_7_5C",5,7,7579,1,136
2023,"3190_10_1A",5,10,3190,2,136
2023,"3190_10_1A",4,10,3190,1,129
2023,"3190_10_1A",3,10,3190,1,122
2023,"3353_10_5D",5,10,3353,3,136
2023,"3353_10_5D",4,10,3353,2,129
2023,"3353_10_5D",3,10,3353,2,122
2023,"3378_10_7C",4,10,3378,1,129
2023,"3378_10_7C",3,10,3378,1,122
2023,"3378_10_7C",5,10,3378,1,136
2023,"3547_10_5D",5,10,3547,1,136
2023,"3547_10_5D",3,10,3547,1,122
2023,"3547_10_5D",4,10,3547,1,129
2023,"3655_10_6B",3,10,3655,1,122
2023,"3655_10_6B",5,10,3655,2,136
2023,"3655_10_6B",4,10,3655,1,129
2023,"3929_10_8D",5,10,3929,1,136
2023,"3929_10_8D",4,10,3929,1,129
2023,"3929_10_8D",3,10,3929,1,122
2023,"7698_10_9D",4,10,7698,1,129
2023,"7698_10_9D",5,10,7698,2,136
2023,"7698_10_9D",3,10,7698,1,122
2023,"3049_12_16B",5,12,3049,1,136
2023,"3129_12_16J",5,12,3129,1,136
2023,"3131_12_15I",5,12,3131,1,136
2023,"3134_12_15I",5,12,3134,1,136
2023,"3134_12_15I",3,12,3134,1,122
2023,"3135_12_6F",5,12,3135,1,136
2023,"3135_12_6F",3,12,3135,1,122
2023,"3147_12_17B",3,12,3147,1,122
2023,"3147_12_17B",5,12,3147,1,136
2023,"3395_12_18C",5,12,3395,1,136
2023,"3395_12_18C",3,12,3395,1,122
2023,"3422_12_15I",3,12,3422,1,122
2023,"3422_12_15I",5,12,3422,2,136
2023,"3424_12_7G",5,12,3424,1,136
2023,"3424_12_7G",3,12,3424,1,122
2023,"3425_12_2H",5,12,3425,1,136
2023,"3425_12_2H",3,12,3425,1,122
2023,"3425_12_2H",6,12,3425,1,143
2023,"3439_12_16I",5,12,3439,1,136
2023,"3445_12_10B",6,12,3445,1,143
2023,"3445_12_10B",5,12,3445,1,136
2023,"3445_12_10B",3,12,3445,1,122
2023,"3448_12_5E",3,12,3448,1,122
2023,"3448_12_5E",5,12,3448,1,136
2023,"3449_12_14B",5,12,3449,3,136
2023,"3449_12_14B",3,12,3449,1,122
2023,"3536_12_19A",3,12,3536,2,122
2023,"3536_12_19A",5,12,3536,4,136
2023,"3551_12_12H",3,12,3551,1,122
2023,"3551_12_12H",5,12,3551,2,136
2023,"3551_12_12H",6,12,3551,1,143
2023,"3578_12_17A",1,12,3578,1,108
2023,"3578_12_17A",2,12,3578,1,115
2023,"3578_12_17A",3,12,3578,3,122
2023,"3578_12_17A",5,12,3578,2,136
2023,"3761_12_16J",5,12,3761,1,136
2023,"3761_12_16J",3,12,3761,1,122
2023,"7530_12_13C",3,12,7530,1,122
2023,"7530_12_13C",5,12,7530,1,136
2023,"7578_12_11B",3,12,7578,1,122
2023,"7578_12_11B",5,12,7578,1,136
2023,"3018_13_9G",4,13,3018,1,129
2023,"3018_13_9G",5,13,3018,1,136
2023,"3018_13_9G",6,13,3018,2,143
2023,"3026_13_3E",6,13,3026,1,143
2023,"3088_13_9B",5,13,3088,1,136
2023,"3088_13_9B",6,13,3088,2,143
2023,"3088_13_9B",4,13,3088,1,129
2023,"3119_13_9H",6,13,3119,4,143
2023,"3119_13_9H",4,13,3119,2,129
2023,"3119_13_9H",5,13,3119,2,136
2023,"3120_13_2H",6,13,3120,1,143
2023,"3120_13_2H",3,13,3120,2,122
2023,"3120_13_2H",5,13,3120,3,136
2023,"3120_13_2H",4,13,3120,2,129
2023,"3123_13_5H",3,13,3123,3,122
2023,"3123_13_5H",5,13,3123,9,136
2023,"3123_13_5H",4,13,3123,4,129
2023,"3155_13_7A",3,13,3155,1,122
2023,"3155_13_7A",5,13,3155,3,136
2023,"3155_13_7A",4,13,3155,3,129
2023,"3178_13_1D",5,13,3178,1,136
2023,"3178_13_1D",3,13,3178,1,122
2023,"3178_13_1D",4,13,3178,1,129
2023,"3187_13_0J",6,13,3187,2,143
2023,"3187_13_0J",4,13,3187,2,129
2023,"3187_13_0J",5,13,3187,1,136
2023,"3187_13_0J",3,13,3187,1,122
2023,"3336_13_3B",3,13,3336,2,122
2023,"3336_13_3B",4,13,3336,2,129
2023,"3336_13_3B",5,13,3336,2,136
2023,"3367_13_3J",4,13,3367,1,129
2023,"3367_13_3J",5,13,3367,3,136
2023,"3367_13_3J",3,13,3367,1,122
2023,"3382_13_5B",3,13,3382,1,122
2023,"3382_13_5B",6,13,3382,2,143
2023,"3384_13_6G",6,13,3384,1,143
2023,"3390_13_8G",5,13,3390,3,136
2023,"3390_13_8G",3,13,3390,1,122
2023,"3390_13_8G",4,13,3390,1,129
2023,"3391_13_8G",4,13,3391,1,129
2023,"3391_13_8G",5,13,3391,1,136
2023,"3400_13_3J",5,13,3400,2,136
2023,"3400_13_3J",4,13,3400,2,129
2023,"3400_13_3J",6,13,3400,2,143
2023,"3421_13_0C",6,13,3421,1,143
2023,"3422_13_0C",5,13,3422,1,136
2023,"3422_13_0C",6,13,3422,1,143
2023,"3427_13_7H",4,13,3427,1,129
2023,"3427_13_7H",5,13,3427,1,136
2023,"3428_13_0D",5,13,3428,1,136
2023,"3429_13_0D",6,13,3429,2,143
2023,"3429_13_0D",3,13,3429,1,122
2023,"3429_13_0D",4,13,3429,1,129
2023,"3429_13_0D",5,13,3429,1,136
2023,"3431_13_0D",6,13,3431,2,143
2023,"3431_13_0D",5,13,3431,2,136
2023,"3431_13_0D",4,13,3431,2,129
2023,"3433_13_3A",4,13,3433,1,129
2023,"3433_13_3A",3,13,3433,1,122
2023,"3433_13_3A",5,13,3433,1,136
2023,"3441_13_1B",3,13,3441,1,122
2023,"3441_13_1B",4,13,3441,1,129
2023,"3441_13_1B",5,13,3441,3,136
2023,"3604_13_2H",5,13,3604,5,136
2023,"3604_13_2H",4,13,3604,2,129
2023,"3604_13_2H",3,13,3604,2,122
2023,"3616_13_10B",3,13,3616,1,122
2023,"3616_13_10B",5,13,3616,1,136
2023,"3616_13_10B",4,13,3616,1,129
2023,"3638_13_8C",6,13,3638,1,143
2023,"3642_13_9G",4,13,3642,2,129
2023,"3642_13_9G",3,13,3642,2,122
2023,"3642_13_9G",5,13,3642,5,136
2023,"3694_13_9A",4,13,3694,1,129
2023,"3694_13_9A",5,13,3694,1,136
2023,"3694_13_9A",6,13,3694,1,143
2023,"3726_13_0F",6,13,3726,1,143
2023,"3769_13_0G",3,13,3769,1,122
2023,"3769_13_0G",4,13,3769,1,129
2023,"3769_13_0G",5,13,3769,1,136
2023,"3769_13_0G",6,13,3769,3,143
2023,"3778_13_4I",5,13,3778,1,136
2023,"3778_13_4I",6,13,3778,1,143
2023,"3826_13_5A",4,13,3826,1,129
2023,"3826_13_5A",3,13,3826,1,122
2023,"3826_13_5A",5,13,3826,3,136
2023,"3978_13_2G",6,13,3978,3,143
2023,"3978_13_2G",3,13,3978,1,122
2023,"3978_13_2G",4,13,3978,1,129
2023,"3978_13_2G",5,13,3978,3,136
2023,"3980_13_0F",5,13,3980,1,136
2023,"3980_13_0F",4,13,3980,1,129
2023,"3980_13_0F",6,13,3980,2,143
2023,"7527_13_3G",5,13,7527,1,136
2023,"7527_13_3G",4,13,7527,1,129
2023,"7527_13_3G",6,13,7527,2,143
2023,"7537_13_4C",4,13,7537,1,129
2023,"7537_13_4C",5,13,7537,1,136
2023,"7537_13_4C",3,13,7537,1,122
2023,"7571_13_8G",5,13,7571,1,136
2023,"7571_13_8G",4,13,7571,1,129
2023,"7571_13_8G",3,13,7571,1,122
2023,"7589_13_7I",5,13,7589,1,136
2023,"7589_13_7I",6,13,7589,1,143
2023,"7592_13_7J",3,13,7592,1,122
2023,"7592_13_7J",4,13,7592,1,129
2023,"7592_13_7J",5,13,7592,2,136
2023,"3035_14_4A",4,14,3035,1,129
2023,"3035_14_4A",5,14,3035,1,136
2023,"3058_14_3A",5,14,3058,1,136
2023,"3058_14_3A",4,14,3058,1,129
2023,"3158_14_5B",5,14,3158,1,136
2023,"3158_14_5B",4,14,3158,1,129
2023,"3158_14_5B",3,14,3158,1,122
2023,"3300_14_8B",5,14,3300,1,136
2023,"3300_14_8B",4,14,3300,1,129
2023,"3305_14_9B",3,14,3305,1,122
2023,"3305_14_9B",4,14,3305,1,129
2023,"3305_14_9B",5,14,3305,1,136
2023,"3360_14_10C",3,14,3360,1,122
2023,"3360_14_10C",5,14,3360,2,136
2023,"3360_14_10C",4,14,3360,1,129
2023,"3379_14_3A",3,14,3379,1,122
2023,"3379_14_3A",5,14,3379,1,136
2023,"3379_14_3A",4,14,3379,1,129
2023,"3382_14_5A",5,14,3382,1,136
2023,"3382_14_5A",4,14,3382,1,129
2023,"3382_14_5A",3,14,3382,2,122
2023,"3430_14_8B",4,14,3430,1,129
2023,"3430_14_8B",5,14,3430,1,136
2023,"3431_14_1F",5,14,3431,1,136
2023,"3431_14_1F",4,14,3431,1,129
2023,"3432_14_4J",3,14,3432,1,122
2023,"3459_14_3A",4,14,3459,1,129
2023,"3459_14_3A",6,14,3459,1,143
2023,"3459_14_3A",5,14,3459,1,136
2023,"3463_14_6A",4,14,3463,1,129
2023,"3464_14_2A",4,14,3464,1,129
2023,"3464_14_2A",5,14,3464,1,136
2023,"3469_14_4A",4,14,3469,2,129
2023,"3469_14_4A",3,14,3469,2,122
2023,"3469_14_4A",5,14,3469,3,136
2023,"3475_14_6D",5,14,3475,1,136
2023,"3495_14_1A",3,14,3495,1,122
2023,"3495_14_1A",5,14,3495,1,136
2023,"3495_14_1A",4,14,3495,1,129
2023,"3520_14_9A",4,14,3520,1,129
2023,"3520_14_9A",5,14,3520,1,136
2023,"3556_14_17I",2,14,3556,1,115
2023,"3671_14_6C",3,14,3671,1,122
2023,"3671_14_6C",4,14,3671,1,129
2023,"3671_14_6C",5,14,3671,3,136
2023,"3689_14_7B",5,14,3689,1,136
2023,"3689_14_7B",4,14,3689,1,129
2023,"3699_14_0G",4,14,3699,1,129
2023,"3699_14_0G",6,14,3699,1,143
2023,"3699_14_0G",5,14,3699,1,136
2023,"3752_14_2I",6,14,3752,1,143
2023,"3754_14_1H",4,14,3754,1,129
2023,"3754_14_1H",5,14,3754,1,136
2023,"3816_14_7E",5,14,3816,1,136
2023,"3913_14_5E",5,14,3913,1,136
2023,"3913_14_5E",3,14,3913,1,122
2023,"3913_14_5E",4,14,3913,1,129
2023,"3926_14_7C",5,14,3926,2,136
2023,"3926_14_7C",4,14,3926,2,129
2023,"3926_14_7C",3,14,3926,1,122
2023,"7528_14_5A",5,14,7528,1,136
2023,"7528_14_5A",4,14,7528,1,129
2023,"7557_14_6F",5,14,7557,1,136
2023,"7557_14_6F",4,14,7557,1,129
2023,"3006_15_18A",5,15,3006,1,136
2023,"3006_15_18A",4,15,3006,1,129
2023,"3047_15_15J",4,15,3047,1,129
2023,"3047_15_15J",5,15,3047,3,136
2023,"3047_15_15J",6,15,3047,1,143
2023,"3076_15_12H",5,15,3076,1,136
2023,"3076_15_12H",4,15,3076,1,129
2023,"3116_15_17B",3,15,3116,3,122
2023,"3116_15_17B",5,15,3116,9,136
2023,"3116_15_17B",4,15,3116,8,129
2023,"3354_15_10B",3,15,3354,5,122
2023,"3354_15_10B",4,15,3354,5,129
2023,"3354_15_10B",5,15,3354,11,136
2023,"3368_15_14B",5,15,3368,1,136
2023,"3371_15_13B",5,15,3371,3,136
2023,"3371_15_13B",4,15,3371,2,129
2023,"3372_15_19A",4,15,3372,1,129
2023,"3372_15_19A",5,15,3372,1,136
2023,"3377_15_14H",6,15,3377,1,143
2023,"3377_15_14H",4,15,3377,2,129
2023,"3377_15_14H",5,15,3377,3,136
2023,"3377_15_14H",3,15,3377,2,122
2023,"3384_15_17J",4,15,3384,1,129
2023,"3384_15_17J",5,15,3384,1,136
2023,"3391_15_16A",5,15,3391,2,136
2023,"3391_15_16A",4,15,3391,1,129
2023,"3391_15_16A",3,15,3391,1,122
2023,"3395_15_16G",5,15,3395,3,136
2023,"3395_15_16G",6,15,3395,1,143
2023,"3395_15_16G",4,15,3395,2,129
2023,"3395_15_16G",3,15,3395,1,122
2023,"3397_15_10F",5,15,3397,1,136
2023,"3397_15_10F",4,15,3397,1,129
2023,"3397_15_10F",6,15,3397,1,143
2023,"3401_15_11H",2,15,3401,1,115
2023,"3401_15_11H",3,15,3401,3,122
2023,"3401_15_11H",4,15,3401,6,129
2023,"3401_15_11H",6,15,3401,1,143
2023,"3401_15_11H",5,15,3401,6,136
2023,"3436_15_17J",5,15,3436,1,136
2023,"3446_15_16B",5,15,3446,1,136
2023,"3455_15_15C",5,15,3455,2,136
2023,"3455_15_15C",3,15,3455,1,122
2023,"3455_15_15C",4,15,3455,1,129
2023,"3457_15_18A",5,15,3457,2,136
2023,"3457_15_18A",4,15,3457,2,129
2023,"3457_15_18A",3,15,3457,2,122
2023,"3482_15_16J",4,15,3482,1,129
2023,"3482_15_16J",5,15,3482,2,136
2023,"3482_15_16J",6,15,3482,1,143
2023,"3489_15_14G",5,15,3489,1,136
2023,"3489_15_14G",3,15,3489,1,122
2023,"3489_15_14G",4,15,3489,1,129
2023,"3490_15_11B",4,15,3490,1,129
2023,"3490_15_11B",3,15,3490,1,122
2023,"3490_15_11B",5,15,3490,3,136
2023,"3491_15_17E",3,15,3491,1,122
2023,"3491_15_17E",4,15,3491,2,129
2023,"3491_15_17E",5,15,3491,3,136
2023,"3491_15_17E",2,15,3491,1,115
2023,"3493_15_13E",3,15,3493,3,122
2023,"3493_15_13E",4,15,3493,3,129
2023,"3493_15_13E",5,15,3493,4,136
2023,"3498_15_14B",3,15,3498,1,122
2023,"3498_15_14B",4,15,3498,1,129
2023,"3498_15_14B",5,15,3498,1,136
2023,"3500_15_10C",5,15,3500,4,136
2023,"3500_15_10C",4,15,3500,2,129
2023,"3500_15_10C",3,15,3500,1,122
2023,"3581_15_15H",4,15,3581,2,129
2023,"3581_15_15H",5,15,3581,2,136
2023,"3581_15_15H",6,15,3581,2,143
2023,"3612_15_11D",5,15,3612,3,136
2023,"3612_15_11D",3,15,3612,1,122
2023,"3612_15_11D",6,15,3612,1,143
2023,"3612_15_11D",4,15,3612,1,129
2023,"3673_15_10A",2,15,3673,1,115
2023,"3673_15_10A",3,15,3673,1,122
2023,"3673_15_10A",4,15,3673,1,129
2023,"3673_15_10A",5,15,3673,2,136
2023,"3686_15_16H",4,15,3686,2,129
2023,"3686_15_16H",5,15,3686,2,136
2023,"3686_15_16H",3,15,3686,2,122
2023,"3734_15_0H",5,15,3734,1,136
2023,"3734_15_0H",4,15,3734,1,129
2023,"3734_15_0H",6,15,3734,1,143
2023,"3736_15_14B",3,15,3736,2,122
2023,"3736_15_14B",5,15,3736,5,136
2023,"3736_15_14B",4,15,3736,4,129
2023,"3737_15_10D",5,15,3737,2,136
2023,"3738_15_17H",3,15,3738,1,122
2023,"3738_15_17H",4,15,3738,1,129
2023,"3738_15_17H",5,15,3738,3,136
2023,"3766_15_19C",4,15,3766,2,129
2023,"3766_15_19C",3,15,3766,1,122
2023,"3766_15_19C",5,15,3766,2,136
2023,"3813_15_14C",3,15,3813,2,122
2023,"3813_15_14C",5,15,3813,4,136
2023,"3813_15_14C",6,15,3813,1,143
2023,"7521_15_1E",4,15,7521,1,129
2023,"7521_15_1E",5,15,7521,1,136
2023,"7572_15_2I",2,15,7572,1,115
