"year","plantid","plot","survey.period","init.doy"
2021,"3151_1_8H",1,4,124
2021,"3151_1_8H",1,4,124
2021,"3195_1_16B",1,3,117
2021,"3365_1_0J",1,6,138
2021,"3410_1_4J",1,4,124
2021,"3410_1_4J",1,4,124
2021,"3418_1_18E",1,4,124
2021,"3434_1_19F",1,5,131
2021,"3525_1_0E",1,4,124
2021,"3525_1_0E",1,6,138
2021,"3527_1_0H",1,5,131
2021,"3543_1_2F",1,3,117
2021,"3543_1_2F",1,3,117
2021,"3543_1_2F",1,6,138
2021,"3543_1_2F",1,6,138
2021,"3567_1_3I",1,3,117
2021,"3567_1_3I",1,3,117
2021,"3567_1_3I",1,6,138
2021,"3567_1_3I",1,6,138
2021,"3583_1_1I",1,4,124
2021,"3599_1_0I",1,4,124
2021,"3608_1_3D",1,5,131
2021,"3610_1_0C",1,5,131
2021,"3610_1_0C",1,5,131
2021,"3610_1_0C",1,5,131
2021,"3611_1_7I",1,4,124
2021,"3741_1_5I",1,4,124
2021,"3779_1_14B",1,3,117
2021,"3782_1_0J",1,4,124
2021,"3782_1_0J",1,6,138
2021,"3821_1_4A",1,5,131
2021,"3821_1_4A",1,5,131
2021,"3053_2_14B",2,4,124
2021,"3155_2_16A",2,3,117
2021,"3155_2_16A",2,3,117
2021,"3156_2_11E",2,3,117
2021,"3156_2_11E",2,3,117
2021,"3156_2_11E",2,4,124
2021,"3156_2_11E",2,4,124
2021,"3157_2_18E",2,5,131
2021,"3157_2_18E",2,5,131
2021,"3159_2_13H",2,3,117
2021,"3159_2_13H",2,5,131
2021,"3159_2_13H",2,5,131
2021,"3162_2_11I",2,3,117
2021,"3163_2_11D",2,6,138
2021,"3163_2_11D",2,4,124
2021,"3164_2_14B",2,3,117
2021,"3164_2_14B",2,3,117
2021,"3164_2_14B",2,4,124
2021,"3164_2_14B",2,4,124
2021,"3166_2_12B",2,5,131
2021,"3167_2_15B",2,5,131
2021,"3167_2_15B",2,4,124
2021,"3167_2_15B",2,5,131
2021,"3168_2_13J",2,3,117
2021,"3172_2_17A",2,3,117
2021,"3172_2_17A",2,3,117
2021,"3175_2_15A",2,4,124
2021,"3175_2_15A",2,4,124
2021,"3184_2_9G",2,4,124
2021,"3185_2_19B",2,5,131
2021,"3186_2_18D",2,6,138
2021,"3186_2_18D",2,6,138
2021,"3352_2_19H",2,5,131
2021,"3352_2_19H",2,4,124
2021,"3502_2_8B",2,4,124
2021,"3519_2_9G",2,3,117
2021,"3523_2_2D",2,4,124
2021,"3531_2_9B",2,3,117
2021,"3539_2_6D",2,4,124
2021,"3550_2_9I",2,3,117
2021,"3584_2_7F",2,5,131
2021,"3585_2_3C",2,4,124
2021,"3597_2_7H",2,3,117
2021,"3602_2_2B",2,4,124
2021,"3703_2_7C",2,5,131
2021,"3703_2_7C",2,5,131
2021,"3751_2_8A",2,3,117
2021,"3751_2_8A",2,3,117
2021,"3841_2_1C",2,5,131
2021,"3965_2_11A",2,5,131
2021,"3965_2_11A",2,3,117
2021,"3304_3_3B",3,3,117
2021,"3349_3_1F",3,3,117
2021,"3349_3_1F",3,3,117
2021,"3759_3_15B",3,3,117
2021,"3797_3_4I",3,4,124
2021,"3797_3_4I",3,4,124
2021,"2230_4_10J",4,4,124
2021,"2230_4_10J",4,4,124
2021,"2230_4_10J",4,4,124
2021,"2230_4_10J",4,4,124
2021,"3064_4_1H",4,4,124
2021,"3090_4_18P",4,4,124
2021,"3090_4_18P",4,4,124
2021,"3122_4_8J",4,6,138
2021,"3122_4_8J",4,6,138
2021,"3182_4_16H",4,4,124
2021,"3321_4_16L",4,5,131
2021,"3321_4_16L",4,3,117
2021,"3321_4_16L",4,3,117
2021,"3460_4_3J",4,6,138
2021,"3555_4_11T",4,5,131
2021,"3634_4_18O",4,4,124
2021,"3730_4_0I",4,4,124
2021,"3732_4_16M",4,4,124
2021,"3735_4_16M",4,4,124
2021,"3750_4_12P",4,3,117
2021,"3067_5_16F",5,3,117
2021,"3093_5_14A",5,3,117
2021,"3124_5_16D",5,2,110
2021,"3127_5_16B",5,2,110
2021,"3135_5_18D",5,2,110
2021,"3144_5_14J",5,3,117
2021,"3197_5_3A",5,4,124
2021,"3197_5_3A",5,4,124
2021,"3197_5_3A",5,3,117
2021,"3197_5_3A",5,3,117
2021,"3200_5_4F",5,2,110
2021,"3470_5_13I",5,3,117
2021,"3473_5_18G",5,4,124
2021,"3476_5_12E",5,3,117
2021,"3488_5_13I",5,2,110
2021,"3488_5_13I",5,3,117
2021,"3560_5_3B",5,3,117
2021,"3560_5_3B",5,3,117
2021,"3560_5_3B",5,5,131
2021,"3560_5_3B",5,5,131
2021,"3644_5_8H",5,3,117
2021,"3649_5_11A",5,4,124
2021,"3833_5_16B",5,3,117
2021,"5021_5_6E",5,2,110
2021,"5045_5_13C",5,4,124
2021,"3070_6_4G",6,6,138
2021,"3070_6_4G",6,6,138
2021,"3070_6_4G",6,3,117
2021,"3070_6_4G",6,3,117
2021,"3070_6_4G",6,5,131
2021,"3070_6_4G",6,5,131
2021,"3136_6_16B",6,3,117
2021,"3136_6_16B",6,5,131
2021,"3140_6_18F",6,4,124
2021,"3140_6_18F",6,4,124
2021,"3141_6_15E",6,3,117
2021,"3141_6_15E",6,4,124
2021,"3141_6_15E",6,3,117
2021,"3173_6_18F",6,4,124
2021,"3319_6_11A",6,4,124
2021,"3319_6_11A",6,4,124
2021,"3319_6_11A",6,4,124
2021,"3319_6_11A",6,4,124
2021,"3319_6_11A",6,6,138
2021,"3319_6_11A",6,6,138
2021,"3319_6_11A",6,6,138
2021,"3319_6_11A",6,6,138
2021,"3345_6_12D",6,5,131
2021,"3345_6_12D",6,5,131
2021,"3345_6_12D",6,4,124
2021,"3345_6_12D",6,4,124
2021,"3345_6_12D",6,3,117
2021,"3345_6_12D",6,3,117
2021,"3358_6_12D",6,4,124
2021,"3358_6_12D",6,5,131
2021,"3358_6_12D",6,3,117
2021,"3360_6_12C",6,5,131
2021,"3360_6_12C",6,5,131
2021,"3360_6_12C",6,6,138
2021,"3360_6_12C",6,6,138
2021,"3372_6_14G",6,6,138
2021,"3372_6_14G",6,4,124
2021,"3400_6_8E",6,5,131
2021,"3454_6_15H",6,4,124
2021,"3456_6_13B",6,3,117
2021,"3466_6_19B",6,3,117
2021,"3489_6_13B",6,4,124
2021,"3518_6_10I",6,3,117
2021,"3518_6_10I",6,4,124
2021,"3630_6_16I",6,3,117
2021,"3630_6_16I",6,3,117
2021,"3643_6_18H",6,4,124
2021,"3643_6_18H",6,4,124
2021,"3648_6_16F",6,4,124
2021,"3648_6_16F",6,4,124
2021,"3669_6_14E",6,4,124
2021,"3669_6_14E",6,5,131
2021,"3725_6_15G",6,5,131
2021,"3729_6_19F",6,6,138
2021,"3729_6_19F",6,6,138
2021,"3729_6_19F",6,5,131
2021,"3729_6_19F",6,5,131
2021,"3733_6_15G",6,5,131
2021,"3743_6_18A",6,6,138
2021,"3748_6_5E",6,2,110
2021,"3748_6_5E",6,5,131
2021,"3753_6_11A",6,5,131
2021,"3773_6_19F",6,5,131
2021,"3777_6_15G",6,5,131
2021,"3887_6_16D",6,5,131
2021,"3887_6_16D",6,5,131
2021,"3918_6_7C",6,5,131
2021,"3089_7_5I",7,3,117
2021,"3298_7_9C",7,3,117
2021,"3298_7_9C",7,4,124
2021,"3450_7_4H",7,3,117
2021,"3453_7_0C",7,2,110
2021,"3453_7_0C",7,3,117
2021,"3866_7_10B",7,3,117
2021,"3874_7_8C",7,3,117
2021,"3994_7_9J",7,4,124
2021,"3994_7_9J",7,4,124
2021,"5047_7_9B",7,3,117
2021,"5049_7_2D",7,3,117
2021,"3143_9_14T",9,4,124
2021,"3143_9_14T",9,6,138
2021,"3190_10_1B",10,3,117
2021,"3135_12_7G",12,3,117
2021,"3135_12_7G",12,6,138
2021,"3536_12_18A",12,5,131
2021,"3536_12_18A",12,3,117
2021,"3578_12_15A",12,3,117
2021,"3578_12_15A",12,5,131
2021,"3018_13_10G",13,4,124
2021,"3023_13_16G",13,4,124
2021,"3128_13_13H",13,6,138
2021,"3142_13_17A",13,5,131
2021,"3143_13_11A",13,4,124
2021,"3155_13_5A",13,5,131
2021,"3180_13_17H",13,6,138
2021,"3187_13_1J",13,4,124
2021,"3196_13_14A",13,3,117
2021,"3357_13_16J",13,6,138
2021,"3373_13_13J",13,6,138
2021,"3376_13_16F",13,5,131
2021,"3376_13_16F",13,5,131
2021,"3382_13_5C",13,3,117
2021,"3390_13_7G",13,5,131
2021,"3396_13_12B",13,7,145
2021,"3396_13_12B",13,5,131
2021,"3396_13_12B",13,3,117
2021,"3397_13_17G",13,5,131
2021,"3400_13_3H",13,4,124
2021,"3421_13_0C",13,4,124
2021,"3421_13_0C",13,4,124
2021,"3428_13_0D",13,3,117
2021,"3428_13_0D",13,3,117
2021,"3428_13_4C",13,5,131
2021,"3429_13_0D",13,4,124
2021,"3429_13_0D",13,4,124
2021,"3433_13_3A",13,3,117
2021,"3433_13_3A",13,3,117
2021,"3481_13_12F",13,4,124
2021,"3494_13_16D",13,2,110
2021,"3494_13_16D",13,4,124
2021,"3515_13_14G",13,4,124
2021,"3515_13_14G",13,4,124
2021,"3595_13_2F",13,3,117
2021,"3605_13_15F",13,6,138
2021,"3616_13_10B",13,3,117
2021,"3616_13_10B",13,3,117
2021,"3620_13_12J",13,3,117
2021,"3628_13_17D",13,6,138
2021,"3628_13_17D",13,6,138
2021,"3642_13_10G",13,4,124
2021,"3642_13_10G",13,3,117
2021,"3675_13_13I",13,6,138
2021,"3675_13_13I",13,3,117
2021,"3705_13_14H",13,8,152
2021,"3726_13_0E",13,4,124
2021,"3756_13_12G",13,6,138
2021,"3769_13_0G",13,4,124
2021,"3769_13_0G",13,4,124
2021,"3775_13_11G",13,5,131
2021,"3780_13_7J",13,5,131
2021,"3826_13_5A",13,5,131
2021,"3826_13_5A",13,5,131
2021,"3853_13_16A",13,4,124
2021,"3853_13_16A",13,6,138
2021,"3978_13_2F",13,4,124
2021,"3978_13_2F",13,4,124
2021,"3149_14_29A",14,5,131
2021,"3305_14_7B",14,4,124
2021,"3360_14_8D",14,4,124
2021,"3363_14_15H",14,4,124
2021,"3363_14_15H",14,2,110
2021,"3363_14_15H",14,4,124
2021,"3432_14_2J",14,3,117
2021,"3556_14_15H",14,2,110
2021,"3556_14_15H",14,4,124
2021,"3607_14_10D",14,6,138
2021,"3661_14_7I",14,3,117
2021,"3014_15_9I",15,5,131
2021,"3047_15_14J",15,2,110
2021,"3047_15_14J",15,3,117
2021,"3052_15_3J",15,5,131
2021,"3065_15_2F",15,3,117
2021,"3065_15_2F",15,3,117
2021,"3065_15_2F",15,2,110
2021,"3065_15_2F",15,2,110
2021,"3065_15_2F",15,3,117
2021,"3065_15_2F",15,3,117
2021,"3065_15_2F",15,7,145
2021,"3065_15_2F",15,7,145
2021,"3065_15_2F",15,5,131
2021,"3065_15_2F",15,5,131
2021,"3068_15_6I",15,3,117
2021,"3076_15_13H",15,3,117
2021,"3083_15_7I",15,5,131
2021,"3083_15_7I",15,4,124
2021,"3095_15_6J",15,3,117
2021,"3095_15_6J",15,5,131
2021,"3116_15_16C",15,3,117
2021,"3116_15_16C",15,4,124
2021,"3116_15_16C",15,3,117
2021,"3116_15_16C",15,4,124
2021,"3297_15_12I",15,3,117
2021,"3341_15_3H",15,4,124
2021,"3341_15_3H",15,3,117
2021,"3354_15_11B",15,3,117
2021,"3371_15_14C",15,4,124
2021,"3371_15_14C",15,4,124
2021,"3372_15_19C",15,2,110
2021,"3372_15_19C",15,4,124
2021,"3377_15_14G",15,3,117
2021,"3377_15_14G",15,2,110
2021,"3391_15_16A",15,2,110
2021,"3391_15_16A",15,2,110
2021,"3391_15_16A",15,5,131
2021,"3391_15_16A",15,5,131
2021,"3393_15_0J",15,3,117
2021,"3395_15_16G",15,4,124
2021,"3395_15_16G",15,4,124
2021,"3397_15_11F",15,3,117
2021,"3417_15_6I",15,2,110
2021,"3423_15_2I",15,5,131
2021,"3427_15_1J",15,3,117
2021,"3436_15_12H",15,5,131
2021,"3455_15_15C",15,3,117
2021,"3455_15_15C",15,3,117
2021,"3479_15_5F",15,4,124
2021,"3481_15_15H",15,3,117
2021,"3481_15_15H",15,3,117
2021,"3489_15_14G",15,2,110
2021,"3489_15_14G",15,2,110
2021,"3490_15_12C",15,2,110
2021,"3491_15_17E",15,3,117
2021,"3491_15_17E",15,3,117
2021,"3500_15_10D",15,2,110
2021,"3581_15_15I",15,4,124
2021,"3581_15_15I",15,4,124
2021,"3612_15_12E",15,4,124
2021,"3659_15_4C",15,2,110
2021,"3673_15_10A",15,2,110
2021,"3673_15_10A",15,2,110
2021,"3686_15_16H",15,4,124
2021,"3686_15_16H",15,4,124
2021,"3686_15_16H",15,6,138
2021,"3686_15_16H",15,6,138
2021,"3686_15_16H",15,4,124
2021,"3686_15_16H",15,4,124
2021,"3738_15_17H",15,2,110
2021,"3738_15_17H",15,2,110
2021,"3738_15_17H",15,4,124
2021,"3738_15_17H",15,4,124
2021,"3740_15_13J",15,4,124
2021,"3757_15_13G",15,4,124
2021,"3774_15_9F",15,4,124
2021,"3863_15_8I",15,3,117
2021,"3882_15_2I",15,3,117
2021,"3892_15_0B",15,4,124
2022,"3126_1",1,6,130
2022,"3151_1",1,8,144
2022,"3192_1",1,7,137
2022,"3347_1",1,7,137
2022,"3365_1",1,6,130
2022,"3410_1",1,8,144
2022,"3412_1",1,8,144
2022,"3424_1",1,7,137
2022,"3432_1",1,8,144
2022,"3432_1",1,8,144
2022,"3434_1",1,8,144
2022,"3506_1",1,8,144
2022,"3506_1",1,7,137
2022,"3506_1",1,9,151
2022,"3525_1",1,7,137
2022,"3542_1",1,7,137
2022,"3542_1",1,7,137
2022,"3542_1",1,8,144
2022,"3543_1",1,9,151
2022,"3567_1",1,8,144
2022,"3567_1",1,4,116
2022,"3583_1",1,9,151
2022,"3599_1",1,7,137
2022,"3599_1",1,6,130
2022,"3608_1",1,9,151
2022,"3608_1",1,9,151
2022,"3608_1",1,7,137
2022,"3610_1",1,9,151
2022,"3610_1",1,9,151
2022,"3610_1",1,9,151
2022,"3610_1",1,9,151
2022,"3610_1",1,9,151
2022,"3610_1",1,9,151
2022,"3611_1",1,6,130
2022,"3627_1",1,6,130
2022,"3645_1",1,7,137
2022,"3741_1",1,7,137
2022,"3741_1",1,9,151
2022,"3741_1",1,9,151
2022,"3763_1",1,6,130
2022,"3779_1",1,6,130
2022,"3779_1",1,9,151
2022,"3782_1",1,8,144
2022,"3814_1",1,6,130
2022,"3814_1",1,8,144
2022,"3821_1",1,4,116
2022,"3821_1",1,8,144
2022,"3821_1",1,8,144
2022,"3845_1",1,8,144
2022,"3879_1",1,8,144
2022,"3930_1",1,6,130
2022,"3930_1",1,8,144
2022,"3930_1",1,4,116
2022,"3930_1",1,8,144
2022,"3935_1",1,9,151
2022,"3935_1",1,6,130
2022,"7536_1",1,7,137
2022,"7562_1",1,6,130
2022,"3013_2",2,8,144
2022,"3155_2",2,7,137
2022,"3156_2",2,5,123
2022,"3157_2",2,8,144
2022,"3157_2",2,8,144
2022,"3157_2",2,5,123
2022,"3159_2",2,7,137
2022,"3159_2",2,8,144
2022,"3163_2",2,8,144
2022,"3164_2",2,8,144
2022,"3166_2",2,8,144
2022,"3166_2",2,4,116
2022,"3167_2",2,8,144
2022,"3167_2",2,5,123
2022,"3169_2",2,6,130
2022,"3172_2",2,5,123
2022,"3172_2",2,8,144
2022,"3175_2",2,7,137
2022,"3185_2",2,6,130
2022,"3185_2",2,9,151
2022,"3190_2",2,8,144
2022,"3352_2",2,6,130
2022,"3413_2",2,6,130
2022,"3413_2",2,8,144
2022,"3477_2",2,9,151
2022,"3480_2",2,6,130
2022,"3519_2",2,3,109
2022,"3519_2",2,7,137
2022,"3531_2",2,6,130
2022,"3531_2",2,8,144
2022,"3550_2",2,7,137
2022,"3550_2",2,9,151
2022,"3562_2",2,8,144
2022,"3597_2",2,4,116
2022,"3597_2",2,8,144
2022,"3597_2",2,8,144
2022,"3703_2",2,6,130
2022,"3751_2",2,6,130
2022,"3751_2",2,8,144
2022,"3865_2",2,6,130
2022,"3891_2",2,7,137
2022,"3015_3",3,6,130
2022,"3056_3",3,6,130
2022,"3081_3",3,8,144
2022,"3151_3",3,11,165
2022,"3151_3",3,8,144
2022,"3304_3",3,6,130
2022,"3304_3",3,9,151
2022,"3313_3",3,8,144
2022,"3349_3",3,6,130
2022,"3349_3",3,9,151
2022,"3349_3",3,9,151
2022,"3462_3",3,8,144
2022,"3462_3",3,4,116
2022,"3462_3",3,8,144
2022,"3624_3",3,8,144
2022,"3759_3",3,7,137
2022,"3759_3",3,7,137
2022,"3759_3",3,7,137
2022,"3759_3",3,2,102
2022,"3796_3",3,7,137
2022,"3797_3",3,5,123
2022,"3797_3",3,8,144
2022,"3798_3",3,7,137
2022,"3799_3",3,8,144
2022,"3846_3",3,8,144
2022,"3906_3",3,8,144
2022,"7573_3",3,7,137
2022,"1411_4",4,10,158
2022,"1411_4",4,2,102
2022,"1411_4",4,5,123
2022,"2238_4",4,8,144
2022,"2238_4",4,7,137
2022,"2238_4",4,8,144
2022,"3007_4",4,7,137
2022,"3122_4",4,7,137
2022,"3122_4",4,8,144
2022,"3122_4",4,9,151
2022,"3182_4",4,7,137
2022,"3182_4",4,8,144
2022,"3364_4",4,8,144
2022,"3364_4",4,5,123
2022,"3364_4",4,7,137
2022,"3656_4",4,8,144
2022,"3730_4",4,9,151
2022,"3730_4",4,7,137
2022,"3787_4",4,8,144
2022,"7545_4",4,8,144
2022,"7545_4",4,9,151
2022,"7550_4",4,9,151
2022,"7550_4",4,9,151
2022,"7550_4",4,4,116
2022,"7550_4",4,11,165
2022,"7591_4",4,9,151
2022,"7591_4",4,7,137
2022,"7591_4",4,9,151
2022,"3010_5",5,3,109
2022,"3010_5",5,8,144
2022,"3022_5",5,7,137
2022,"3022_5",5,4,116
2022,"3067_5",5,7,137
2022,"3067_5",5,5,123
2022,"3067_5",5,2,102
2022,"3074_5",5,9,151
2022,"3074_5",5,9,151
2022,"3074_5",5,5,123
2022,"3093_5",5,7,137
2022,"3108_5",5,8,144
2022,"3109_5",5,8,144
2022,"3109_5",5,5,123
2022,"3124_5",5,8,144
2022,"3124_5",5,4,116
2022,"3125_5",5,6,130
2022,"3127_5",5,7,137
2022,"3127_5",5,7,137
2022,"3135_5",5,6,130
2022,"3135_5",5,5,123
2022,"3135_5",5,2,102
2022,"3148_5",5,7,137
2022,"3152_5",5,8,144
2022,"3153_5",5,7,137
2022,"3161_5",5,8,144
2022,"3161_5",5,4,116
2022,"3161_5",5,8,144
2022,"3178_5",5,7,137
2022,"3178_5",5,6,130
2022,"3193_5",5,8,144
2022,"3196_5",5,5,123
2022,"3196_5",5,9,151
2022,"3197_5",5,8,144
2022,"3197_5",5,8,144
2022,"3197_5",5,5,123
2022,"3197_5",5,5,123
2022,"3198_5",5,8,144
2022,"3198_5",5,6,130
2022,"3199_5",5,9,151
2022,"3199_5",5,5,123
2022,"3200_5",5,7,137
2022,"3200_5",5,7,137
2022,"3200_5",5,4,116
2022,"3338_5",5,4,116
2022,"3338_5",5,7,137
2022,"3465_5",5,7,137
2022,"3465_5",5,8,144
2022,"3473_5",5,2,102
2022,"3473_5",5,6,130
2022,"3473_5",5,5,123
2022,"3476_5",5,7,137
2022,"3476_5",5,3,109
2022,"3479_5",5,8,144
2022,"3479_5",5,4,116
2022,"3488_5",5,5,123
2022,"3488_5",5,5,123
2022,"3488_5",5,8,144
2022,"3488_5",5,8,144
2022,"3488_5",5,5,123
2022,"3499_5",5,8,144
2022,"3499_5",5,5,123
2022,"3516_5",5,6,130
2022,"3516_5",5,7,137
2022,"3546_5",5,8,144
2022,"3546_5",5,4,116
2022,"3560_5",5,7,137
2022,"3615_5",5,9,151
2022,"3615_5",5,6,130
2022,"3644_5",5,6,130
2022,"3649_5",5,6,130
2022,"3663_5",5,8,144
2022,"3663_5",5,4,116
2022,"3685_5",5,8,144
2022,"3685_5",5,6,130
2022,"3685_5",5,4,116
2022,"3697_5",5,3,109
2022,"3710_5",5,8,144
2022,"3710_5",5,4,116
2022,"3710_5",5,8,144
2022,"3788_5",5,8,144
2022,"3810_5",5,4,116
2022,"3810_5",5,8,144
2022,"3810_5",5,7,137
2022,"3811_5",5,7,137
2022,"3820_5",5,7,137
2022,"3833_5",5,9,151
2022,"3833_5",5,6,130
2022,"3869_5",5,6,130
2022,"3877_5",5,8,144
2022,"3888_5",5,4,116
2022,"3896_5",5,2,102
2022,"3896_5",5,7,137
2022,"3987_5",5,6,130
2022,"3988_5",5,8,144
2022,"3988_5",5,5,123
2022,"5021_5",5,5,123
2022,"5021_5",5,2,102
2022,"5021_5",5,6,130
2022,"5022_5",5,6,130
2022,"5026_5",5,4,116
2022,"5026_5",5,7,137
2022,"5036_5",5,8,144
2022,"5036_5",5,4,116
2022,"5042_5",5,8,144
2022,"5044_5",5,5,123
2022,"5044_5",5,5,123
2022,"5045_5",5,10,158
2022,"7522_5",5,8,144
2022,"7526_5",5,5,123
2022,"7546_5",5,6,130
2022,"7555_5",5,6,130
2022,"3005_6",6,5,123
2022,"3008_6",6,8,144
2022,"3070_6",6,8,144
2022,"3070_6",6,11,165
2022,"3070_6",6,3,109
2022,"3136_6",6,7,137
2022,"3136_6",6,7,137
2022,"3136_6",6,7,137
2022,"3136_6",6,4,116
2022,"3140_6",6,8,144
2022,"3140_6",6,8,144
2022,"3140_6",6,5,123
2022,"3141_6",6,5,123
2022,"3141_6",6,10,158
2022,"3142_6",6,10,158
2022,"3173_6",6,6,130
2022,"3173_6",6,8,144
2022,"3173_6",6,8,144
2022,"3179_6",6,8,144
2022,"3179_6",6,12,172
2022,"3179_6",6,12,172
2022,"3179_6",6,5,123
2022,"3179_6",6,8,144
2022,"3319_6",6,8,144
2022,"3319_6",6,7,137
2022,"3319_6",6,8,144
2022,"3319_6",6,8,144
2022,"3319_6",6,8,144
2022,"3345_6",6,7,137
2022,"3345_6",6,8,144
2022,"3345_6",6,10,158
2022,"3345_6",6,3,109
2022,"3358_6",6,4,116
2022,"3358_6",6,7,137
2022,"3358_6",6,7,137
2022,"3358_6",6,7,137
2022,"3358_6",6,12,172
2022,"3360_6",6,6,130
2022,"3360_6",6,8,144
2022,"3372_6",6,8,144
2022,"3374_6",6,7,137
2022,"3400_6",6,10,158
2022,"3466_6",6,6,130
2022,"3466_6",6,8,144
2022,"3489_6",6,8,144
2022,"3518_6",6,10,158
2022,"3518_6",6,10,158
2022,"3518_6",6,6,130
2022,"3630_6",6,7,137
2022,"3630_6",6,8,144
2022,"3630_6",6,5,123
2022,"3643_6",6,6,130
2022,"3643_6",6,8,144
2022,"3643_6",6,8,144
2022,"3648_6",6,10,158
2022,"3648_6",6,10,158
2022,"3648_6",6,6,130
2022,"3669_6",6,10,158
2022,"3669_6",6,5,123
2022,"3725_6",6,6,130
2022,"3725_6",6,8,144
2022,"3729_6",6,5,123
2022,"3729_6",6,8,144
2022,"3733_6",6,6,130
2022,"3733_6",6,8,144
2022,"3743_6",6,7,137
2022,"3773_6",6,7,137
2022,"3777_6",6,8,144
2022,"3777_6",6,6,130
2022,"3789_6",6,10,158
2022,"3887_6",6,8,144
2022,"3887_6",6,6,130
2022,"3887_6",6,8,144
2022,"3955_6",6,10,158
2022,"7587_6",6,7,137
2022,"7587_6",6,10,158
2022,"3044_7",7,6,130
2022,"3044_7",7,8,144
2022,"3089_7",7,7,137
2022,"3089_7",7,3,109
2022,"3100_7",7,7,137
2022,"3298_7",7,4,116
2022,"3298_7",7,8,144
2022,"3368_7",7,8,144
2022,"3370_7",7,9,151
2022,"3375_7",7,6,130
2022,"3375_7",7,7,137
2022,"3401_7",7,7,137
2022,"3403_7",7,9,151
2022,"3406_7",7,7,137
2022,"3408_7",7,8,144
2022,"3443_7",7,6,130
2022,"3446_7",7,5,123
2022,"3446_7",7,3,109
2022,"3450_7",7,2,102
2022,"3450_7",7,7,137
2022,"3450_7",7,7,137
2022,"3452_7",7,8,144
2022,"3452_7",7,8,144
2022,"3452_7",7,8,144
2022,"3452_7",7,3,109
2022,"3453_7",7,6,130
2022,"3453_7",7,7,137
2022,"3453_7",7,9,151
2022,"3688_7",7,7,137
2022,"3688_7",7,9,151
2022,"3874_7",7,5,123
2022,"3886_7",7,5,123
2022,"3981_7",7,4,116
2022,"3981_7",7,8,144
2022,"3994_7",7,5,123
2022,"3994_7",7,11,165
2022,"3994_7",7,5,123
2022,"3994_7",7,8,144
2022,"3994_7",7,8,144
2022,"3994_7",7,8,144
2022,"5032_7",7,8,144
2022,"5032_7",7,5,123
2022,"5047_7",7,6,130
2022,"5047_7",7,9,151
2022,"5048_7",7,8,144
2022,"5049_7",7,8,144
2022,"5049_7",7,4,116
2022,"5050_7",7,8,144
2022,"5051_7",7,9,151
2022,"5051_7",7,5,123
2022,"5053_7",7,7,137
2022,"5054_7",7,8,144
2022,"5056_7",7,9,151
2022,"5056_7",7,9,151
2022,"7544_7",7,8,144
2022,"3190_10",10,4,116
2022,"3190_10",10,7,137
2022,"3353_10",10,3,109
2022,"3353_10",10,7,137
2022,"3547_10",10,6,130
2022,"3655_10",10,7,137
2022,"3655_10",10,3,109
2022,"3002_12",12,6,130
2022,"3002_12",12,9,151
2022,"3002_12",12,9,151
2022,"3129_12",12,7,137
2022,"3129_12",12,3,109
2022,"3131_12",12,8,144
2022,"3135_12",12,8,144
2022,"3135_12",12,5,123
2022,"3135_12",12,8,144
2022,"3137_12",12,8,144
2022,"3145_12",12,8,144
2022,"3395_12",12,5,123
2022,"3395_12",12,8,144
2022,"3413_12",12,9,151
2022,"3423_12",12,8,144
2022,"3423_12",12,9,151
2022,"3423_12",12,9,151
2022,"3445_12",12,8,144
2022,"3449_12",12,7,137
2022,"3449_12",12,9,151
2022,"3451_12",12,9,151
2022,"3451_12",12,7,137
2022,"3451_12",12,10,158
2022,"3536_12",12,7,137
2022,"3536_12",12,4,116
2022,"3536_12",12,7,137
2022,"3551_12",12,8,144
2022,"3578_12",12,6,130
2022,"3578_12",12,7,137
2022,"3578_12",12,3,109
2022,"3018_13",13,8,144
2022,"3018_13",13,4,116
2022,"3018_13",13,8,144
2022,"3026_13",13,8,144
2022,"3042_13",13,8,144
2022,"3088_13",13,5,123
2022,"3088_13",13,8,144
2022,"3088_13",13,5,123
2022,"3088_13",13,8,144
2022,"3108_13",13,7,137
2022,"3112_13",13,7,137
2022,"3118_13",13,4,116
2022,"3118_13",13,8,144
2022,"3119_13",13,5,123
2022,"3119_13",13,8,144
2022,"3120_13",13,4,116
2022,"3120_13",13,8,144
2022,"3123_13",13,9,151
2022,"3123_13",13,8,144
2022,"3123_13",13,6,130
2022,"3123_13",13,8,144
2022,"3126_13",13,9,151
2022,"3126_13",13,6,130
2022,"3126_13",13,11,165
2022,"3128_13",13,7,137
2022,"3143_13",13,6,130
2022,"3155_13",13,8,144
2022,"3167_13",13,7,137
2022,"3178_13",13,8,144
2022,"3180_13",13,8,144
2022,"3187_13",13,5,123
2022,"3187_13",13,8,144
2022,"3196_13",13,6,130
2022,"3196_13",13,6,130
2022,"3333_13",13,9,151
2022,"3333_13",13,9,151
2022,"3336_13",13,8,144
2022,"3357_13",13,8,144
2022,"3358_13",13,9,151
2022,"3358_13",13,6,130
2022,"3358_13",13,9,151
2022,"3367_13",13,6,130
2022,"3373_13",13,6,130
2022,"3373_13",13,8,144
2022,"3376_13",13,8,144
2022,"3376_13",13,8,144
2022,"3376_13",13,8,144
2022,"3376_13",13,4,116
2022,"3382_13",13,7,137
2022,"3382_13",13,7,137
2022,"3382_13",13,3,109
2022,"3384_13",13,8,144
2022,"3390_13",13,8,144
2022,"3390_13",13,4,116
2022,"3391_13",13,7,137
2022,"3396_13",13,9,151
2022,"3396_13",13,9,151
2022,"3396_13",13,8,144
2022,"3397_13",13,9,151
2022,"3397_13",13,7,137
2022,"3421_13",13,12,172
2022,"3421_13",13,8,144
2022,"3421_13",13,6,130
2022,"3422_13",13,9,151
2022,"3428_13",13,9,151
2022,"3429_13",13,6,130
2022,"3431_13",13,6,130
2022,"3431_13",13,8,144
2022,"3433_13",13,7,137
2022,"3433_13",13,8,144
2022,"3433_13",13,8,144
2022,"3433_13",13,4,116
2022,"3441_13",13,7,137
2022,"3441_13",13,3,109
2022,"3441_13",13,7,137
2022,"3481_13",13,9,151
2022,"3481_13",13,9,151
2022,"3481_13",13,8,144
2022,"3494_13",13,8,144
2022,"3494_13",13,4,116
2022,"3494_13",13,8,144
2022,"3497_13",13,9,151
2022,"3515_13",13,8,144
2022,"3515_13",13,4,116
2022,"3515_13",13,5,123
2022,"3515_13",13,8,144
2022,"3565_13",13,7,137
2022,"3590_13",13,6,130
2022,"3593_13",13,5,123
2022,"3593_13",13,8,144
2022,"3604_13",13,4,116
2022,"3604_13",13,8,144
2022,"3604_13",13,7,137
2022,"3605_13",13,8,144
2022,"3605_13",13,4,116
2022,"3605_13",13,8,144
2022,"3614_13",13,8,144
2022,"3616_13",13,8,144
2022,"3616_13",13,4,116
2022,"3620_13",13,4,116
2022,"3620_13",13,8,144
2022,"3628_13",13,8,144
2022,"3628_13",13,9,151
2022,"3638_13",13,8,144
2022,"3638_13",13,6,130
2022,"3638_13",13,8,144
2022,"3642_13",13,5,123
2022,"3642_13",13,8,144
2022,"3642_13",13,2,102
2022,"3642_13",13,5,123
2022,"3642_13",13,8,144
2022,"3675_13",13,8,144
2022,"3675_13",13,4,116
2022,"3701_13",13,9,151
2022,"3705_13",13,12,172
2022,"3705_13",13,9,151
2022,"3724_13",13,9,151
2022,"3726_13",13,8,144
2022,"3769_13",13,7,137
2022,"3775_13",13,6,130
2022,"3775_13",13,9,151
2022,"3780_13",13,7,137
2022,"3780_13",13,9,151
2022,"3826_13",13,3,109
2022,"3826_13",13,6,130
2022,"3853_13",13,9,151
2022,"3853_13",13,7,137
2022,"3853_13",13,9,151
2022,"3853_13",13,8,144
2022,"3978_13",13,7,137
2022,"3978_13",13,7,137
2022,"3978_13",13,3,109
2022,"3978_13",13,7,137
2022,"3980_13",13,6,130
2022,"3989_13",13,9,151
2022,"7532_13",13,6,130
2022,"7532_13",13,9,151
2022,"7537_13",13,7,137
2022,"7537_13",13,7,137
2022,"7537_13",13,4,116
2022,"7592_13",13,9,151
2022,"7592_13",13,7,137
2022,"3004_14",14,2,102
2022,"3004_14",14,8,144
2022,"3035_14",14,8,144
2022,"3035_14",14,8,144
2022,"3035_14",14,4,116
2022,"3086_14",14,9,151
2022,"3086_14",14,6,130
2022,"3101_14",14,6,130
2022,"3118_14",14,8,144
2022,"3149_14",14,9,151
2022,"3149_14",14,9,151
2022,"3149_14",14,9,151
2022,"3158_14",14,5,123
2022,"3158_14",14,8,144
2022,"3305_14",14,6,130
2022,"3360_14",14,8,144
2022,"3360_14",14,6,130
2022,"3360_14",14,2,102
2022,"3360_14",14,5,123
2022,"3363_14",14,4,116
2022,"3363_14",14,7,137
2022,"3363_14",14,9,151
2022,"3363_14",14,7,137
2022,"3366_14",14,8,144
2022,"3366_14",14,5,123
2022,"3379_14",14,12,172
2022,"3379_14",14,5,123
2022,"3385_14",14,8,144
2022,"3430_14",14,8,144
2022,"3430_14",14,4,116
2022,"3432_14",14,7,137
2022,"3432_14",14,7,137
2022,"3432_14",14,4,116
2022,"3433_14",14,8,144
2022,"3433_14",14,5,123
2022,"3440_14",14,8,144
2022,"3459_14",14,8,144
2022,"3459_14",14,4,116
2022,"3463_14",14,8,144
2022,"3464_14",14,8,144
2022,"3469_14",14,6,130
2022,"3526_14",14,4,116
2022,"3526_14",14,7,137
2022,"3526_14",14,7,137
2022,"3556_14",14,6,130
2022,"3556_14",14,2,102
2022,"3556_14",14,6,130
2022,"3575_14",14,8,144
2022,"3607_14",14,9,151
2022,"3607_14",14,6,130
2022,"3661_14",14,8,144
2022,"3661_14",14,4,116
2022,"3661_14",14,8,144
2022,"3671_14",14,4,116
2022,"3671_14",14,8,144
2022,"3682_14",14,9,151
2022,"3682_14",14,7,137
2022,"3682_14",14,9,151
2022,"3699_14",14,5,123
2022,"3699_14",14,8,144
2022,"3711_14",14,8,144
2022,"3752_14",14,6,130
2022,"3776_14",14,9,151
2022,"3816_14",14,8,144
2022,"3829_14",14,9,151
2022,"3838_14",14,6,130
2022,"3885_14",14,8,144
2022,"3913_14",14,7,137
2022,"3913_14",14,3,109
2022,"3926_14",14,6,130
2022,"7557_14",14,8,144
2022,"7557_14",14,4,116
2022,"7575_14",14,8,144
2022,"7576_14",14,6,130
2022,"3006_15",15,7,137
2022,"3014_15",15,8,144
2022,"3014_15",15,8,144
2022,"3017_15",15,8,144
2022,"3017_15",15,5,123
2022,"3021_15",15,4,116
2022,"3021_15",15,7,137
2022,"3021_15",15,7,137
2022,"3021_15",15,7,137
2022,"3047_15",15,8,144
2022,"3047_15",15,7,137
2022,"3047_15",15,6,130
2022,"3052_15",15,8,144
2022,"3052_15",15,4,116
2022,"3063_15",15,6,130
2022,"3065_15",15,8,144
2022,"3065_15",15,7,137
2022,"3065_15",15,8,144
2022,"3068_15",15,4,116
2022,"3068_15",15,7,137
2022,"3076_15",15,4,116
2022,"3076_15",15,8,144
2022,"3083_15",15,8,144
2022,"3083_15",15,8,144
2022,"3083_15",15,6,130
2022,"3095_15",15,7,137
2022,"3095_15",15,8,144
2022,"3116_15",15,7,137
2022,"3116_15",15,6,130
2022,"3116_15",15,6,130
2022,"3177_15",15,6,130
2022,"3177_15",15,6,130
2022,"3177_15",15,8,144
2022,"3177_15",15,7,137
2022,"3297_15",15,8,144
2022,"3297_15",15,4,116
2022,"3341_15",15,8,144
2022,"3341_15",15,5,123
2022,"3341_15",15,10,158
2022,"3341_15",15,10,158
2022,"3341_15",15,5,123
2022,"3341_15",15,8,144
2022,"3341_15",15,8,144
2022,"3354_15",15,8,144
2022,"3354_15",15,5,123
2022,"3354_15",15,8,144
2022,"3354_15",15,8,144
2022,"3354_15",15,8,144
2022,"3354_15",15,6,130
2022,"3354_15",15,5,123
2022,"3371_15",15,7,137
2022,"3371_15",15,6,130
2022,"3371_15",15,8,144
2022,"3372_15",15,8,144
2022,"3372_15",15,6,130
2022,"3372_15",15,8,144
2022,"3377_15",15,3,109
2022,"3377_15",15,7,137
2022,"3377_15",15,7,137
2022,"3384_15",15,8,144
2022,"3384_15",15,5,123
2022,"3384_15",15,8,144
2022,"3384_15",15,5,123
2022,"3391_15",15,8,144
2022,"3391_15",15,6,130
2022,"3393_15",15,7,137
2022,"3393_15",15,8,144
2022,"3395_15",15,7,137
2022,"3395_15",15,4,116
2022,"3395_15",15,7,137
2022,"3397_15",15,8,144
2022,"3397_15",15,8,144
2022,"3397_15",15,6,130
2022,"3401_15",15,4,116
2022,"3401_15",15,8,144
2022,"3417_15",15,7,137
2022,"3417_15",15,8,144
2022,"3417_15",15,3,109
2022,"3423_15",15,12,172
2022,"3423_15",15,7,137
2022,"3423_15",15,10,158
2022,"3426_15",15,4,116
2022,"3426_15",15,7,137
2022,"3427_15",15,7,137
2022,"3427_15",15,8,144
2022,"3436_15",15,6,130
2022,"3436_15",15,10,158
2022,"3446_15",15,10,158
2022,"3455_15",15,7,137
2022,"3455_15",15,4,116
2022,"3457_15",15,10,158
2022,"3457_15",15,8,144
2022,"3458_15",15,7,137
2022,"3472_15",15,8,144
2022,"3472_15",15,6,130
2022,"3472_15",15,6,130
2022,"3472_15",15,8,144
2022,"3479_15",15,8,144
2022,"3479_15",15,5,123
2022,"3479_15",15,8,144
2022,"3479_15",15,8,144
2022,"3479_15",15,4,116
2022,"3479_15",15,7,137
2022,"3481_15",15,7,137
2022,"3482_15",15,8,144
2022,"3485_15",15,6,130
2022,"3485_15",15,8,144
2022,"3485_15",15,6,130
2022,"3485_15",15,8,144
2022,"3485_15",15,8,144
2022,"3485_15",15,6,130
2022,"3485_15",15,8,144
2022,"3489_15",15,4,116
2022,"3489_15",15,8,144
2022,"3490_15",15,5,123
2022,"3490_15",15,8,144
2022,"3491_15",15,4,116
2022,"3491_15",15,8,144
2022,"3491_15",15,8,144
2022,"3493_15",15,8,144
2022,"3493_15",15,8,144
2022,"3500_15",15,4,116
2022,"3500_15",15,8,144
2022,"3581_15",15,8,144
2022,"3581_15",15,8,144
2022,"3612_15",15,8,144
2022,"3612_15",15,7,137
2022,"3659_15",15,5,123
2022,"3659_15",15,7,137
2022,"3659_15",15,7,137
2022,"3659_15",15,4,116
2022,"3659_15",15,8,144
2022,"3673_15",15,3,109
2022,"3673_15",15,6,130
2022,"3734_15",15,5,123
2022,"3734_15",15,8,144
2022,"3736_15",15,6,130
2022,"3736_15",15,8,144
2022,"3736_15",15,7,137
2022,"3738_15",15,7,137
2022,"3740_15",15,5,123
2022,"3740_15",15,8,144
2022,"3740_15",15,8,144
2022,"3740_15",15,8,144
2022,"3740_15",15,8,144
2022,"3740_15",15,8,144
2022,"3740_15",15,11,165
2022,"3740_15",15,11,165
2022,"3740_15",15,11,165
2022,"3755_15",15,10,158
2022,"3755_15",15,8,144
2022,"3757_15",15,5,123
2022,"3757_15",15,8,144
2022,"3766_15",15,10,158
2022,"3774_15",15,7,137
2022,"3813_15",15,7,137
2022,"3818_15",15,8,144
2022,"3818_15",15,5,123
2022,"3818_15",15,8,144
2022,"3818_15",15,8,144
2022,"3818_15",15,6,130
2022,"3848_15",15,7,137
2022,"3848_15",15,8,144
2022,"3863_15",15,7,137
2022,"3863_15",15,10,158
2022,"3868_15",15,8,144
2022,"3868_15",15,8,144
2022,"3868_15",15,8,144
2022,"3868_15",15,8,144
2022,"3882_15",15,7,137
2022,"3882_15",15,4,116
2022,"3892_15",15,6,130
2022,"3892_15",15,11,165
2022,"3892_15",15,8,144
2022,"3892_15",15,8,144
2022,"3900_15",15,8,144
2022,"3900_15",15,5,123
2022,"7521_15",15,8,144
2022,"7593_15",15,8,144
2023,"3126_1_7E",1,6,143
2023,"3126_1_7E",1,3,122
2023,"3151_1_8H",1,6,143
2023,"3151_1_8H",1,6,143
2023,"3151_1_8H",1,6,143
2023,"3151_1_8H",1,6,143
2023,"3151_1_8H",1,4,129
2023,"3151_1_8H",1,4,129
2023,"3192_1_11B",1,4,129
2023,"3193_1_15A",1,4,129
2023,"3365_1_0I",1,4,129
2023,"3410_1_4J",1,6,143
2023,"3410_1_4J",1,6,143
2023,"3410_1_4J",1,6,143
2023,"3410_1_4J",1,6,143
2023,"3410_1_4J",1,5,136
2023,"3410_1_4J",1,5,136
2023,"3411_1_9J",1,5,136
2023,"3412_1_9J",1,5,136
2023,"3412_1_9J",1,6,143
2023,"3424_1_12G",1,4,129
2023,"3424_1_12G",1,5,136
2023,"3432_1_19A",1,4,129
2023,"3432_1_19A",1,4,129
2023,"3506_1_2B/E",1,5,136
2023,"3506_1_2B/E",1,6,143
2023,"3506_1_2B/E",1,5,136
2023,"3506_1_2B/E",1,6,143
2023,"3525_1_1G",1,4,129
2023,"3525_1_1G",1,6,143
2023,"3542_1_0I",1,4,129
2023,"3542_1_0I",1,6,143
2023,"3542_1_0I",1,6,143
2023,"3542_1_0I",1,5,136
2023,"3543_1_2F",1,4,129
2023,"3543_1_2F",1,4,129
2023,"3543_1_2F",1,6,143
2023,"3543_1_2F",1,6,143
2023,"3567_1_3I",1,4,129
2023,"3567_1_3I",1,4,129
2023,"3567_1_3I",1,5,136
2023,"3567_1_3I",1,5,136
2023,"3567_1_3I",1,6,143
2023,"3567_1_3I",1,6,143
2023,"3583_1_2I",1,4,129
2023,"3599_1_0J",1,5,136
2023,"3599_1_0J",1,3,122
2023,"3608_1_3C",1,5,136
2023,"3608_1_3C",1,6,143
2023,"3608_1_3C",1,6,143
2023,"3610_1_0D",1,6,143
2023,"3610_1_0D",1,6,143
2023,"3610_1_0D",1,6,143
2023,"3610_1_0D",1,6,143
2023,"3610_1_0D",1,3,122
2023,"3610_1_0D",1,3,122
2023,"3611_1_6I",1,3,122
2023,"3611_1_6I",1,5,136
2023,"3627_1_6I",1,5,136
2023,"3629_1_4I",1,5,136
2023,"3645_1_5I",1,5,136
2023,"3687_1_4I",1,6,143
2023,"3692_1_7E",1,5,136
2023,"3728_1_4E",1,4,129
2023,"3741_1_5J",1,5,136
2023,"3741_1_5J",1,5,136
2023,"3741_1_5J",1,6,143
2023,"3741_1_5J",1,3,122
2023,"3741_1_5J",1,5,136
2023,"3741_1_5J",1,3,122
2023,"3744_1_8B",1,6,143
2023,"3763_1_12A",1,4,129
2023,"3782_1_0I",1,5,136
2023,"3814_1_9J",1,6,143
2023,"3814_1_9J",1,5,136
2023,"3850_1_17E",1,3,122
2023,"3860_1_3C",1,5,136
2023,"3879_1_3C",1,4,129
2023,"3902_1_16I",1,3,122
2023,"3930_1_7H",1,5,136
2023,"3930_1_7H",1,4,129
2023,"3935_1_4H",1,6,143
2023,"3935_1_4H",1,4,129
2023,"7533_1_3E",1,5,136
2023,"7599_1_1F",1,5,136
2023,"3155_2_16A",2,6,143
2023,"3155_2_16A",2,6,143
2023,"3155_2_16A",2,3,122
2023,"3155_2_16A",2,3,122
2023,"3156_2_11E",2,6,143
2023,"3156_2_11E",2,6,143
2023,"3156_2_11E",2,4,129
2023,"3156_2_11E",2,4,129
2023,"3157_2_19F",2,5,136
2023,"3159_2_13I",2,5,136
2023,"3159_2_13I",2,3,122
2023,"3159_2_13I",2,5,136
2023,"3159_2_13I",2,3,122
2023,"3163_2_11E",2,4,129
2023,"3164_2_14B",2,4,129
2023,"3164_2_14B",2,4,129
2023,"3166_2_11B",2,4,129
2023,"3166_2_11B",2,4,129
2023,"3166_2_11B",2,2,115
2023,"3168_2_14J",2,3,122
2023,"3168_2_14J",2,6,143
2023,"3169_2_13J",2,4,129
2023,"3172_2_17A",2,3,122
2023,"3172_2_17A",2,3,122
2023,"3172_2_17A",2,6,143
2023,"3172_2_17A",2,6,143
2023,"3175_2_15A",2,3,122
2023,"3175_2_15A",2,3,122
2023,"3185_2_18C",2,4,129
2023,"3185_2_18C",2,6,143
2023,"3186_2_18D",2,4,129
2023,"3186_2_18D",2,4,129
2023,"3188_2_19B",2,5,136
2023,"3352_2_19I",2,3,122
2023,"3413_2_2E",2,3,122
2023,"3477_2_5C",2,5,136
2023,"3480_2_3G",2,4,129
2023,"3502_2_7C",2,4,129
2023,"3519_2_8G",2,4,129
2023,"3522_2_4E",2,4,129
2023,"3531_2_9A",2,6,143
2023,"3550_2_9J",2,3,122
2023,"3550_2_9J",2,6,143
2023,"3562_2_19I",2,3,122
2023,"3597_2_8I",2,3,122
2023,"3597_2_8I",2,6,143
2023,"3703_2_7C",2,6,143
2023,"3703_2_7C",2,6,143
2023,"3751_2_8A",2,4,129
2023,"3751_2_8A",2,4,129
2023,"3858_2_6B",2,3,122
2023,"7560_2_18J",2,5,136
2023,"3015_3_0F",3,6,143
2023,"3015_3_0F",3,3,122
2023,"3015_3_0F",3,6,143
2023,"3056_3_1B",3,3,122
2023,"3081_3_1A",3,5,136
2023,"3304_3_4C",3,4,129
2023,"3313_3_4A",3,6,143
2023,"3349_3_1F",3,4,129
2023,"3349_3_1F",3,4,129
2023,"3349_3_1F",3,6,143
2023,"3349_3_1F",3,6,143
2023,"3349_3_1F",3,6,143
2023,"3349_3_1F",3,6,143
2023,"3462_3_2A",3,3,122
2023,"3462_3_2A",3,6,143
2023,"3624_3_0D",3,5,136
2023,"3651_3_3A",3,5,136
2023,"3759_3_15A",3,2,115
2023,"3759_3_15A",3,5,136
2023,"3759_3_15A",3,5,136
2023,"3796_3_6E",3,4,129
2023,"3797_3_4I",3,4,129
2023,"3797_3_4I",3,4,129
2023,"3797_3_4I",3,6,143
2023,"3797_3_4I",3,6,143
2023,"3799_3_3C",3,5,136
2023,"3831_3_3C",3,6,143
2023,"3831_3_3C",3,3,122
2023,"3846_3_7E",3,6,143
2023,"3846_3_7E",3,3,122
2023,"3906_3_1C",3,5,136
2023,"3919_3_1B",3,4,129
2023,"7539_3_17B",3,5,136
2023,"7548_3_9H",3,5,136
2023,"7548_3_9H",3,3,122
2023,"7548_3_9H",3,5,136
2023,"7552_3_15D",3,6,143
2023,"7552_3_15D",3,6,143
2023,"7552_3_15D",3,3,122
2023,"7565_3_18E",3,5,136
2023,"7573_3_3B",3,6,143
2023,"7573_3_3B",3,3,122
2023,"7670_3_7I",3,3,122
2023,"7684_3_15A",3,5,136
2023,"7684_3_15A",3,3,122
2023,"1411_4_8H",4,2,115
2023,"1411_4_8H",4,4,129
2023,"1411_4_8H",4,4,129
2023,"2230_4_10J",4,4,129
2023,"2230_4_10J",4,4,129
2023,"2230_4_10J",4,3,122
2023,"2230_4_10J",4,3,122
2023,"2230_4_10J",4,4,129
2023,"2230_4_10J",4,4,129
2023,"3122_4_8J",4,3,122
2023,"3122_4_8J",4,3,122
2023,"3122_4_8J",4,3,122
2023,"3122_4_8J",4,3,122
2023,"3122_4_8J",4,6,143
2023,"3122_4_8J",4,6,143
2023,"3182_4_17H",4,3,122
2023,"3364_4_3J",4,3,122
2023,"3364_4_3J",4,5,136
2023,"3364_4_3J",4,3,122
2023,"3364_4_3J",4,4,129
2023,"3596_4_2H",4,3,122
2023,"3596_4_2H",4,5,136
2023,"3656_4_0C",4,6,143
2023,"3730_4_0J",4,4,129
2023,"3786_4_8H",4,5,136
2023,"3787_4_3I",4,5,136
2023,"7550_4_0H",4,3,122
2023,"7550_4_0H",4,5,136
2023,"7591_4_9J",4,4,129
2023,"7591_4_9J",4,6,143
2023,"7696_4_0A",4,4,129
2023,"7696_4_0A",4,5,136
2023,"7696_4_0A",4,2,115
2023,"7696_4_0A",4,2,115
2023,"3108_5_1I",5,4,129
2023,"3108_5_1I",5,6,143
2023,"3120_5_8G",5,3,122
2023,"3120_5_8G",5,3,122
2023,"3125_5_2I",5,5,136
2023,"3125_5_2I",5,3,122
2023,"3148_5_3D",5,3,122
2023,"3152_5_0H",5,1,108
2023,"3152_5_0H",5,3,122
2023,"3161_5_2G",5,3,122
2023,"3161_5_2G",5,4,129
2023,"3191_5_6E",5,5,136
2023,"3193_5_3B",5,4,129
2023,"3195_5_1A",5,5,136
2023,"3196_5_5C",5,6,143
2023,"3196_5_5C",5,3,122
2023,"3196_5_5C",5,6,143
2023,"3196_5_5C",5,3,122
2023,"3197_5_3A",5,3,122
2023,"3197_5_3A",5,3,122
2023,"3197_5_3A",5,3,122
2023,"3197_5_3A",5,3,122
2023,"3197_5_3A",5,6,143
2023,"3197_5_3A",5,6,143
2023,"3197_5_3A",5,6,143
2023,"3197_5_3A",5,6,143
2023,"3199_5_4A",5,4,129
2023,"3199_5_4A",5,2,115
2023,"3199_5_4A",5,6,143
2023,"3200_5_4E",5,3,122
2023,"3200_5_4E",5,5,136
2023,"3338_5_3I",5,4,129
2023,"3338_5_3I",5,3,122
2023,"3465_5_3B",5,3,122
2023,"3466_5_4B",5,4,129
2023,"3468_5_0I",5,3,122
2023,"3468_5_0I",5,6,143
2023,"3484_5_5I",5,3,122
2023,"3499_5_1H",5,3,122
2023,"3546_5_9G",5,3,122
2023,"3560_5_3B",5,5,136
2023,"3560_5_3B",5,5,136
2023,"3560_5_3B",5,5,136
2023,"3560_5_3B",5,5,136
2023,"3560_5_3B",5,3,122
2023,"3560_5_3B",5,3,122
2023,"3560_5_3B",5,3,122
2023,"3560_5_3B",5,3,122
2023,"3644_5_9H",5,5,136
2023,"3644_5_9H",5,6,143
2023,"3644_5_9H",5,2,115
2023,"3644_5_9H",5,3,122
2023,"3697_5_17H",5,2,115
2023,"3708_5_6G",5,3,122
2023,"3714_5_7I",5,5,136
2023,"3714_5_7I",5,3,122
2023,"3788_5_0G",5,5,136
2023,"3788_5_0G",5,2,115
2023,"3807_5_10I",5,2,115
2023,"3810_5_9C",5,6,143
2023,"3810_5_9C",5,3,122
2023,"3810_5_9C",5,6,143
2023,"3810_5_9C",5,3,122
2023,"3820_5_4D",5,3,122
2023,"3820_5_4D",5,6,143
2023,"3877_5_3J",5,4,129
2023,"3888_5_18J",5,2,115
2023,"3896_5_10G",5,2,115
2023,"3941_5_8C",5,5,136
2023,"3941_5_8C",5,3,122
2023,"3941_5_8C",5,3,122
2023,"3941_5_8C",5,5,136
2023,"3941_5_8C",5,3,122
2023,"3941_5_8C",5,5,136
2023,"3987_5_3G",5,5,136
2023,"3987_5_3G",5,4,129
2023,"5017_5_6H",5,3,122
2023,"5021_5_5E",5,5,136
2023,"5021_5_5E",5,3,122
2023,"5022_5_9F",5,3,122
2023,"5026_5_3D",5,3,122
2023,"5027_5_1H",5,5,136
2023,"7512_5_2G",5,5,136
2023,"7512_5_3D",5,5,136
2023,"7522_5_3E",5,6,143
2023,"7522_5_3E",5,4,129
2023,"7524_5_6H",5,4,129
2023,"7542_5_8D",5,6,143
2023,"7543_5_6D",5,6,143
2023,"7553_5_4E",5,4,129
2023,"7564_5_3B",5,3,122
2023,"7570_5_1H",5,3,122
2023,"7596_5_4G",5,4,129
2023,"7597_5_6G",5,3,122
2023,"3005_6_18F",6,5,136
2023,"3005_6_18F",6,5,136
2023,"3008_6_4J",6,4,129
2023,"3008_6_4J",6,6,143
2023,"3070_6_4G",6,3,122
2023,"3070_6_4G",6,3,122
2023,"3070_6_4G",6,5,136
2023,"3070_6_4G",6,5,136
2023,"3070_6_4G",6,5,136
2023,"3070_6_4G",6,5,136
2023,"3136_6_16C",6,4,129
2023,"3136_6_16C",6,5,136
2023,"3140_6_18F",6,6,143
2023,"3140_6_18F",6,6,143
2023,"3140_6_18F",6,4,129
2023,"3140_6_18F",6,4,129
2023,"3140_6_18F",6,4,129
2023,"3140_6_18F",6,4,129
2023,"3140_6_18F",6,6,143
2023,"3140_6_18F",6,6,143
2023,"3141_6_13E",6,6,143
2023,"3141_6_13E",6,6,143
2023,"3141_6_13E",6,4,129
2023,"3142_6_19D",6,4,129
2023,"3173_6_8G",6,4,129
2023,"3179_6_4D",6,6,143
2023,"3179_6_4D",6,3,122
2023,"3319_6_11A",6,6,143
2023,"3319_6_11A",6,6,143
2023,"3345_6_12D",6,5,136
2023,"3345_6_12D",6,5,136
2023,"3345_6_12D",6,5,136
2023,"3345_6_12D",6,5,136
2023,"3345_6_12D",6,5,136
2023,"3345_6_12D",6,5,136
2023,"3345_6_12D",6,3,122
2023,"3345_6_12D",6,3,122
2023,"3358_6_11D",6,6,143
2023,"3358_6_11D",6,3,122
2023,"3358_6_11D",6,5,136
2023,"3358_6_11D",6,6,143
2023,"3360_6_12C",6,4,129
2023,"3360_6_12C",6,4,129
2023,"3372_6_14F",6,4,129
2023,"3372_6_14F",6,6,143
2023,"3374_6_18H",6,2,115
2023,"3400_6_7E",6,6,143
2023,"3400_6_7E",6,4,129
2023,"3466_6_19C",6,6,143
2023,"3466_6_19C",6,3,122
2023,"3466_6_19C",6,6,143
2023,"3489_6_12C",6,4,129
2023,"3489_6_12C",6,6,143
2023,"3518_6_16J",6,8,157
2023,"3518_6_16J",6,5,136
2023,"3518_6_16J",6,8,157
2023,"3518_6_16J",6,5,136
2023,"3518_6_16J",6,3,122
2023,"3570_6_18F",6,6,143
2023,"3570_6_18F",6,3,122
2023,"3630_6_16I",6,6,143
2023,"3630_6_16I",6,6,143
2023,"3630_6_16I",6,3,122
2023,"3630_6_16I",6,3,122
2023,"3643_6_18I",6,4,129
2023,"3648_6_15F",6,5,136
2023,"3648_6_15F",6,4,129
2023,"3669_6_13F",6,4,129
2023,"3669_6_13F",6,6,143
2023,"3725_6_15H",6,5,136
2023,"3725_6_15H",6,6,143
2023,"3729_6_19F",6,5,136
2023,"3729_6_19F",6,5,136
2023,"3729_6_19F",6,3,122
2023,"3729_6_19F",6,3,122
2023,"3743_6_18B",6,5,136
2023,"3743_6_18B",6,8,157
2023,"3753_6_11B",6,4,129
2023,"3753_6_11B",6,6,143
2023,"3767_6_18G",6,6,143
2023,"3777_6_14G",6,4,129
2023,"3785_6_15H",6,5,136
2023,"3887_6_15E",6,5,136
2023,"3887_6_15E",6,5,136
2023,"3887_6_15E",6,3,122
2023,"3955_6_18H",6,4,129
2023,"3955_6_18H",6,4,129
2023,"3955_6_18H",6,4,129
2023,"5770_6_18H",6,4,129
2023,"7587_6_13A",6,4,129
2023,"7587_6_13A",6,6,143
2023,"3044_7_7C",7,3,122
2023,"3089_7_5H",7,4,129
2023,"3089_7_5H",7,4,129
2023,"3100_7_9B",7,3,122
2023,"3368_7_6G",7,4,129
2023,"3375_7_3B",7,5,136
2023,"3401_7_4F",7,5,136
2023,"3446_7_15B",7,4,129
2023,"3446_7_15B",7,3,122
2023,"3446_7_15B",7,4,129
2023,"3446_7_15B",7,4,129
2023,"3450_7_4G",7,6,143
2023,"3450_7_4G",7,2,115
2023,"3450_7_4G",7,4,129
2023,"3452_7_1D",7,5,136
2023,"3452_7_1D",7,5,136
2023,"3452_7_1D",7,3,122
2023,"3688_7_6G",7,4,129
2023,"3874_7_8B",7,5,136
2023,"3874_7_8B",7,3,122
2023,"3981_7_0C",7,4,129
2023,"3994_7_8I",7,3,122
2023,"3994_7_8I",7,6,143
2023,"3994_7_8I",7,6,143
2023,"5032_7_15B",7,4,129
2023,"5032_7_15B",7,4,129
2023,"5032_7_15B",7,2,115
2023,"5047_7_9C",7,6,143
2023,"5047_7_9C",7,3,122
2023,"5052_7_2I",7,4,129
2023,"5052_7_2I",7,5,136
2023,"5053_7_3J",7,4,129
2023,"5849_7_1E",7,3,122
2023,"5849_7_1E",7,3,122
2023,"7544_7_6G",7,3,122
2023,"7579_7_5C",7,5,136
2023,"3190_10_1A",10,5,136
2023,"3190_10_1A",10,3,122
2023,"3353_10_5D",10,3,122
2023,"3353_10_5D",10,5,136
2023,"3353_10_5D",10,6,143
2023,"3353_10_5D",10,3,122
2023,"3378_10_7C",10,6,143
2023,"3378_10_7C",10,3,122
2023,"3378_10_7C",10,6,143
2023,"3547_10_5D",10,3,122
2023,"3655_10_6B",10,6,143
2023,"3655_10_6B",10,3,122
2023,"3655_10_6B",10,5,136
2023,"3929_10_8D",10,3,122
2023,"3929_10_8D",10,6,143
2023,"7698_10_9D",10,3,122
2023,"7698_10_9D",10,5,136
2023,"3049_12_16B",12,5,136
2023,"3129_12_16J",12,5,136
2023,"3131_12_15I",12,5,136
2023,"3134_12_15I",12,3,122
2023,"3134_12_15I",12,6,143
2023,"3135_12_6F",12,3,122
2023,"3147_12_17B",12,3,122
2023,"3147_12_17B",12,6,143
2023,"3395_12_18C",12,3,122
2023,"3422_12_15I",12,5,136
2023,"3422_12_15I",12,3,122
2023,"3424_12_7G",12,6,143
2023,"3424_12_7G",12,3,122
2023,"3425_12_2H",12,6,143
2023,"3425_12_2H",12,3,122
2023,"3439_12_16I",12,5,136
2023,"3445_12_10B",12,3,122
2023,"3448_12_5E",12,6,143
2023,"3448_12_5E",12,3,122
2023,"3449_12_14B",12,3,122
2023,"3449_12_14B",12,5,136
2023,"3449_12_14B",12,5,136
2023,"3536_12_19A",12,5,136
2023,"3536_12_19A",12,5,136
2023,"3536_12_19A",12,3,122
2023,"3536_12_19A",12,3,122
2023,"3551_12_12H",12,5,136
2023,"3551_12_12H",12,3,122
2023,"3578_12_17A",12,1,108
2023,"3578_12_17A",12,6,143
2023,"3578_12_17A",12,3,122
2023,"3578_12_17A",12,3,122
2023,"3761_12_16J",12,6,143
2023,"3761_12_16J",12,3,122
2023,"7530_12_13C",12,3,122
2023,"7578_12_11B",12,6,143
2023,"7578_12_11B",12,6,143
2023,"7578_12_11B",12,6,143
2023,"7578_12_11B",12,3,122
2023,"3018_13_9G",13,6,143
2023,"3018_13_9G",13,6,143
2023,"3018_13_9G",13,4,129
2023,"3018_13_9G",13,6,143
2023,"3018_13_9G",13,6,143
2023,"3026_13_3E",13,6,143
2023,"3088_13_9B",13,4,129
2023,"3088_13_9B",13,6,143
2023,"3088_13_9B",13,6,143
2023,"3119_13_9H",13,4,129
2023,"3119_13_9H",13,6,143
2023,"3119_13_9H",13,6,143
2023,"3119_13_9H",13,4,129
2023,"3120_13_2H",13,3,122
2023,"3120_13_2H",13,5,136
2023,"3120_13_2H",13,3,122
2023,"3123_13_5H",13,5,136
2023,"3123_13_5H",13,5,136
2023,"3123_13_5H",13,3,122
2023,"3123_13_5H",13,5,136
2023,"3123_13_5H",13,5,136
2023,"3123_13_5H",13,3,122
2023,"3123_13_5H",13,5,136
2023,"3123_13_5H",13,4,129
2023,"3123_13_5H",13,3,122
2023,"3155_13_7A",13,4,129
2023,"3155_13_7A",13,3,122
2023,"3155_13_7A",13,4,129
2023,"3178_13_1D",13,6,143
2023,"3178_13_1D",13,3,122
2023,"3187_13_0J",13,3,122
2023,"3187_13_0J",13,6,143
2023,"3187_13_0J",13,6,143
2023,"3187_13_0J",13,4,129
2023,"3336_13_3B",13,3,122
2023,"3336_13_3B",13,7,150
2023,"3336_13_3B",13,3,122
2023,"3367_13_3J",13,3,122
2023,"3367_13_3J",13,5,136
2023,"3367_13_3J",13,5,136
2023,"3382_13_5B",13,6,143
2023,"3382_13_5B",13,3,122
2023,"3382_13_5B",13,6,143
2023,"3384_13_6G",13,6,143
2023,"3390_13_8G",13,5,136
2023,"3390_13_8G",13,3,122
2023,"3390_13_8G",13,5,136
2023,"3391_13_8G",13,6,143
2023,"3391_13_8G",13,4,129
2023,"3400_13_3J",13,4,129
2023,"3400_13_3J",13,4,129
2023,"3421_13_0C",13,6,143
2023,"3421_13_0C",13,6,143
2023,"3422_13_0C",13,5,136
2023,"3427_13_7H",13,4,129
2023,"3427_13_7H",13,6,143
2023,"3427_13_7H",13,6,143
2023,"3428_13_0D",13,5,136
2023,"3428_13_0D",13,5,136
2023,"3429_13_0D",13,3,122
2023,"3429_13_0D",13,3,122
2023,"3429_13_0D",13,6,143
2023,"3429_13_0D",13,6,143
2023,"3431_13_0D",13,6,143
2023,"3431_13_0D",13,6,143
2023,"3431_13_0D",13,4,129
2023,"3431_13_0D",13,6,143
2023,"3431_13_0D",13,4,129
2023,"3433_13_3A",13,6,143
2023,"3433_13_3A",13,6,143
2023,"3433_13_3A",13,3,122
2023,"3433_13_3A",13,3,122
2023,"3441_13_1B",13,5,136
2023,"3441_13_1B",13,3,122
2023,"3441_13_1B",13,5,136
2023,"3604_13_2H",13,5,136
2023,"3604_13_2H",13,3,122
2023,"3604_13_2H",13,5,136
2023,"3604_13_2H",13,3,122
2023,"3604_13_2H",13,5,136
2023,"3616_13_10B",13,3,122
2023,"3616_13_10B",13,3,122
2023,"3638_13_8C",13,6,143
2023,"3642_13_9G",13,5,136
2023,"3642_13_9G",13,5,136
2023,"3642_13_9G",13,3,122
2023,"3642_13_9G",13,3,122
2023,"3642_13_9G",13,5,136
2023,"3694_13_9A",13,4,129
2023,"3694_13_9A",13,6,143
2023,"3726_13_0F",13,6,143
2023,"3769_13_0G",13,3,122
2023,"3769_13_0G",13,3,122
2023,"3769_13_0G",13,6,143
2023,"3769_13_0G",13,6,143
2023,"3769_13_0G",13,6,143
2023,"3769_13_0G",13,6,143
2023,"3778_13_4I",13,5,136
2023,"3826_13_5A",13,3,122
2023,"3826_13_5A",13,3,122
2023,"3826_13_5A",13,5,136
2023,"3826_13_5A",13,5,136
2023,"3826_13_5A",13,5,136
2023,"3826_13_5A",13,5,136
2023,"3978_13_2G",13,5,136
2023,"3978_13_2G",13,3,122
2023,"3978_13_2G",13,5,136
2023,"3978_13_2G",13,6,143
2023,"3980_13_0F",13,4,129
2023,"3980_13_0F",13,6,143
2023,"7527_13_3G",13,6,143
2023,"7527_13_3G",13,4,129
2023,"7537_13_4C",13,3,122
2023,"7571_13_8G",13,3,122
2023,"7571_13_8G",13,6,143
2023,"7589_13_7I",13,5,136
2023,"7592_13_7J",13,6,143
2023,"7592_13_7J",13,5,136
2023,"7592_13_7J",13,3,122
2023,"3035_14_4A",14,4,129
2023,"3058_14_3A",14,4,129
2023,"3158_14_5B",14,6,143
2023,"3158_14_5B",14,3,122
2023,"3300_14_8B",14,4,129
2023,"3305_14_9B",14,6,143
2023,"3305_14_9B",14,3,122
2023,"3360_14_10C",14,3,122
2023,"3360_14_10C",14,5,136
2023,"3379_14_3A",14,3,122
2023,"3382_14_5A",14,3,122
2023,"3382_14_5A",14,3,122
2023,"3430_14_8B",14,6,143
2023,"3430_14_8B",14,4,129
2023,"3431_14_1F",14,4,129
2023,"3432_14_4J",14,6,143
2023,"3432_14_4J",14,3,122
2023,"3459_14_3A",14,6,143
2023,"3459_14_3A",14,4,129
2023,"3463_14_6A",14,4,129
2023,"3464_14_2A",14,4,129
2023,"3469_14_4A",14,3,122
2023,"3469_14_4A",14,5,136
2023,"3469_14_4A",14,3,122
2023,"3475_14_6D",14,5,136
2023,"3495_14_1A",14,3,122
2023,"3520_14_9A",14,4,129
2023,"3556_14_17I",14,2,115
2023,"3671_14_6C",14,5,136
2023,"3671_14_6C",14,3,122
2023,"3671_14_6C",14,5,136
2023,"3689_14_7B",14,4,129
2023,"3699_14_0G",14,6,143
2023,"3699_14_0G",14,4,129
2023,"3711_14_4G",14,6,143
2023,"3752_14_2I",14,6,143
2023,"3754_14_1H",14,4,129
2023,"3816_14_7E",14,5,136
2023,"3913_14_5E",14,6,143
2023,"3913_14_5E",14,6,143
2023,"3913_14_5E",14,3,122
2023,"3926_14_7C",14,6,143
2023,"3926_14_7C",14,3,122
2023,"3926_14_7C",14,4,129
2023,"7528_14_5A",14,4,129
2023,"7557_14_6F",14,4,129
2023,"3006_15_18A",15,4,129
2023,"3047_15_15J",15,5,136
2023,"3047_15_15J",15,4,129
2023,"3047_15_15J",15,5,136
2023,"3076_15_12H",15,4,129
2023,"3116_15_17B",15,3,122
2023,"3116_15_17B",15,4,129
2023,"3116_15_17B",15,3,122
2023,"3116_15_17B",15,5,136
2023,"3116_15_17B",15,4,129
2023,"3116_15_17B",15,4,129
2023,"3116_15_17B",15,4,129
2023,"3116_15_17B",15,3,122
2023,"3116_15_17B",15,4,129
2023,"3354_15_10B",15,5,136
2023,"3354_15_10B",15,5,136
2023,"3354_15_10B",15,3,122
2023,"3354_15_10B",15,5,136
2023,"3354_15_10B",15,3,122
2023,"3354_15_10B",15,5,136
2023,"3354_15_10B",15,5,136
2023,"3354_15_10B",15,3,122
2023,"3354_15_10B",15,3,122
2023,"3354_15_10B",15,3,122
2023,"3354_15_10B",15,5,136
2023,"3368_15_14B",15,5,136
2023,"3371_15_13B",15,4,129
2023,"3371_15_13B",15,4,129
2023,"3371_15_13B",15,5,136
2023,"3372_15_19A",15,4,129
2023,"3372_15_19A",15,6,143
2023,"3372_15_19A",15,6,143
2023,"3377_15_14H",15,3,122
2023,"3377_15_14H",15,3,122
2023,"3377_15_14H",15,5,136
2023,"3377_15_14H",15,6,143
2023,"3384_15_17J",15,4,129
2023,"3391_15_16A",15,3,122
2023,"3391_15_16A",15,3,122
2023,"3391_15_16A",15,5,136
2023,"3391_15_16A",15,5,136
2023,"3395_15_16G",15,3,122
2023,"3395_15_16G",15,3,122
2023,"3395_15_16G",15,4,129
2023,"3395_15_16G",15,4,129
2023,"3395_15_16G",15,5,136
2023,"3395_15_16G",15,5,136
2023,"3397_15_10F",15,4,129
2023,"3397_15_10F",15,6,143
2023,"3401_15_11H",15,4,129
2023,"3401_15_11H",15,3,122
2023,"3401_15_11H",15,2,115
2023,"3401_15_11H",15,4,129
2023,"3401_15_11H",15,4,129
2023,"3401_15_11H",15,3,122
2023,"3436_15_17J",15,5,136
2023,"3446_15_16B",15,5,136
2023,"3455_15_15C",15,5,136
2023,"3455_15_15C",15,5,136
2023,"3455_15_15C",15,3,122
2023,"3455_15_15C",15,3,122
2023,"3457_15_18A",15,6,143
2023,"3457_15_18A",15,3,122
2023,"3457_15_18A",15,6,143
2023,"3457_15_18A",15,3,122
2023,"3481_15_15H",15,4,129
2023,"3481_15_15H",15,4,129
2023,"3482_15_16J",15,4,129
2023,"3482_15_16J",15,5,136
2023,"3489_15_14G",15,3,122
2023,"3489_15_14G",15,3,122
2023,"3490_15_11B",15,3,122
2023,"3490_15_11B",15,5,136
2023,"3490_15_11B",15,5,136
2023,"3491_15_17E",15,5,136
2023,"3491_15_17E",15,5,136
2023,"3491_15_17E",15,2,115
2023,"3491_15_17E",15,2,115
2023,"3491_15_17E",15,4,129
2023,"3491_15_17E",15,4,129
2023,"3493_15_13E",15,6,143
2023,"3493_15_13E",15,3,122
2023,"3493_15_13E",15,6,143
2023,"3493_15_13E",15,3,122
2023,"3493_15_13E",15,6,143
2023,"3493_15_13E",15,5,136
2023,"3493_15_13E",15,3,122
2023,"3498_15_14B",15,3,122
2023,"3500_15_10C",15,3,122
2023,"3500_15_10C",15,5,136
2023,"3500_15_10C",15,4,129
2023,"3500_15_10C",15,5,136
2023,"3581_15_15H",15,4,129
2023,"3581_15_15H",15,6,143
2023,"3581_15_15H",15,4,129
2023,"3612_15_11D",15,5,136
2023,"3612_15_11D",15,3,122
2023,"3612_15_11D",15,5,136
2023,"3673_15_10A",15,2,115
2023,"3673_15_10A",15,2,115
2023,"3673_15_10A",15,5,136
2023,"3673_15_10A",15,5,136
2023,"3686_15_16H",15,6,143
2023,"3686_15_16H",15,6,143
2023,"3686_15_16H",15,3,122
2023,"3686_15_16H",15,3,122
2023,"3686_15_16H",15,6,143
2023,"3686_15_16H",15,6,143
2023,"3686_15_16H",15,3,122
2023,"3686_15_16H",15,3,122
2023,"3734_15_0H",15,4,129
2023,"3736_15_14B",15,3,122
2023,"3736_15_14B",15,5,136
2023,"3736_15_14B",15,3,122
2023,"3736_15_14B",15,4,129
2023,"3736_15_14B",15,4,129
2023,"3737_15_10D",15,5,136
2023,"3737_15_10D",15,5,136
2023,"3738_15_17H",15,3,122
2023,"3738_15_17H",15,3,122
2023,"3738_15_17H",15,5,136
2023,"3738_15_17H",15,5,136
2023,"3738_15_17H",15,5,136
2023,"3738_15_17H",15,5,136
2023,"3766_15_19C",15,4,129
2023,"3766_15_19C",15,6,143
2023,"3766_15_19C",15,3,122
2023,"3813_15_14C",15,3,122
2023,"3813_15_14C",15,5,136
2023,"3813_15_14C",15,3,122
2023,"3813_15_14C",15,5,136
2023,"3813_15_14C",15,5,136
2023,"3813_15_14C",15,5,136
2023,"7521_15_1E",15,4,129
2023,"7572_15_2I",15,2,115
