"year","plantid","plot","tag","umbel.no","no.seeds","notes"
2021,"3410_1_4J",1,3410,"1",56,";seed status;"
2021,"3567_1_3I",1,3567,"1",64,";green;green or mostly green, still stuck together"
2021,"3567_1_3I",1,3567,"2",0,"dead;bw_stripes;black and white, but still stuck together"
2021,"3583_1_1I",1,3583,"1",26,";splitting;seeds splitting apart, starting to fall"
2021,"3365_1_0J",1,3365,"1",1,";loose;seeds mostly fallen into bag"
2021,"3821_1_4A",1,3821,"1",136,";gb;mix of green and brown seeds.  Brown seeds are unhealthy (not just dry), look maybe rotten"
2021,"3821_1_4A",1,3821,"2",0,"dead;;"
2021,"3418_1_18E",1,3418,"1",10,";;"
2021,"3602_2_2B",2,3602,"1",24,"Plot 2 seed status: ~half are green and half are b/w stripes;;"
2021,"3523_2_2D",2,3523,"1",34,";;"
2021,"3519_2_9G",2,3519,"1",40,";;"
2021,"3502_2_8B",2,3502,"1",44,";;"
2021,"3157_2_18E",2,3157,"1",70,";;"
2021,"3157_2_18E",2,3157,"2",0,"dead;;"
2021,"3185_2_19B",2,3185,"1",30,";;"
2021,"3304_3_3B",3,3304,"1",26,";;"
2021,"3349_3_1F",3,3349,"1",30,";;"
2021,"3797_3_4I",3,3797,"1",0,"dead;;"
2021,"3759_3_15B",3,3759,"1",10,";;"
2021,"3197_5_3A",5,3197,"1",64,";;"
2021,"3197_5_3A",5,3197,"2",34,";;"
2021,"3488_5_13J",5,3488,"1",34,"first one to be ready (collected 06/10/21);;"
2021,"5045_5_13C",5,5045,"1",36,";;"
2021,"3093_5_14A",5,3093,"1",6,";;"
2021,"3833_5_16B",5,3833,"1",17,";;"
2021,"3067_5_16F",5,3067,"1",27,";;"
2021,"3730_4_0I",4,3730,"1",38,";;"
2021,"3460_4_3J",4,3460,"1",74,";;"
2021,"3122_4_8J",4,3122,"1",10,";;"
2021,"2230_4_10J",4,2230,"1",8,"8 big seeds, rest shrivelled/dead;;"
2021,"2230_4_10J",4,2230,"2",0,";;"
2021,"3555_4_11T",4,3555,"1",42,";;"
2021,"3090_4_18P",4,3090,"1",54,";;"
2021,"3090_4_18P",4,3090,"2",0,"umbel eaten;;"
2021,"3070_6_4G",6,3070,"1",92,";;"
2021,"3070_6_4G",6,3070,"2",12,";;"
2021,"3070_6_4G",6,3070,"3",0,"dead;;"
2021,"3748_6_5E",6,3748,"1",0,"dead;;"
2021,"3748_6_5E",6,3748,"2",0,"dead;;"
2021,"3928_6_7C",6,3928,"1",38,"6 green, 32 brown. brown seeds were rotten;;"
2021,"3753_6_11A",6,3753,"1",72,"54 green, 18 brown. brown seeds were rotten;;"
2021,"3141_6_15E",6,3141,"1",142,";;"
2021,"3141_6_15E",6,3141,"2",0,"dead;;"
2021,"3141_6_15E",6,3141,"3",0,"dead;;"
2021,"3466_6_19B",6,3466,"1",10,";;"
2021,"3453_7_0C",7,3453,"1",28,";;"
2021,"3453_7_0C",7,3453,"2",0,"dead;;"
2021,"3298_7_9C",7,3298,"1",36,";;"
2021,"3298_7_9C",7,3298,"2",0,"dead;;"
2021,"3393_15_0J",15,3393,"1",6,";;"
2021,"3052_15_3J",15,3052,"1",28,";;"
2021,"3892_15_0B",15,3892,"1",2,";;"
2021,"3423_15_2I",15,3423,"1",6,"Was not a bagged plant, but seeds easy to count;;"
2021,"3686_15_16H",15,3686,"1",32,";;"
2021,"3686_15_16H",15,3686,"2",14,";;"
2021,"3481_15_15H",15,3481,"1",6,";;"
2021,"3740_15_13J",15,3740,"1",17,";;"
2021,"3436_15_17H",15,3436,"1",26,"Was not a bagged plant, but seeds easy to count;;"
2021,"3143_9_14T",9,3143,"1",28,";;"
2021,"3143_9_14T",9,3143,"2",0,"dead;;"
2021,"3190_10_1B",10,3190,"1",6,";;"
2021,"3135_12_7G",12,3135,"1",54,";;"
2021,"3135_12_7G",12,3135,"2",0,"dead;;"
2021,"3578_12_15A",12,3578,"1",52,";;"
2021,"3578_12_15A",12,3578,"2",0,"dead;;"
2021,"3536_12_18A",12,3536,"1",72,";;"
2021,"3536_12_18A",12,3536,"2",0,"dead;;"
2021,"3432_14_2J",14,3432,"1",4,";;"
2021,"3661_14_7I",14,3661,"1",22,";;"
2021,"3305_14_7B",14,3305,"1",4,";;"
2021,"3360_14_8D",14,3360,"1",4,"Was not a bagged plant, but seeds easy to count;;"
2021,"3607_14_10D",14,3607,"1",60,";;"
2021,"3149_14_19A",14,3149,"1",38,";;"
2021,"3556_14_15H",14,3556,"1",52,";;"
2021,"3556_14_15H",14,3556,"2",0,"dead;;"
2021,"3363_14_15H",14,3363,"1",128,";;"
2021,"3363_14_15H",14,3363,"2",82,";;"
2021,"3363_14_15H",14,3363,"3",0,"dead;;"
2021,"3421_13_0C",13,3421,"1",26,";;"
2021,"3978_13_2F",13,3978,"1",54,";;"
2021,"3978_13_2F",13,3978,"2",0,"dead;;"
2021,"3433_13_3A",13,3433,"1",19,";;"
2021,"3826_13_5A",13,3826,"1",4,";;"
2021,"3390_13_7G",13,3390,"1",30,";;"
2021,"3642_13_10G",13,3642,"1",104,";;"
2021,"3642_13_10G",13,3642,"2",0,"dead;;"
2021,"3620_13_12J",13,3620,"1",8,"Was not a bagged plant, but seeds easy to count;;"
2021,"3494_13_16D",13,3494,"1",114,";;"
2021,"3494_13_16D",13,3494,"2",0,"dead;;"
2022,"7562_1",1,7562,"1",0,"dead;"
2022,"3567_1",1,3567,"1",142,";"
2022,"3567_1",1,3567,"2",0,"dead;"
2022,"3930_1",1,3930,"1",66,";"
2022,"3930_1",1,3930,"2",60,";"
2022,"3930_1",1,3930,"3",0,"dead;"
2022,"3542_1",1,3542,"1",62,";"
2022,"3542_1",1,3542,"2",94,";"
2022,"3542_1",1,3542,"3",0,";"
2022,"3542_1",1,3542,"4",0,";"
2022,"3365_1",1,3365,"1",56,";"
2022,"3365_1",1,3365,"2",0,";"
2022,"3627_1",1,3627,"1",72,";"
2022,"3627_1",1,3627,"2",0,";"
2022,"3611_1",1,3611,"1",38,";"
2022,"3611_1",1,3611,"2",0,";"
2022,"3151_1",1,3151,"1",66,";"
2022,"3126_1",1,3126,"1",118,";"
2022,"3126_1",1,3126,"2",0,";"
2022,"3763_1",1,3763,"1",0,";"
2022,"3821_1",1,3821,"1",50,";"
2022,"3821_1",1,3821,"2",0,";"
2022,"3821_1",1,3821,"3",0,";"
2022,"3599_1",1,3599,"1",96,";"
2022,"3599_1",1,3599,"2",0,";"
2022,"3814_1",1,3814,"1",54,";"
2022,"3814_1",1,3814,"2",0,";"
2022,"3935_1",1,3935,"1",84,";"
2022,"3935_1",1,3935,"2",0,";"
2022,"3347_1",1,3347,"1",34,";"
2022,"3432_1",1,3432,"1",112,";"
2022,"3432_1",1,3432,"2",10,";"
2022,"3779_1",1,3779,"1",30,";"
2022,"3779_1",1,3779,"2",52,";"
2022,"3192_1",1,3192,"1",42,";"
2022,"3782_1",1,3782,"1",0,";"
2022,"3506_1",1,3506,"1",34,";"
2022,"3506_1",1,3506,"2",54,";"
2022,"3506_1",1,3506,"3",14,";"
2022,"3506_1",1,3506,"4",0,";"
2022,"3608_1",1,3608,"1",154,";"
2022,"3608_1",1,3608,"2",92,";"
2022,"3608_1",1,3608,"3",2,";"
2022,"3645_1",1,3645,"1",0,";"
2022,"3412_1",1,3412,"1",20,";"
2022,"7536_1",1,7536,"1",68,";"
2022,"3424_1",1,3424,"1",0,";"
2022,"3434_1",1,3434,"1",0,";"
2022,"3879_1",1,3879,"1",0,"broke off;"
2022,"3741_1",1,3741,"1",62,";"
2022,"3741_1",1,3741,"2",88,";"
2022,"3741_1",1,3741,"3",62,";"
2022,"3410_1",1,3410,"1",66,";"
2022,"3525_1",1,3525,"1",70,";"
2022,"3543_1",1,3543,"1",50,";"
2022,"3583_1",1,3583,"1",82,";"
2022,"3845_1",1,3845,"1",14,";"
2022,"3610_1",1,3610,"1",54,"umbles out of order (not youngest to oldest);"
2022,"3610_1",1,3610,"2",62,";"
2022,"3610_1",1,3610,"3",10,";"
2022,"3610_1",1,3610,"4",64,";"
2022,"3610_1",1,3610,"5",50,";"
2022,"3610_1",1,3610,"6",0,";"
2022,"3519_2",2,3519,"1",154,";"
2022,"3519_2",2,3519,"2",0,";"
2022,"3597_2",2,3597,"1",210,";"
2022,"3597_2",2,3597,"2",94,";"
2022,"3597_2",2,3597,"3",0,";"
2022,"3166_2",2,3166,"1",22,";"
2022,"3166_2",2,3166,"2",0,";"
2022,"3531_2",2,3531,"1",114,";"
2022,"3531_2",2,3531,"2",0,";"
2022,"3703_2",2,3703,"1",46,";"
2022,"3703_2",2,3703,"2",0,";"
2022,"3751_2",2,3751,"1",58,";"
2022,"3751_2",2,3751,"2",0,";"
2022,"3156_2",2,3156,"1",70,";"
2022,"3156_2",2,3156,"2",0,";"
2022,"3167_2",2,3167,"1",152,";"
2022,"3167_2",2,3167,"2",0,";"
2022,"3172_2",2,3172,"1",150,";"
2022,"3172_2",2,3172,"2",0,";"
2022,"3185_2",2,3185,"1",20,";"
2022,"3185_2",2,3185,"2",58,";"
2022,"3157_2",2,3157,"1",146,";"
2022,"3157_2",2,3157,"2",98,";"
2022,"3157_2",2,3157,"3",0,";"
2022,"3169_2",2,3169,"1",108,";"
2022,"3169_2",2,3169,"2",0,";"
2022,"3413_2",2,3413,"1",84,";"
2022,"3413_2",2,3413,"2",0,";"
2022,"3865_2",2,3865,"1",0,";"
2022,"3480_2",2,3480,"1",0,";"
2022,"3891_2",2,3891,"1",2,";"
2022,"3013_2",2,3013,"1",12,"umble nibbled on;"
2022,"3550_2",2,3550,"1",46,";"
2022,"3550_2",2,3550,"2",18,";"
2022,"3164_2",2,3164,"1",2,";"
2022,"3175_2",2,3175,"1",0,";"
2022,"3155_2",2,3155,"1",4,";"
2022,"3352_2",2,3352,"1",8,";"
2022,"3352_2",2,3352,"2",0,";"
2022,"3159_2",2,3159,"1",0,";"
2022,"3159_2",2,3159,"2",0,";"
2022,"3477_2",2,3477,"1",34,";"
2022,"3562_2",2,3562,"1",0,";"
2022,"3190_2",2,3190,"1",60,"umble maybe nibbled on;"
2022,"3163_2",2,3163,"1",30,";"
2022,"3759_3",3,3759,"1",134,";"
2022,"3759_3",3,3759,"2",146,";"
2022,"3759_3",3,3759,"3",79,";"
2022,"3759_3",3,3759,"4",0,";"
2022,"3462_3",3,3462,"1",118,";"
2022,"3462_3",3,3462,"2",142,";"
2022,"3462_3",3,3462,"3",0,";"
2022,"3056_3",3,3056,"1",62,";"
2022,"3349_3",3,3349,"1",58,";"
2022,"3349_3",3,3349,"2",2,";"
2022,"3349_3",3,3349,"3",0,"broken off;"
2022,"3304_3",3,3304,"1",106,";"
2022,"3304_3",3,3304,"2",0,";"
2022,"3797_3",3,3797,"1",248,";"
2022,"3797_3",3,3797,"2",0,";"
2022,"3015_3",3,3015,"1",0,";"
2022,"7573_3",3,7573,"1",14,";"
2022,"3798_3",3,3798,"1",0,";"
2022,"3796_3",3,3796,"1",0,";"
2022,"3651_3",3,3651,"1",62,";"
2022,"3846_3",3,3846,"1",0,"broken off;"
2022,"3624_3",3,3624,"1",48,";"
2022,"3081_3",3,3081,"1",58,";"
2022,"3313_3",3,3313,"1",78,";"
2022,"3799_3",3,3799,"1",170,";"
2022,"3906_3",3,3906,"1",24,";"
2022,"1411_4",4,1411,"1",42,";"
2022,"3364_4",4,3364,"1",128,";"
2022,"3364_4",4,3364,"2",30,";"
2022,"3364_4",4,3364,"3",0,";"
2022,"7550_4",4,7550,"1",30,";"
2022,"7550_4",4,7550,"2",0,"broken off;"
2022,"3730_4",4,3730,"1",140,";"
2022,"3656_4",4,3656,"1",90,";"
2022,"3007_4",4,3007,"1",56,";"
2022,"3182_4",4,3182,"1",126,"some seeds rotting (didn’t count rotting seeds);"
2022,"3182_4",4,3182,"2",0,";"
2022,"2230_4",4,2230,"1",12,";"
2022,"2230_4",4,2230,"2",12,";"
2022,"7591_4",4,7591,"1",40,";"
2022,"7591_4",4,7591,"2",0,";"
2022,"7545_4",4,7545,"1",94,";"
2022,"3122_4",4,3122,"1",34,";"
2022,"3122_4",4,3122,"2",18,";"
2022,"3122_4",4,3122,"3",0,";"
2022,"3787_4",4,3787,"1",86,";"
2022,"3353_10",10,3353,"1",114,";"
2022,"3353_10",10,3353,"2",0,";"
2022,"3655_10",10,3655,"1",236,";"
2022,"3655_10",10,3655,"2",0,";"
2022,"3547_10",10,3547,"1",28,";"
2022,"3190_10",10,3190,"1",132,";"
2022,"3190_10",10,3190,"2",0,";"
2022,"3578_12",12,3578,"1",104,";"
2022,"3578_12",12,3578,"2",62,";"
2022,"3578_12",12,3578,"3",0,";"
2022,"3395_12",12,3395,"1",82,";"
2022,"3395_12",12,3395,"2",86,";"
2022,"3395_12",12,3395,"3",0,";"
2022,"3129_12",12,3129,"1",368,"weird twisting stalk, hard to count seends;"
2022,"3129_12",12,3129,"2",0,";"
2022,"3135_12",12,3135,"1",82,";"
2022,"3135_12",12,3135,"2",84,";"
2022,"3135_12",12,3135,"3",0,";"
2022,"3536_12",12,3536,"1",68,";"
2022,"3536_12",12,3536,"2",0,";"
2022,"3536_12",12,3536,"3",0,";"
2022,"3002_12",12,3002,"1",98,";"
2022,"3002_12",12,3002,"2",64,";"
2022,"3002_12",12,3002,"3",6,";"
2022,"3360_14",14,3360,"1",82,";"
2022,"3360_14",14,3360,"2",0,";"
2022,"3360_14",14,3360,"3",0,";"
2022,"3556_14",14,3556,"1",2,";"
2022,"3556_14",14,3556,"2",0,";"
2022,"3556_14",14,3556,"3",0,";"
2022,"3526_14",14,3526,"1",40,";"
2022,"3526_14",14,3526,"2",40,";"
2022,"3526_14",14,3526,"3",0,";"
2022,"3004_14",14,3004,"1",10,";"
2022,"3004_14",14,3004,"2",0,";"
2022,"3004_14",14,3004,"3",0,";"
2022,"3913_14",14,3913,"1",56,";"
2022,"3913_14",14,3913,"2",0,";"
2022,"3432_14",14,3432,"1",134,";"
2022,"3432_14",14,3432,"2",122,";"
2022,"3432_14",14,3432,"3",0,";"
2022,"3699_14",14,3699,"1",126,";"
2022,"3699_14",14,3699,"2",68,";"
2022,"3459_14",14,3459,"1",92,";"
2022,"3459_14",14,3459,"2",0,";"
2022,"3035_14",14,3035,"1",46,"order unknown;"
2022,"3035_14",14,3035,"2",0,";"
2022,"3035_14",14,3035,"3",0,";"
2022,"3671_14",14,3671,"1",96,";"
2022,"3671_14",14,3671,"2",2,";"
2022,"3752_14",14,3752,"1",6,";"
2022,"3433_14",14,3433,"1",210,";"
2022,"3433_14",14,3433,"2",0,";"
2022,"3661_14",14,3661,"1",140,";"
2022,"3661_14",14,3661,"2",142,";"
2022,"3661_14",14,3661,"3",0,";"
2022,"3363_14",14,3363,"1",102,"order unknown;"
2022,"3363_14",14,3363,"2",62,";"
2022,"3363_14",14,3363,"3",0,";"
2022,"3363_14",14,3363,"4",0,";"
2022,"7576_14",14,7576,"1",2,";"
2022,"3158_14",14,3158,"1",116,";"
2022,"3158_14",14,3158,"2",4,";"
2022,"3430_14",14,3430,"1",0,";"
2022,"3430_14",14,3430,"2",0,";"
2022,"3469_14",14,3469,"1",2,";"
2022,"3469_14",14,3469,"2",0,";"
2022,"3305_14",14,3305,"1",2,";"
2022,"7557_14",14,7557,"1",90,";"
2022,"7557_14",14,7557,"2",0,";"
2022,"3366_14",14,3366,"1",132,";"
2022,"3366_14",14,3366,"2",0,";"
2022,"3838_14",14,3838,"1",0,"broken off;"
2022,"3101_14",14,3101,"1",16,";"
2022,"3379_14",14,3379,"1",0,"broken off/eaten;"
2022,"3086_14",14,3086,"1",64,";"
2022,"3086_14",14,3086,"2",0,";"
2022,"3463_14",14,3463,"1",0,";"
2022,"3607_14",14,3607,"1",0,";"
2022,"3607_14",14,3607,"2",0,";"
2022,"3926_14",14,3926,"1",0,";"
2022,"3118_14",14,3118,"1",62,";"
2022,"7575_14",14,7575,"1",0,";"
2022,"3816_14",14,3816,"1",26,";"
2022,"3682_14",14,3682,"1",16,";"
2022,"3682_14",14,3682,"2",38,";"
2022,"3682_14",14,3682,"3",104,";"
2022,"3885_14",14,3885,"1",76,";"
2022,"3711_14",14,3711,"1",44,";"
2022,"3575_14",14,3575,"1",0,";"
2022,"3464_14",14,3464,"1",28,";"
2022,"3385_14",14,3385,"1",86,";"
2022,"3440_14",14,3440,"1",4,";"
2022,"3496_14",14,3496,"1",0,";"
2022,"3776_14",14,3776,"1",6,";"
2022,"3149_14",14,3149,"1",106,";"
2022,"3149_14",14,3149,"3",0,";"
2022,"3149_14",14,3149,"2",128,";"
2022,"3829_14",14,3829,"1",48,";"
2022,"3675_13",13,3675,"1",NA,";*** 10 or 104?"
2022,"3675_13",13,3675,"2",0,";"
2022,"3373_13",13,3373,"1",134,";"
2022,"3373_13",13,3373,"2",0,";"
2022,"7532_13",13,7532,"1",68,";"
2022,"7532_13",13,7532,"2",0,";"
2022,"3358_13",13,3358,"1",80,";"
2022,"3358_13",13,3358,"2",0,";"
2022,"3358_13",13,3358,"3",0,";"
2022,"3494_13",13,3494,"1",70,";"
2022,"3494_13",13,3494,"2",96,";"
2022,"3494_13",13,3494,"3",0,";"
2022,"3367_13",13,3367,"1",0,";"
2022,"3391_13",13,3391,"1",16,";"
2022,"3123_13",13,3123,"1",NA,";*** look at hard copy"
2022,"3123_13",13,3123,"2",132,";"
2022,"3123_13",13,3123,"3",13,";"
2022,"3123_13",13,3123,"4",0,";"
2022,"3769_13",13,3769,"1",0,";"
2022,"3429_13",13,3429,"1",46,";"
2022,"3143_13",13,3143,"1",78,";"
2022,"3126_13",13,3126,"1",20,";"
2022,"3126_13",13,3126,"2",126,";"
2022,"3565_13",13,3565,"1",0,";"
2022,"3590_13",13,3590,"1",0,";"
2022,"3026_13",13,3026,"1",24,";"
2022,"3336_13",13,3336,"1",10,";"
2022,"3595_13",13,3595,"1",0,";"
2022,"3108_13",13,3108,"1",46,";"
2022,"3128_13",13,3128,"1",50,";"
2022,"3167_13",13,3167,"1",0,";"
2022,"3196_13",13,3196,"1",0,";"
2022,"3196_13",13,3196,"2",0,";"
2022,"3428_13",13,3428,"1",2,"umble nibbled on;"
2022,"3155_13",13,3155,"1",88,";"
2022,"3614_13",13,3614,"1",66,";"
2022,"3497_13",13,3497,"1",36,";"
2022,"3628_13",13,3628,"1",58,";"
2022,"3628_13",13,3628,"2",88,";"
2022,"3112_13",13,3112,"1",0,";"
2022,"3042_13",13,3042,"1",28,";"
2022,"3397_13",13,3397,"1",8,";"
2022,"3397_13",13,3397,"2",54,";"
2022,"3180_13",13,3180,"1",30,";"
2022,"3780_13",13,3780,"1",146,";"
2022,"3780_13",13,3780,"2",0,";"
2022,"7592_13",13,7592,"1",18,";"
2022,"7592_13",13,7592,"2",96,";"
2022,"3989_13",13,3989,"1",76,";"
2022,"3357_13",13,3357,"1",18,";"
2022,"3853_13",13,3853,"1",62,"order unknown;"
2022,"3853_13",13,3853,"2",38,";"
2022,"3853_13",13,3853,"3",40,";"
2022,"3853_13",13,3853,"4",64,";"
2022,"3178_13",13,3178,"1",32,";"
2022,"3726_13",13,3726,"1",62,";"
2022,"3384_13",13,3384,"1",58,";"
2022,"3396_13",13,3396,"1",40,";"
2022,"3396_13",13,3396,"2",86,";"
2022,"3396_13",13,3396,"3",112,";"
2022,"3705_13",13,3705,"1",8,";"
2022,"3481_13",13,3481,"1",52,";"
2022,"3481_13",13,3481,"2",78,";"
2022,"3481_13",13,3481,"3",62,";"
2022,"3333_13",13,3333,"1",2,";"
2022,"3333_13",13,3333,"2",12,";"
2022,"3422_13",13,3422,"1",50,";"
2022,"3724_13",13,3724,"1",22,";"
2022,"3701_13",13,3701,"1",42,";"
2022,"3345_6",6,3345,"1",148,";"
2022,"3345_6",6,3345,"2",72,";"
2022,"3345_6",6,3345,"3",24,";"
2022,"3345_6",6,3345,"4",0,";"
2022,"3345_6",6,3345,"5",0,";"
2022,"3136_6",6,3136,"1",140,";"
2022,"3136_6",6,3136,"2",138,";"
2022,"3136_6",6,3136,"3",0,";"
2022,"3070_6",6,3070,"1",0,";"
2022,"3070_6",6,3070,"2",0,";"
2022,"3070_6",6,3070,"3",0,";"
2022,"3173_6",6,3173,"1",103,";"
2022,"3173_6",6,3173,"2",116,";"
2022,"3173_6",6,3173,"3",0,";"
2022,"3173_6",6,3173,"4",0,";"
2022,"3140_6",6,3140,"1",100,"order unknown;"
2022,"3140_6",6,3140,"2",116,";"
2022,"3140_6",6,3140,"3",0,";"
2022,"3005_6",6,3005,"1",0,";"
2022,"3630_6",6,3630,"1",160,";"
2022,"3630_6",6,3630,"2",148,";"
2022,"3630_6",6,3630,"3",0,";"
2022,"3179_6",6,3179,"1",0,";"
2022,"3179_6",6,3179,"2",0,";"
2022,"3179_6",6,3179,"3",0,";"
2022,"3955_6",6,3955,"1",24,";"
2022,"3319_6",6,3319,"1",0,";"
2022,"3319_6",6,3319,"2",0,";"
2022,"3319_6",6,3319,"3",0,";"
2022,"3319_6",6,3319,"4",0,";"
2022,"3319_6",6,3319,"5",0,";"
2022,"3360_6",6,3360,"1",186,";"
2022,"3360_6",6,3360,"2",0,";"
2022,"3358_6",6,3358,"1",32,"mini mised previously;"
2022,"3358_6",6,3358,"2",120,";"
2022,"3358_6",6,3358,"3",182,";"
2022,"3358_6",6,3358,"4",122,";"
2022,"3358_6",6,3358,"5",0,";"
2022,"3725_6",6,3725,"1",34,";"
2022,"3725_6",6,3725,"2",70,";"
2022,"3725_6",6,3725,"3",0,";"
2022,"3777_6",6,3777,"1",104,";"
2022,"3777_6",6,3777,"2",0,";"
2022,"3669_6",6,3669,"1",100,";"
2022,"3669_6",6,3669,"2",86,";"
2022,"3669_6",6,3669,"3",0,";"
2022,"3141_6",6,3141,"1",148,";"
2022,"3141_6",6,3141,"2",184,";"
2022,"3141_6",6,3141,"3",0,";"
2022,"3733_6",6,3733,"1",144,";"
2022,"3733_6",6,3733,"2",0,";"
2022,"3648_6",6,3648,"1",32,";"
2022,"3648_6",6,3648,"2",0,";"
2022,"3648_6",6,3648,"3",0,";"
2022,"3648_6",6,3648,"4",90,";"
2022,"3518_6",6,3518,"1",60,";"
2022,"3518_6",6,3518,"2",82,";"
2022,"3518_6",6,3518,"3",18,";"
2022,"3887_6",6,3887,"1",114,";"
2022,"3887_6",6,3887,"2",112,";"
2022,"3887_6",6,3887,"3",4,";"
2022,"3773_6",6,3773,"1",18,";"
2022,"3773_6",6,3773,"2",0,";"
2022,"3729_6",6,3729,"1",134,";"
2022,"3729_6",6,3729,"2",0,";"
2022,"3354_6",6,3354,"1",40,";"
2022,"7587_6",6,7587,"1",102,";"
2022,"7587_6",6,7587,"2",84,";"
2022,"3643_6",6,3643,"1",84,";"
2022,"3643_6",6,3643,"2",26,";"
2022,"3643_6",6,3643,"3",0,";"
2022,"3466_6",6,3466,"1",120,";"
2022,"3466_6",6,3466,"2",140,";"
2022,"3466_6",6,3466,"3",0,";"
2022,"3743_6",6,3743,"1",68,";"
2022,"3743_6",6,3743,"2",0,";"
2022,"3789_6",6,3789,"1",0,";"
2022,"3008_6",6,3008,"1",112,";"
2022,"3372_6",6,3372,"1",62,";"
2022,"3489_6",6,3489,"1",94,";"
2022,"3400_6",6,3400,"1",158,";"
2022,"3142_6",6,3142,"1",0,";"
2022,"5050_7",7,5050,"1",32,";"
2022,"3368_7",7,3368,"1",20,";"
2022,"3370_7",7,3370,"1",0,";"
2022,"5037_7",7,5037,"1",0,";"
2022,"5040_7",7,5040,"1",0,";"
2022,"3403_7",7,3403,"1",0,";"
2022,"5056_7",7,5056,"1",0,";"
2022,"5056_7",7,5056,"2",0,";"
2022,"3673_15",15,3673,"1",140,";"
2022,"3673_15",15,3673,"2",0,";"
2022,"3395_15",15,3395,"1",74,";"
2022,"3395_15",15,3395,"2",98,";"
2022,"3395_15",15,3395,"3",0,";"
2022,"3417_15",15,3417,"1",10,";"
2022,"3417_15",15,3417,"2",6,";"
2022,"3417_15",15,3417,"3",0,";"
2022,"3377_15",15,3377,"1",96,";"
2022,"3377_15",15,3377,"2",84,";"
2022,"3377_15",15,3377,"3",0,";"
2022,"3491_15",15,3491,"1",150,";"
2022,"3491_15",15,3491,"2",0,";"
2022,"3491_15",15,3491,"3",0,";"
2022,"3659_15",15,3659,"1",168,";"
2022,"3659_15",15,3659,"2",170,";"
2022,"3659_15",15,3659,"3",110,";"
2022,"3659_15",15,3659,"4",0,";"
2022,"3659_15",15,3659,"5",0,";"
2022,"3426_15",15,3426,"1",34,";"
2022,"3882_15",15,3882,"1",138,";"
2022,"3882_15",15,3882,"2",0,";"
2022,"3068_15",15,3068,"1",NA,";look at hard copy"
2022,"3068_15",15,3068,"2",0,";"
2022,"3021_15",15,3021,"1",168,";"
2022,"3021_15",15,3021,"2",0,";"
2022,"3297_15",15,3297,"1",132,";"
2022,"3297_15",15,3297,"2",0,";"
2022,"3401_15",15,3401,"1",90,";"
2022,"3401_15",15,3401,"2",0,";"
2022,"3076_15",15,3076,"1",152,";"
2022,"3076_15",15,3076,"2",0,";"
2022,"3479_15",15,3479,"1",112,";"
2022,"3479_15",15,3479,"2",118,";"
2022,"3479_15",15,3479,"3",166,";"
2022,"3479_15",15,3479,"4",100,";"
2022,"3479_15",15,3479,"5",82,";"
2022,"3479_15",15,3479,"6",40,";"
2022,"3177_15",15,3177,"1",66,";"
2022,"3177_15",15,3177,"2",32,";"
2022,"3177_15",15,3177,"3",10,";"
2022,"3177_15",15,3177,"4",68,";"
2022,"3017_15",15,3017,"1",70,";"
2022,"3017_15",15,3017,"2",0,";"
2022,"3341_15",15,3341,"1",140,";"
2022,"3341_15",15,3341,"2",94,";"
2022,"3341_15",15,3341,"3",12,";"
2022,"3341_15",15,3341,"4",96,";"
2022,"3341_15",15,3341,"5",108,";"
2022,"3341_15",15,3341,"6",30,";"
2022,"3341_15",15,3341,"7",26,";"
2022,"3052_15",15,3052,"1",102,";"
2022,"3052_15",15,3052,"2",0,";"
2022,"3500_15",15,3500,"1",160,";"
2022,"3500_15",15,3500,"2",26,";"
2022,"3500_15",15,3500,"3",0,";"
2022,"3490_15",15,3490,"1",68,";"
2022,"3490_15",15,3490,"2",0,";"
2022,"3900_15",15,3900,"1",126,";"
2022,"3900_15",15,3900,"2",42,";"
2022,"3354_15",15,3354,"1",68,";"
2022,"3354_15",15,3354,"2",44,";"
2022,"3354_15",15,3354,"3",30,";"
2022,"3354_15",15,3354,"4",70,";"
2022,"3354_15",15,3354,"5",4,";"
2022,"3354_15",15,3354,"6",0,";"
2022,"3354_15",15,3354,"7",0,";"
2022,"3734_15",15,3734,"1",88,";"
2022,"3734_15",15,3734,"2",0,";"
2022,"3757_15",15,3757,"1",86,";"
2022,"3757_15",15,3757,"2",20,";"
2022,"3489_15",15,3489,"1",112,";"
2022,"3489_15",15,3489,"2",86,";"
2022,"3371_15",15,3371,"1",86,";"
2022,"3371_15",15,3371,"2",32,";"
2022,"3371_15",15,3371,"3",94,";"
2022,"3116_15",15,3116,"1",38,";"
2022,"3116_15",15,3116,"2",22,";"
2022,"3116_15",15,3116,"3",16,";"
2022,"3455_15",15,3455,"1",178,";"
2022,"3455_15",15,3455,"2",0,";"
2022,"3736_15",15,3736,"1",68,";"
2022,"3736_15",15,3736,"2",42,";"
2022,"3736_15",15,3736,"3",18,";"
2022,"3736_15",15,3736,"4",0,";"
2022,"3436_15",15,3436,"1",54,";"
2022,"3436_15",15,3436,"2",22,";"
2022,"3740_15",15,3740,"1",122,";"
2022,"3740_15",15,3740,"2",52,";"
2022,"3740_15",15,3740,"3",0,";"
2022,"3740_15",15,3740,"4",0,";"
2022,"3740_15",15,3740,"5",0,";"
2022,"3740_15",15,3740,"6",0,";"
2022,"3063_15",15,3063,"1",8,";"
2022,"3427_15",15,3427,"1",34,";"
2022,"3427_15",15,3427,"2",0,";"
2022,"3065_15",15,3065,"1",36,";"
2022,"3065_15",15,3065,"2",2,";"
2022,"3065_15",15,3065,"3",0,";"
2022,"3818_15",15,3818,"1",96,";"
2022,"3818_15",15,3818,"2",106,";"
2022,"3818_15",15,3818,"3",80,";"
2022,"3818_15",15,3818,"4",0,";"
2022,"3818_15",15,3818,"5",0,";"
2022,"3612_15",15,3612,"1",0,";"
2022,"3612_15",15,3612,"2",0,";"
2022,"3813_15",15,3813,"1",70,";"
2022,"3372_15",15,3372,"1",54,";"
2022,"3372_15",15,3372,"2",4,";"
2022,"3372_15",15,3372,"3",0,";"
2022,"3738_15",15,3738,"1",0,";"
2022,"3738_15",15,3738,"2",0,";"
2022,"3384_15",15,3384,"1",108,";"
2022,"3384_15",15,3384,"2",80,";"
2022,"3384_15",15,3384,"3",10,";"
2022,"3384_15",15,3384,"4",0,";"
2022,"3047_15",15,3047,"1",20,";"
2022,"3047_15",15,3047,"2",72,";"
2022,"3047_15",15,3047,"3",0,";"
2022,"3848_15",15,3848,"1",2,";"
2022,"3848_15",15,3848,"2",0,";"
2022,"3083_15",15,3083,"1",126,";"
2022,"3083_15",15,3083,"2",124,";"
2022,"3083_15",15,3083,"3",2,";"
2022,"3892_15",15,3892,"1",48,"order unknown;"
2022,"3892_15",15,3892,"2",54,";"
2022,"3892_15",15,3892,"3",0,";"
2022,"3485_15",15,3485,"1",82,";"
2022,"3485_15",15,3485,"2",86,";"
2022,"3485_15",15,3485,"3",0,";"
2022,"3485_15",15,3485,"4",10,";"
2022,"3485_15",15,3485,"5",2,";"
2022,"3485_15",15,3485,"6",0,";"
2022,"3423_15",15,3423,"1",20,";"
2022,"3423_15",15,3423,"2",10,";"
2022,"3095_15",15,3095,"1",32,";"
2022,"3095_15",15,3095,"2",0,";"
2022,"3472_15",15,3472,"1",104,";"
2022,"3472_15",15,3472,"2",64,";"
2022,"3472_15",15,3472,"3",4,";"
2022,"3472_15",15,3472,"4",0,";"
2022,"3863_15",15,3863,"1",36,";"
2022,"3863_15",15,3863,"2",14,";"
2022,"3458_15",15,3458,"1",0,"plant pulled;"
2022,"3397_15",15,3397,"1",92,";"
2022,"3397_15",15,3397,"2",72,";"
2022,"3397_15",15,3397,"3",38,";"
2022,"3774_15",15,3774,"1",72,";"
2022,"3493_15",15,3493,"1",20,";"
2022,"3493_15",15,3493,"2",0,";"
2022,"3006_15",15,3006,"1",32,";"
2022,"3391_15",15,3391,"1",124,";"
2022,"3391_15",15,3391,"2",0,";"
2022,"3481_15",15,3481,"1",62,";"
2022,"3581_15",15,3581,"1",106,";"
2022,"3581_15",15,3581,"2",76,";"
2022,"3393_15",15,3393,"1",4,";"
2022,"3393_15",15,3393,"2",0,";"
2022,"7593_15",15,7593,"1",0,";"
2022,"3014_15",15,3014,"1",44,";"
2022,"3014_15",15,3014,"2",8,";"
2022,"3755_15",15,3755,"1",0,";"
2022,"7521_15",15,7521,"1",54,";"
2022,"3446_15",15,3446,"1",132,";"
2022,"3868_15",15,3868,"1",146,";"
2022,"3868_15",15,3868,"2",80,";"
2022,"3868_15",15,3868,"3",88,";"
2022,"3868_15",15,3868,"4",24,";"
2022,"3868_15",15,3868,"5",0,";"
2022,"3457_15",15,3457,"1",42,";"
2022,"3457_15",15,3457,"2",26,";"
2022,"3766_15",15,3766,"1",36,";"
2022,"3482_15",15,3482,"1",54,";"
2022,"3433_13",13,3433,"1",92,";"
2022,"3433_13",13,3433,"2",86,";"
2022,"3433_13",13,3433,"3",36,";"
2022,"3441_13",13,3441,"1",170,";"
2022,"3441_13",13,3441,"2",252,";"
2022,"3441_13",13,3441,"3",0,";"
2022,"3826_13",13,3826,"1",164,";"
2022,"3826_13",13,3826,"2",0,";"
2022,"3382_13",13,3382,"1",108,";"
2022,"3382_13",13,3382,"2",46,";"
2022,"3382_13",13,3382,"3",0,";"
2022,"3978_13",13,3978,"1",90,";"
2022,"3978_13",13,3978,"2",92,";"
2022,"3978_13",13,3978,"3",90,";"
2022,"3978_13",13,3978,"4",0,";"
2022,"3642_13",13,3642,"1",36,";"
2022,"3642_13",13,3642,"2",112,";"
2022,"3642_13",13,3642,"3",94,";"
2022,"3642_13",13,3642,"4",0,";"
2022,"7537_13",13,7537,"1",80,"order unknown;"
2022,"7537_13",13,7537,"2",0,";"
2022,"7537_13",13,7537,"3",0,";"
2022,"3515_13",13,3515,"1",118,"order unknown;"
2022,"3515_13",13,3515,"2",100,";"
2022,"3515_13",13,3515,"3",0,";"
2022,"3515_13",13,3515,"4",0,";"
2022,"3376_13",13,3376,"1",78,";"
2022,"3376_13",13,3376,"2",184,";"
2022,"3376_13",13,3376,"3",0,";"
2022,"3605_13",13,3605,"1",74,";"
2022,"3605_13",13,3605,"2",92,";"
2022,"3605_13",13,3605,"3",0,";"
2022,"3616_13",13,3616,"1",38,";"
2022,"3616_13",13,3616,"2",0,";"
2022,"3593_13",13,3593,"1",0,";"
2022,"3593_13",13,3593,"2",0,";"
2022,"3775_13",13,3775,"1",18,";"
2022,"3775_13",13,3775,"2",62,";"
2022,"3620_13",13,3620,"1",84,";"
2022,"3620_13",13,3620,"2",0,";"
2022,"3431_13",13,3431,"1",6,";"
2022,"3431_13",13,3431,"2",80,";"
2022,"3088_13",13,3088,"1",56,";"
2022,"3088_13",13,3088,"2",40,";"
2022,"3088_13",13,3088,"3",86,";"
2022,"3088_13",13,3088,"4",0,";"
2022,"3088_13",13,3088,"5",0,";"
2022,"3638_13",13,3638,"1",66,";"
2022,"3638_13",13,3638,"2",80,";"
2022,"3638_13",13,3638,"3",0,";"
2022,"3390_13",13,3390,"1",110,";"
2022,"3390_13",13,3390,"2",0,";"
2022,"3120_13",13,3120,"1",110,";"
2022,"3120_13",13,3120,"2",0,";"
2022,"3604_13",13,3604,"1",6,";"
2022,"3604_13",13,3604,"2",190,";"
2022,"3604_13",13,3604,"3",0,";"
2022,"3187_13",13,3187,"1",42,";"
2022,"3187_13",13,3187,"2",0,";"
2022,"3421_13",13,3421,"1",120,";"
2022,"3421_13",13,3421,"2",0,";"
2022,"3119_13",13,3119,"1",48,";"
2022,"3119_13",13,3119,"2",0,";"
2022,"3018_13",13,3018,"1",100,";"
2022,"3018_13",13,3018,"2",118,";"
2022,"3018_13",13,3018,"3",0,";"
2022,"3980_13",13,3980,"1",84,";"
2022,"3980_13",13,3980,"2",0,";"
2022,"3118_13",13,3118,"1",116,";"
2022,"3118_13",13,3118,"2",0,";"
2022,"3449_12",12,3449,"1",30,";"
2022,"3449_12",12,3449,"2",16,";"
2022,"3451_12",12,3451,"1",112,";"
2022,"3451_12",12,3451,"2",116,";"
2022,"3451_12",12,3451,"3",0,";"
2022,"3551_12",12,3551,"1",16,";"
2022,"3131_12",12,3131,"1",42,";"
2022,"3445_12",12,3445,"1",6,";"
2022,"3145_12",12,3145,"1",92,";"
2022,"3423_12",12,3423,"1",100,";"
2022,"3423_12",12,3423,"2",118,";"
2022,"3423_12",12,3423,"3",86,";"
2022,"3137_12",12,3137,"1",48,";"
2022,"3413_12",12,3413,"1",102,";"
2022,"5021_5",5,5021,"1",18,";"
2022,"5021_5",5,5021,"2",0,";"
2022,"5021_5",5,5021,"3",0,";"
2022,"3476_5",5,3476,"1",72,";"
2022,"3476_5",5,3476,"2",0,";"
2022,"3896_5",5,3896,"1",44,";"
2022,"3896_5",5,3896,"2",0,";"
2022,"3067_5",5,3067,"1",98,";"
2022,"3067_5",5,3067,"2",22,";"
2022,"3067_5",5,3067,"3",0,";"
2022,"3473_5",5,3473,"1",52,";"
2022,"3473_5",5,3473,"2",46,";"
2022,"3473_5",5,3473,"3",0,";"
2022,"3135_5",5,3135,"1",66,";"
2022,"3135_5",5,3135,"2",12,";"
2022,"3135_5",5,3135,"3",0,";"
2022,"3161_5",5,3161,"1",78,";"
2022,"3161_5",5,3161,"2",92,";"
2022,"3161_5",5,3161,"3",0,";"
2022,"3479_5",5,3479,"1",94,";"
2022,"3479_5",5,3479,"2",0,";"
2022,"3338_5",5,3338,"1",90,";"
2022,"3338_5",5,3338,"2",0,";"
2022,"5026_5",5,5026,"1",100,";"
2022,"5026_5",5,5026,"2",0,";"
2022,"3200_5",5,3200,"1",80,";"
2022,"3200_5",5,3200,"2",46,";"
2022,"3200_5",5,3200,"3",0,";"
2022,"3010_5",5,3010,"1",112,";"
2022,"3010_5",5,3010,"2",0,";"
2022,"3124_5",5,3124,"1",138,";"
2022,"3124_5",5,3124,"2",0,";"
2022,"3685_5",5,3685,"1",112,";"
2022,"3685_5",5,3685,"2",30,";"
2022,"3685_5",5,3685,"3",0,";"
2022,"7536_5",5,7536,"1",0,";"
2022,"3697_5",5,3697,"1",0,";"
2022,"3697_5",5,3697,"2",0,";"
2022,"3710_5",5,3710,"1",72,";"
2022,"3710_5",5,3710,"2",34,";"
2022,"3710_5",5,3710,"3",0,";"
2022,"3022_5",5,3022,"1",104,";"
2022,"3022_5",5,3022,"2",0,";"
2022,"3663_5",5,3663,"1",122,"weird alien stalk;"
2022,"3663_5",5,3663,"2",0,";"
2022,"3888_5",5,3888,"1",0,";"
2022,"3499_5",5,3499,"1",36,";"
2022,"3499_5",5,3499,"2",0,";"
2022,"3987_5",5,3987,"1",6,";"
2022,"3196_5",5,3196,"1",84,";"
2022,"3196_5",5,3196,"2",20,";"
2022,"3197_5",5,3197,"1",160,";"
2022,"3197_5",5,3197,"2",138,";"
2022,"3197_5",5,3197,"3",6,";"
2022,"3197_5",5,3197,"4",14,";"
2022,"3199_5",5,3199,"1",68,"weird alien stalk;"
2022,"3199_5",5,3199,"2",2,";"
2022,"3198_5",5,3198,"1",6,";"
2022,"3198_5",5,3198,"2",0,";"
2022,"3810_5",5,3810,"1",52,";"
2022,"3810_5",5,3810,"2",46,";"
2022,"3810_5",5,3810,"3",0,";"
2022,"5022_5",5,5022,"1",0,";"
2022,"3546_5",5,3546,"1",66,";"
2022,"3546_5",5,3546,"2",0,";"
2022,"3644_5",5,3644,"1",54,";"
2022,"3074_5",5,3074,"1",0,";"
2022,"3074_5",5,3074,"2",0,";"
2022,"3074_5",5,3074,"3",0,";"
2022,"5044_5",5,5044,"1",0,";"
2022,"5044_5",5,5044,"2",0,";"
2022,"3127_5",5,3127,"1",84,";"
2022,"3127_5",5,3127,"2",66,";"
2022,"3833_5",5,3833,"1",56,";"
2022,"3833_5",5,3833,"2",24,";"
2022,"3988_5",5,3988,"1",2,";"
2022,"3988_5",5,3988,"2",0,";"
2022,"7546_5",5,7546,"1",8,";"
2022,"7546_5",5,7546,"2",0,";"
2022,"5036_5",5,5036,"1",36,";"
2022,"5036_5",5,5036,"2",4,";"
2022,"3788_5",5,3788,"1",128,";"
2022,"3108_5",5,3108,"1",26,";"
2022,"3820_5",5,3820,"1",11,";"
2022,"3153_5",5,3153,"1",0,";"
2022,"3093_5",5,3093,"1",94,";"
2022,"3811_5",5,3811,"1",0,";"
2022,"3869_5",5,3869,"1",22,";"
2022,"3488_5",5,3488,"1",40,";"
2022,"3488_5",5,3488,"2",102,";"
2022,"3488_5",5,3488,"3",42,";"
2022,"3488_5",5,3488,"4",76,";"
2022,"3488_5",5,3488,"5",38,";"
2022,"3109_5",5,3109,"1",50,";"
2022,"3109_5",5,3109,"2",0,";"
2022,"3148_5",5,3148,"1",52,";"
2022,"3465_5",5,3465,"1",56,";"
2022,"3465_5",5,3465,"2",0,";"
2022,"3560_5",5,3560,"1",56,";"
2022,"3152_5",5,3152,"1",4,";"
2022,"3125_5",5,3125,"1",0,";"
2022,"3877_5",5,3877,"1",36,";"
2022,"3615_5",5,3615,"1",42,";"
2022,"3615_5",5,3615,"2",22,";"
2022,"3649_5",5,3649,"1",0,";"
2022,"3516_5",5,3516,"1",66,";"
2022,"3516_5",5,3516,"2",0,";"
2022,"7555_5",5,7555,"1",10,";"
2022,"3178_5",5,3178,"1",30,";"
2022,"3178_5",5,3178,"2",26,";"
2022,"3193_5",5,3193,"1",38,";"
2022,"7522_5",5,7522,"1",60,";"
2022,"5042_5",5,5042,"1",10,";"
2022,"5045_5",5,5045,"1",66,";"
2022,"5032_7",7,5032,"1",0,";"
2022,"5032_7",7,5032,"2",0,";"
2022,"3450_7",7,3450,"1",136,";"
2022,"3450_7",7,3450,"2",2,";"
2022,"3450_7",7,3450,"3",0,";"
2022,"3446_7",7,3446,"1",4,";"
2022,"3446_7",7,3446,"2",0,";"
2022,"3981_7",7,3981,"1",0,";"
2022,"3981_7",7,3981,"2",0,";"
2022,"3452_7",7,3452,"1",114,";"
2022,"3452_7",7,3452,"2",26,";"
2022,"3452_7",7,3452,"3",0,";"
2022,"3452_7",7,3452,"4",0,";"
2022,"5049_7",7,5049,"1",80,";"
2022,"5049_7",7,5049,"2",0,";"
2022,"3089_7",7,3089,"1",92,";"
2022,"3089_7",7,3089,"2",0,";"
2022,"3298_7",7,3298,"1",26,";"
2022,"3886_7",7,3886,"1",90,";"
2022,"3886_7",7,3886,"2",0,";"
2022,"3375_7",7,3375,"1",0,";"
2022,"3375_7",7,3375,"2",0,";"
2022,"3994_7",7,3994,"1",134,";"
2022,"3994_7",7,3994,"2",150,";"
2022,"3994_7",7,3994,"3",0,";"
2022,"3994_7",7,3994,"4",0,";"
2022,"3994_7",7,3994,"5",0,";"
2022,"5047_7",7,5047,"1",44,";"
2022,"5047_7",7,5047,"2",0,";"
2022,"3874_7",7,3874,"1",64,";"
2022,"3044_7",7,3044,"1",50,";"
2022,"3044_7",7,3044,"2",0,";"
2022,"3443_7",7,3443,"1",0,";"
2022,"5051_7",7,5051,"1",118,";"
2022,"5051_7",7,5051,"2",0,";"
2022,"3453_7",7,3453,"1",76,";"
2022,"3453_7",7,3453,"2",26,";"
2022,"3453_7",7,3453,"3",22,";"
2022,"3453_7",7,3453,"4",0,";"
2022,"3100_7",7,3100,"1",2,";"
2022,"3688_7",7,3688,"1",0,";"
2022,"3688_7",7,3688,"2",0,";"
2022,"7544_7",7,7544,"1",0,";"
2022,"3408_7",7,3408,"1",0,";"
2022,"5053_7",7,5053,"1",0,";"
2022,"3401_7",7,3401,"1",36,";"
2022,"5048_7",7,5048,"1",2,";"
2022,"5054_7",7,5054,"1",36,";"
2022,"3406_7",7,3406,"1",0,";"
2023,"3611_1_6I",1,3611,"1",58,""
2023,"3611_1_6I",1,3611,"2",0,""
2023,"3599_1_0J",1,3599,"1",94,""
2023,"3599_1_0J",1,3599,"2",0,""
2023,"3525_1_1G",1,3525,"1",82,""
2023,"3525_1_1G",1,3525,"2",6,""
2023,"3610_1_0D",1,3610,"1",84,""
2023,"3610_1_0D",1,3610,"2",86,""
2023,"3610_1_0D",1,3610,"3",108,""
2023,"3610_1_0D",1,3610,"4",40,""
2023,"3610_1_0D",1,3610,"5",0,""
2023,"3610_1_0D",1,3610,"6",0,""
2023,"3728_1_4E",1,3728,"1",0,""
2023,"3741_1_5J",1,3741,"1",96,""
2023,"3741_1_5J",1,3741,"2",102,""
2023,"3741_1_5J",1,3741,"3",56,""
2023,"3741_1_5J",1,3741,"4",54,""
2023,"3741_1_5J",1,3741,"5",0,""
2023,"3741_1_5J",1,3741,"6",0,""
2023,"3126_1_7E",1,3126,"1",96,""
2023,"3126_1_7E",1,3126,"2",0,""
2023,"3692_1_7E",1,3692,"1",0,""
2023,"7599_1_1F",1,7599,"1",42,""
2023,"3542_1_0I",1,3542,"1",20,""
2023,"3542_1_0I",1,3542,"2",0,""
2023,"3542_1_0I",1,3542,"3",0,""
2023,"3542_1_0I",1,3542,"4",0,""
2023,"3782_1_0I",1,3782,"1",0,""
2023,"3365_1_0I",1,3365,"1",0,""
2023,"3879_1_3C",1,3879,"1",42,""
2023,"3608_1_3C",1,3608,"1",62,""
2023,"3608_1_3C",1,3608,"2",54,""
2023,"3608_1_3C",1,3608,"3",0,""
2023,"3860_1_3C",1,3860,"1",36,""
2023,"7533_1_3E",1,7533,"1",30,""
2023,"3543_1_2F",1,3543,"1",90,""
2023,"3543_1_2F",1,3543,"2",0,""
2023,"3583_1_2I",1,3583,"1",4,""
2023,"3567_1_3I",1,3567,"1",70,""
2023,"3567_1_3I",1,3567,"2",52,""
2023,"3567_1_3I",1,3567,"3",0,""
2023,"3567_1_3I",1,3567,"4",0,""
2023,"3935_1_4H",1,3935,"1",78,""
2023,"3935_1_4H",1,3935,"2",0,""
2023,"3687_1_4I",1,3687,"1",0,""
2023,"3645_1_5I",1,3645,"1",12,""
2023,"3627_1_6I",1,3627,"1",0,""
2023,"3930_1_7H",1,3930,"1",140,""
2023,"3930_1_7H",1,3930,"2",0,""
2023,"3151_1_8H",1,3151,"1",82,""
2023,"3151_1_8H",1,3151,"2",38,""
2023,"3151_1_8H",1,3151,"3",0,""
2023,"3629_1_4I",1,3629,"1",34,""
2023,"3506_1_2B/E",1,3506,"1",30,""
2023,"3506_1_2B/E",1,3506,"2",24,""
2023,"3506_1_2B/E",1,3506,"3",18,""
2023,"3506_1_2B/E",1,3506,"4",14,""
2023,"3814_1_9J",1,3814,"1",0,""
2023,"3814_1_9J",1,3814,"2",0,""
2023,"3410_1_4J",1,3410,"1",68,""
2023,"3410_1_4J",1,3410,"2",8,""
2023,"3410_1_4J",1,3410,"3",12,""
2023,"3412_1_9J",1,3412,"1",38,""
2023,"3412_1_9J",1,3412,"2",32,""
2023,"3411_1_9J",1,3411,"1",0,""
2023,"3744_1_8B",1,3744,"1",0,""
2023,"3166_2_11B",2,3166,"1",116,""
2023,"3166_2_11B",2,3166,"2",66,""
2023,"3166_2_11B",2,3166,"3",0,""
2023,"3597_2_8I",2,3597,"1",0,""
2023,"3597_2_8I",2,3597,"2",2,""
2023,"3413_2_2E",2,3413,"1",0,""
2023,"3480_2_3G",2,3480,"1",56,""
2023,"3522_2_4E",2,3522,"1",10,""
2023,"3858_2_6B",2,3858,"1",0,""
2023,"3550_2_9J",2,3550,"1",36,""
2023,"3550_2_9J",2,3550,"2",22,""
2023,"3751_2_8A",2,3751,"1",0,""
2023,"3502_2_7C",2,3502,"1",0,""
2023,"3156_2_11E",2,3156,"1",10,""
2023,"3156_2_11E",2,3156,"2",0,""
2023,"3163_2_11E",2,3163,"1",0,""
2023,"3164_2_14B",2,3164,"1",0,""
2023,"3175_2_15A",2,3175,"1",6,""
2023,"3175_2_15A",2,3175,"2",0,""
2023,"3155_2_16A",2,3155,"1",52,""
2023,"3155_2_16A",2,3155,"2",8,""
2023,"3172_2_17A",2,3172,"1",0,""
2023,"3172_2_17A",2,3172,"2",0,""
2023,"3188_2_19B",2,3188,"1",26,""
2023,"3185_2_18C",2,3185,"1",0,""
2023,"3185_2_18C",2,3185,"2",0,""
2023,"3186_2_18D",2,3186,"1",36,""
2023,"3159_2_13I",2,3159,"1",88,""
2023,"3159_2_13I",2,3159,"2",28,""
2023,"3159_2_13I",2,3159,"3",42,""
2023,"3159_2_13I",2,3159,"4",62,""
2023,"3159_2_13I",2,3159,"5",0,""
2023,"3159_2_13I",2,3159,"6",0,""
2023,"3169_2_13J",2,3169,"1",2,""
2023,"3168_2_14J",2,3168,"1",38,""
2023,"3168_2_14J",2,3168,"2",0,""
2023,"3562_2_19I",2,3562,"1",0,""
2023,"3352_2_19I",2,3352,"1",0,""
2023,"3157_2_19F",2,3157,"1",0,""
2023,"7560_2_18J",2,7560,"1",28,""
2023,"3531_2_9A",2,3531,"1",0,""
2023,"3703_2_7C",2,3703,"1",6,""
2023,"3462_3_2A",3,3462,"1",0,""
2023,"3462_3_2A",3,3462,"2",0,""
2023,"7548_3_9H",3,7548,"1",120,""
2023,"7548_3_9H",3,7548,"2",92,""
2023,"7548_3_9H",3,7548,"3",0,""
2023,"3759_3_15A",3,3759,"1",0,""
2023,"3759_3_15A",3,3759,"2",80,""
2023,"3759_3_15A",3,3759,"3",0,""
2023,"3015_3_0F",3,3015,"1",38,""
2023,"3015_3_0F",3,3015,"2",96,""
2023,"3015_3_0F",3,3015,"3",0,""
2023,"3349_3_1F",3,3349,"1",102,""
2023,"3349_3_1F",3,3349,"2",130,""
2023,"3349_3_1F",3,3349,"3",58,""
2023,"3056_3_1B",3,3056,"1",0,""
2023,"3919_3_1B",3,3919,"1",32,""
2023,"3906_3_1C",3,3906,"1",0,""
2023,"3651_3_3A",3,3651,"1",14,""
2023,"3831_3_3C",3,3831,"1",0,""
2023,"3831_3_3C",3,3831,"2",0,""
2023,"3304_3_4C",3,3304,"1",78,""
2023,"7573_3_3B",3,7573,"1",30,""
2023,"7573_3_3B",3,7573,"2",50,""
2023,"3797_3_4I",3,3797,"1",68,""
2023,"3797_3_4I",3,3797,"2",0,""
2023,"3846_3_7E",3,3846,"1",106,""
2023,"3846_3_7E",3,3846,"2",22,""
2023,"3796_3_6E",3,3796,"1",0,""
2023,"7670_3_7I",3,7670,"1",104,""
2023,"7552_3_15D",3,7552,"1",0,""
2023,"7552_3_15D",3,7552,"2",0,""
2023,"7552_3_15D",3,7552,"3",0,""
2023,"7684_3_15A",3,7684,"1",0,""
2023,"7684_3_15A",3,7684,"2",0,""
2023,"3081_3_1A",3,3081,"1",0,""
2023,"3624_3_0D",3,3624,"1",32,""
2023,"3313_3_4A",3,3313,"1",0,""
2023,"3799_3_3C",3,3799,"1",106,""
2023,"7539_3_17B",3,7539,"1",0,""
2023,"7565_3_18E",3,7565,"1",34,""
2023,"7696_4_0A",4,7696,"1",84,""
2023,"7696_4_0A",4,7696,"2",28,""
2023,"7696_4_0A",4,7696,"3",0,""
2023,"7696_4_0A",4,7696,"4",0,""
2023,"1411_4_8H",4,1411,"1",212,""
2023,"1411_4_8H",4,1411,"2",250,""
2023,"1411_4_8H",4,1411,"3",0,""
2023,"3596_4_2H",4,3596,"1",126,""
2023,"3596_4_2H",4,3596,"2",2,""
2023,"2230_4_10J",4,2230,"1",10,""
2023,"2230_4_10J",4,2230,"2",12,""
2023,"2230_4_10J",4,2230,"3",0,""
2023,"7550_4_0H",4,7550,"1",90,""
2023,"7550_4_0H",4,7550,"2",0,""
2023,"3364_4_3J",4,3364,"1",68,""
2023,"3364_4_3J",4,3364,"2",84,""
2023,"3364_4_3J",4,3364,"3",42,""
2023,"3364_4_3J",4,3364,"4",4,""
2023,"3364_4_3J",4,3364,"5",0,""
2023,"3730_4_0J",4,3730,"1",14,""
2023,"7591_4_9J",4,7591,"1",50,""
2023,"7591_4_9J",4,7591,"2",0,""
2023,"3122_4_8J",4,3122,"1",30,""
2023,"3122_4_8J",4,3122,"2",90,""
2023,"3122_4_8J",4,3122,"3",42,""
2023,"3122_4_8J",4,3122,"4",0,""
2023,"3787_4_3I",4,3787,"1",14,""
2023,"3786_4_8H",4,3786,"1",16,""
2023,"3656_4_0C",4,3656,"1",52,""
2023,"3152_5_0H",5,3152,"1",14,""
2023,"3152_5_0H",5,3152,"2",0,""
2023,"7570_5_1H",5,7570,"1",0,""
2023,"3987_5_3G",5,3987,"1",17,""
2023,"3987_5_3G",5,3987,"2",0,""
2023,"3560_5_3B",5,3560,"1",6,""
2023,"3560_5_3B",5,3560,"2",0,""
2023,"3560_5_3B",5,3560,"3",0,""
2023,"3560_5_3B",5,3560,"4",0,""
2023,"3560_5_3B",5,3560,"5",0,""
2023,"3199_5_4A",5,3199,"1",92,""
2023,"3199_5_4A",5,3199,"2",0,""
2023,"3199_5_4A",5,3199,"3",22,""
2023,"3199_5_4A",5,3199,"4",0,""
2023,"3788_5_0G",5,3788,"1",0,""
2023,"3788_5_0G",5,3788,"2",0,""
2023,"3499_5_1H",5,3499,"1",2,""
2023,"3499_5_1H",5,3499,"2",0,""
2023,"3468_5_0I",5,3468,"1",8,""
2023,"3468_5_0I",5,3468,"2",0,""
2023,"3125_5_2I",5,3125,"1",42,""
2023,"3125_5_2I",5,3125,"2",0,""
2023,"3877_5_3J",5,3877,"1",0,""
2023,"3200_5_4E",5,3200,"1",0,""
2023,"3200_5_4E",5,3200,"2",60,""
2023,"5021_5_5E",5,5021,"1",0,""
2023,"5021_5_5E",5,5021,"2",0,""
2023,"3484_5_5I",5,3484,"1",0,""
2023,"3708_5_6G",5,3708,"1",0,""
2023,"7597_5_6G",5,7597,"1",0,""
2023,"3714_5_7I",5,3714,"1",40,""
2023,"3714_5_7I",5,3714,"2",0,""
2023,"3465_5_3B",5,3465,"1",2,""
2023,"3465_5_3B",5,3465,"2",0,""
2023,"3196_5_5C",5,3196,"1",38,""
2023,"3196_5_5C",5,3196,"2",22,""
2023,"3196_5_5C",5,3196,"3",0,""
2023,"3196_5_5C",5,3196,"4",0,""
2023,"3941_5_8C",5,3941,"1",54,""
2023,"3941_5_8C",5,3941,"2",22,""
2023,"3941_5_8C",5,3941,"3",28,""
2023,"3941_5_8C",5,3941,"4",0,""
2023,"3941_5_8C",5,3941,"5",0,""
2023,"3941_5_8C",5,3941,"6",0,""
2023,"3941_5_8C",5,3941,"7",0,""
2023,"3941_5_8C",5,3941,"8",0,""
2023,"5022_5_9F",5,5022,"1",0,""
2023,"3644_5_9H",5,3644,"1",94,""
2023,"3644_5_9H",5,3644,"2",46,""
2023,"3644_5_9H",5,3644,"3",0,""
2023,"3644_5_9H",5,3644,"4",0,""
2023,"3195_5_1A",5,3195,"1",0,""
2023,"3195_5_1A",5,3195,"2",0,""
2023,"3195_5_1A",5,3195,"3",0,""
2023,"3193_5_3B",5,3193,"1",0,""
2023,"7564_5_3B",5,7564,"1",0,""
2023,"3197_5_3A",5,3197,"1",80,""
2023,"3197_5_3A",5,3197,"2",0,""
2023,"3197_5_3A",5,3197,"3",22,""
2023,"3197_5_3A",5,3197,"4",0,""
2023,"3466_5_4B",5,3466,"1",0,""
2023,"3148_5_3D",5,3148,"1",0,""
2023,"3148_5_3D",5,3148,"2",0,""
2023,"3820_5_4D",5,3820,"1",10,""
2023,"3820_5_4D",5,3820,"2",0,""
2023,"5026_5_3D",5,5026,"1",0,""
2023,"5026_5_3D",5,5026,"2",0,""
2023,"7522_5_3E",5,7522,"1",18,""
2023,"7522_5_3E",5,7522,"2",38,""
2023,"7553_5_4E",5,7553,"1",26,""
2023,"3191_5_6E",5,3191,"1",26,""
2023,"3810_5_9C",5,3810,"1",14,""
2023,"3810_5_9C",5,3810,"2",2,""
2023,"3810_5_9C",5,3810,"3",0,""
2023,"3810_5_9C",5,3810,"4",0,""
2023,"7596_5_4G",5,7596,"1",0,""
2023,"3161_5_2G",5,3161,"1",22,""
2023,"3161_5_2G",5,3161,"2",0,""
2023,"7512_5_2G",5,7512,"1",0,""
2023,"3108_5_1I",5,3108,"1",36,""
2023,"3108_5_1I",5,3108,"2",14,""
2023,"3338_5_3I",5,3338,"1",22,""
2023,"3338_5_3I",5,3338,"2",0,""
2023,"7524_5_6H",5,7524,"1",0,""
2023,"3546_5_9G",5,3546,"1",34,""
2023,"3120_5_8G",5,3120,"1",0,""
2023,"3120_5_8G",5,3120,"2",0,""
2023,"5017_5_6H",5,5017,"1",0,""
2023,"7542_5_8D",5,7542,"1",0,""
2023,"7519_5_3D",5,7519,"1",0,"[tag corrected during cleaning]"
2023,"5027_5_1H",5,5027,"1",0,""
2023,"3374_6_18H",6,3374,"1",6,""
2023,"3179_6_4D",6,3179,"1",74,""
2023,"3179_6_4D",6,3179,"2",0,""
2023,"3179_6_4D",6,3179,"3",0,""
2023,"3400_6_7E",6,3400,"1",0,""
2023,"3400_6_7E",6,3400,"2",8,""
2023,"3070_6_4G",6,3070,"1",26,""
2023,"3070_6_4G",6,3070,"2",0,""
2023,"3070_6_4G",6,3070,"3",0,""
2023,"3070_6_4G",6,3070,"4",0,""
2023,"3008_6_4J",6,3008,"1",32,""
2023,"3008_6_4J",6,3008,"2",0,""
2023,"7587_6_13A",6,7587,"1",0,""
2023,"7587_6_13A",6,7587,"2",0,""
2023,"3753_6_11B",6,3753,"1",0,""
2023,"3753_6_11B",6,3753,"2",0,""
2023,"3358_6_11D",6,3358,"1",28,""
2023,"3358_6_11D",6,3358,"2",12,""
2023,"3358_6_11D",6,3358,"3",4,""
2023,"3358_6_11D",6,3358,"4",0,""
2023,"3345_6_12D",6,3345,"1",36,""
2023,"3345_6_12D",6,3345,"2",60,""
2023,"3345_6_12D",6,3345,"3",0,""
2023,"3345_6_12D",6,3345,"4",0,""
2023,"3360_6_12C",6,3360,"1",0,""
2023,"3489_6_12C",6,3489,"1",16,""
2023,"3489_6_12C",6,3489,"2",0,""
2023,"3136_6_16C",6,3136,"1",0,""
2023,"3136_6_16C",6,3136,"2",62,""
2023,"3136_6_16C",6,3136,"3",0,""
2023,"3669_6_13F",6,3669,"1",56,""
2023,"3669_6_13F",6,3669,"2",0,""
2023,"3141_6_13E",6,3141,"1",0,""
2023,"3141_6_13E",6,3141,"2",0,""
2023,"3141_6_13E",6,3141,"3",0,""
2023,"3887_6_15E",6,3887,"1",74,""
2023,"3887_6_15E",6,3887,"2",64,""
2023,"3887_6_15E",6,3887,"3",0,""
2023,"3466_6_19C",6,3466,"1",72,""
2023,"3466_6_19C",6,3466,"2",0,""
2023,"3466_6_19C",6,3466,"3",0,""
2023,"3777_6_14G",6,3777,"1",14,""
2023,"3142_6_19D",6,3142,"1",0,""
2023,"3142_6_19D",6,3142,"2",0,""
2023,"3005_6_18F",6,3005,"1",0,""
2023,"3570_6_18F",6,3570,"1",8,""
2023,"3570_6_18F",6,3570,"2",0,""
2023,"3173_6_8G",6,3173,"1",0,""
2023,"3729_6_19F",6,3729,"1",104,""
2023,"3729_6_19F",6,3729,"2",0,""
2023,"3955_6_18H",6,3955,"1",0,""
2023,"3643_6_18I",6,3643,"1",0,""
2023,"3630_6_16I",6,3630,"1",0,""
2023,"3630_6_16I",6,3630,"2",0,""
2023,"3648_6_15F",6,3648,"1",0,""
2023,"3648_6_15F",6,3648,"2",0,""
2023,"3372_6_14F",6,3372,"1",0,""
2023,"3372_6_14F",6,3372,"2",0,""
2023,"3725_6_15H",6,3725,"1",0,""
2023,"3725_6_15H",6,3725,"2",0,""
2023,"3140_6_18F",6,3140,"1",32,""
2023,"3140_6_18F",6,3140,"2",28,""
2023,"3140_6_18F",6,3140,"3",0,""
2023,"3140_6_18F",6,3140,"4",0,""
2023,"3319_6_11A",6,3319,"1",0,""
2023,"3743_6_18B",6,3743,"1",0,""
2023,"3767_6_18G",6,3767,"1",0,""
2023,"3518_3_16J",3,3518,"1",60,"found in 10I; [not captured by datasheet-making script because cf]"
2023,"3518_3_16J",3,3518,"2",42,"found in 10I; [not captured by datasheet-making script because cf]"
2023,"3518_6_16J",6,3518,"3",0,"found in 10I; [not captured by datasheet-making script because cf]"
2023,"5570_6_18H",6,5570,"1",0,""
2023,"3785_6_15H",6,3785,"1",0,""
2023,"3454_6_15I",6,3454,"1",0,"[was cf on 4 jun]"
2023,"3454_6_15I",6,3454,"2",0,"[was cf on 4 jun]"
2023,"5032_7_15B",7,5032,"1",0,""
2023,"5032_7_15B",7,5032,"2",0,""
2023,"5032_7_15B",7,5032,"3",0,""
2023,"3452_7_1D",7,3452,"1",16,""
2023,"3452_7_1D",7,3452,"2",118,""
2023,"3452_7_1D",7,3452,"3",0,""
2023,"5849_7_1E",7,5849,"1",0,""
2023,"5849_7_1E",7,5849,"2",0,""
2023,"3450_7_4G",7,3450,"1",142,""
2023,"3450_7_4G",7,3450,"2",14,"half-eaten"
2023,"3450_7_4G",7,3450,"3",0,""
2023,"3446_7_15B",7,3446,"1",80,""
2023,"3446_7_15B",7,3446,"2",8,""
2023,"3446_7_15B",7,3446,"3",0,""
2023,"3446_7_15B",7,3446,"4",0,""
2023,"3446_7_15B",7,3446,"5",0,""
2023,"3981_7_0C",7,3981,"1",0,""
2023,"7579_7_5C",7,7579,"1",94,""
2023,"3044_7_7C",7,3044,"1",112,""
2023,"3044_7_7C",7,3044,"2",0,""
2023,"3874_7_8B",7,3874,"1",78,""
2023,"3874_7_8B",7,3874,"2",0,""
2023,"5047_7_9C",7,5047,"1",30,""
2023,"5047_7_9C",7,5047,"2",4,""
2023,"3100_7_9B",7,3100,"1",2,""
2023,"3401_7_4F",7,3401,"1",2,""
2023,"7544_7_6G",7,7544,"1",36,""
2023,"3368_7_6G",7,3368,"1",0,""
2023,"5052_7_2I",7,5052,"1",16,""
2023,"5052_7_2I",7,5052,"2",0,""
2023,"3636_7_3I",7,3636,"1",0,"[was gone on 24 may and 4 jun]"
2023,"5053_7_3J",7,5053,"1",36,""
2023,"5053_7_3J",7,5053,"2",0,""
2023,"3994_7_8I",7,3994,"1",4,""
2023,"3994_7_8I",7,3994,"2",58,""
2023,"3994_7_8I",7,3994,"3",0,""
2023,"3069_7_1B",7,3069,"1",0,"[was gone on 4 jun]"
2023,"3375_7_3B",7,3375,"1",0,"[was gone on 4 jun]"
2023,"3375_7_3B",7,3375,"2",0,"[was gone on 4 jun]"
2023,"3089_7_5H",7,3089,"1",0,""
2023,"3089_7_5H",7,3089,"2",0,""
2023,"3655_10_6B",10,3655,"1",190,""
2023,"3655_10_6B",10,3655,"2",54,""
2023,"3655_10_6B",10,3655,"3",0,""
2023,"3929_10_8D",10,3929,"1",84,""
2023,"3929_10_8D",10,3929,"2",6,""
2023,"7698_10_9D",10,7698,"1",152,""
2023,"7698_10_9D",10,7698,"2",8,""
2023,"3353_10_5D",10,3353,"1",128,""
2023,"3353_10_5D",10,3353,"2",140,""
2023,"3353_10_5D",10,3353,"3",16,""
2023,"3353_10_5D",10,3353,"4",0,""
2023,"3547_10_5D",10,3547,"1",6,""
2023,"3190_10_1A",10,3190,"1",132,""
2023,"3190_10_1A",10,3190,"2",138,""
2023,"3378_10_7C",10,3378,"1",146,""
2023,"3378_10_7C",10,3378,"2",94,""
2023,"3378_10_7C",10,3378,"3",4,""
2023,"3578_12_17A",12,3578,"1",80,""
2023,"3578_12_17A",12,3578,"2",72,""
2023,"3578_12_17A",12,3578,"3",54,""
2023,"3578_12_17A",12,3578,"4",0,""
2023,"3422_12_15I",12,3422,"1",78,""
2023,"3422_12_15I",12,3422,"2",0,""
2023,"3448_12_5E",12,3448,"1",132,""
2023,"3448_12_5E",12,3448,"2",8,""
2023,"3135_12_6F",12,3135,"1",88,""
2023,"3424_12_7G",12,3424,"1",94,""
2023,"3424_12_7G",12,3424,"2",0,""
2023,"3445_12_10B",12,3445,"1",0,""
2023,"7578_12_11B",12,7578,"1",2,""
2023,"7578_12_11B",12,7578,"2",62,""
2023,"7578_12_11B",12,7578,"3",76,""
2023,"7578_12_11B",12,7578,"4",20,""
2023,"3449_12_14B",12,3449,"1",86,""
2023,"3449_12_14B",12,3449,"2",46,""
2023,"3449_12_14B",12,3449,"3",0,""
2023,"3147_12_17B",12,3147,"1",30,""
2023,"3147_12_17B",12,3147,"2",64,""
2023,"3536_12_19A",12,3536,"1",144,""
2023,"3536_12_19A",12,3536,"2",148,""
2023,"3536_12_19A",12,3536,"3",80,""
2023,"3536_12_19A",12,3536,"4",2,""
2023,"3395_12_18C",12,3395,"1",24,""
2023,"3761_12_16J",12,3761,"1",60,""
2023,"3761_12_16J",12,3761,"2",6,""
2023,"3134_12_15I",12,3134,"1",54,""
2023,"3134_12_15I",12,3134,"2",14,""
2023,"3551_12_12H",12,3551,"1",128,""
2023,"3551_12_12H",12,3551,"2",0,""
2023,"7530_12_13C",12,7530,"1",22,""
2023,"3049_12_16B",12,3049,"1",0,""
2023,"3439_12_16I",12,3439,"1",22,""
2023,"3131_12_15I",12,3131,"1",74,""
2023,"3129_12_16J",12,3129,"1",14,""
2023,"3425_12_2H",12,3425,"1",26,""
2023,"3425_12_2H",12,3425,"2",2,""
2023,"3428_13_0D",13,3428,"1",0,""
2023,"3422_13_0C",13,3422,"1",18,""
2023,"3638_13_8C",13,3638,"1",50,""
2023,"3026_13_3E",13,3026,"1",46,""
2023,"3384_13_6G",13,3384,"1",10,""
2023,"3155_13_7A",13,3155,"1",386,""
2023,"3155_13_7A",13,3155,"2",0,""
2023,"3155_13_7A",13,3155,"3",0,""
2023,"3441_13_1B",13,3441,"1",188,""
2023,"3441_13_1B",13,3441,"2",222,""
2023,"3441_13_1B",13,3441,"3",0,""
2023,"3336_13_3B",13,3336,"1",66,""
2023,"3336_13_3B",13,3336,"2",36,""
2023,"3336_13_3B",13,3336,"3",28,""
2023,"3336_13_3B",13,3336,"4",0,""
2023,"3123_13_5H",13,3123,"1",136,""
2023,"3123_13_5H",13,3123,"2",146,""
2023,"3123_13_5H",13,3123,"3",104,""
2023,"3123_13_5H",13,3123,"4",84,""
2023,"3123_13_5H",13,3123,"5",112,""
2023,"3123_13_5H",13,3123,"6",102,""
2023,"3123_13_5H",13,3123,"7",0,""
2023,"3123_13_5H",13,3123,"8",0,""
2023,"3123_13_5H",13,3123,"9",0,""
2023,"7571_13_8G",13,7571,"1",96,""
2023,"7571_13_8G",13,7571,"2",62,""
2023,"3642_13_9G",13,3642,"1",114,""
2023,"3642_13_9G",13,3642,"2",114,""
2023,"3642_13_9G",13,3642,"3",112,""
2023,"3642_13_9G",13,3642,"4",60,""
2023,"3642_13_9G",13,3642,"5",6,""
2023,"3826_13_5A",13,3826,"1",22,""
2023,"3826_13_5A",13,3826,"2",32,""
2023,"3826_13_5A",13,3826,"3",0,""
2023,"3616_13_10B",13,3616,"1",102,""
2023,"3431_13_0D",13,3431,"1",30,""
2023,"3431_13_0D",13,3431,"2",42,""
2023,"3431_13_0D",13,3431,"3",18,""
2023,"3431_13_0D",13,3431,"4",30,""
2023,"3431_13_0D",13,3431,"5",0,""
2023,"3429_13_0D",13,3429,"1",116,""
2023,"3429_13_0D",13,3429,"2",0,""
2023,"3178_13_1D",13,3178,"1",54,""
2023,"3178_13_1D",13,3178,"2",8,""
2023,"3433_13_3A",13,3433,"1",88,""
2023,"3433_13_3A",13,3433,"2",136,""
2023,"3433_13_3A",13,3433,"3",0,""
2023,"7537_13_4C",13,7537,"1",42,""
2023,"7537_13_4C",13,7537,"2",0,""
2023,"7537_13_4C",13,7537,"3",0,""
2023,"3382_13_5B",13,3382,"1",0,""
2023,"3382_13_5B",13,3382,"2",18,""
2023,"7527_13_3G",13,7527,"1",90,""
2023,"7527_13_3G",13,7527,"2",0,""
2023,"3978_13_2G",13,3978,"1",50,""
2023,"3978_13_2G",13,3978,"2",26,""
2023,"3978_13_2G",13,3978,"3",82,""
2023,"3978_13_2G",13,3978,"4",18,""
2023,"3769_13_0G",13,3769,"1",24,""
2023,"3769_13_0G",13,3769,"2",32,""
2023,"3769_13_0G",13,3769,"3",0,""
2023,"3980_13_0F",13,3980,"1",78,""
2023,"3980_13_0F",13,3980,"2",8,""
2023,"3604_13_2H",13,3604,"1",70,""
2023,"3604_13_2H",13,3604,"2",68,""
2023,"3604_13_2H",13,3604,"3",28,""
2023,"3604_13_2H",13,3604,"4",40,""
2023,"3604_13_2H",13,3604,"5",0,""
2023,"3604_13_2H",13,3604,"6",0,""
2023,"3120_13_2H",13,3120,"1",58,""
2023,"3120_13_2H",13,3120,"2",60,""
2023,"3120_13_2H",13,3120,"3",12,""
2023,"3120_13_2H",13,3120,"4",0,""
2023,"3120_13_2H",13,3120,"5",0,""
2023,"3367_13_3J",13,3367,"1",96,""
2023,"3367_13_3J",13,3367,"2",88,""
2023,"3367_13_3J",13,3367,"3",0,""
2023,"3367_13_3J",13,3367,"4",0,""
2023,"3400_13_3J",13,3400,"1",24,""
2023,"3400_13_3J",13,3400,"2",2,""
2023,"3187_13_0J",13,3187,"1",42,""
2023,"3187_13_0J",13,3187,"2",10,""
2023,"3187_13_0J",13,3187,"3",0,""
2023,"3088_13_9B",13,3088,"1",0,""
2023,"3088_13_9B",13,3088,"2",10,""
2023,"3088_13_9B",13,3088,"3",34,""
2023,"3590_13_9B",13,3590,"1",0,"[gone on 4 jun]"
2023,"3390_13_8G",13,3390,"1",164,""
2023,"3390_13_8G",13,3390,"2",164,""
2023,"3391_13_8G",13,3391,"1",134,""
2023,"3391_13_8G",13,3391,"2",4,""
2023,"3427_13_7H",13,3427,"1",48,""
2023,"3427_13_7H",13,3427,"2",52,""
2023,"3427_13_7H",13,3427,"3",44,""
2023,"7589_13_7I",13,7589,"1",0,""
2023,"7589_13_7I",13,7589,"2",0,""
2023,"7592_13_7J",13,7592,"1",116,""
2023,"7592_13_7J",13,7592,"2",0,""
2023,"7592_13_7J",13,7592,"3",18,""
2023,"3119_13_9H",13,3119,"1",30,""
2023,"3119_13_9H",13,3119,"2",4,""
2023,"3119_13_9H",13,3119,"3",0,""
2023,"3119_13_9H",13,3119,"4",0,""
2023,"3119_13_9H",13,3119,"5",0,""
2023,"3018_13_9G",13,3018,"1",70,""
2023,"3018_13_9G",13,3018,"2",6,""
2023,"3018_13_9G",13,3018,"3",30,""
2023,"3018_13_9G",13,3018,"4",60,""
2023,"3018_13_9G",13,3018,"5",44,""
2023,"3694_13_9A",13,3694,"1",64,""
2023,"3694_13_9A",13,3694,"2",22,""
2023,"3778_13_4I",13,3778,"1",28,""
2023,"3726_13_0F",13,3726,"1",50,""
2023,"3421_13_0C",13,3421,"1",84,""
2023,"3421_13_0C",13,3421,"2",0,""
2023,"3360_14_10C",14,3360,"1",162,""
2023,"3360_14_10C",14,3360,"2",128,""
2023,"3360_14_10C",14,3360,"3",0,""
2023,"3158_14_5B",14,3158,"1",50,""
2023,"3158_14_5B",14,3158,"2",46,""
2023,"3158_14_5B",14,3158,"3",0,""
2023,"3495_14_1A",14,3495,"1",52,""
2023,"3495_14_1A",14,3495,"2",0,""
2023,"3671_14_6C",14,3671,"1",102,""
2023,"3671_14_6C",14,3671,"2",80,""
2023,"3671_14_6C",14,3671,"3",0,""
2023,"3469_14_4A",14,3469,"1",16,""
2023,"3469_14_4A",14,3469,"2",80,""
2023,"3469_14_4A",14,3469,"3",0,""
2023,"3469_14_4A",14,3469,"4",0,""
2023,"3382_14_5A",14,3382,"1",10,""
2023,"3464_14_2A",14,3464,"1",54,""
2023,"3379_14_3A",14,3379,"1",60,""
2023,"3379_14_3A",14,3379,"2",0,""
2023,"3459_14_3A",14,3459,"1",30,""
2023,"3459_14_3A",14,3459,"2",0,""
2023,"3058_14_3A",14,3058,"1",0,""
2023,"3058_14_3A",14,3058,"2",0,""
2023,"3689_14_7B",14,3689,"1",0,""
2023,"3699_14_0G",14,3699,"1",150,""
2023,"3699_14_0G",14,3699,"2",88,""
2023,"3431_14_1F",14,3431,"1",64,""
2023,"3431_14_1F",14,3431,"2",0,""
2023,"3754_14_1H",14,3754,"1",104,""
2023,"3432_14_4J",14,3432,"1",218,""
2023,"3430_14_8B",14,3430,"1",72,""
2023,"3430_14_8B",14,3430,"2",42,""
2023,"3300_14_8B",14,3300,"1",46,""
2023,"3305_14_9B",14,3305,"1",66,""
2023,"3305_14_9B",14,3305,"2",26,""
2023,"3926_14_7C",14,3926,"1",114,""
2023,"3926_14_7C",14,3926,"2",24,""
2023,"3926_14_7C",14,3926,"3",60,""
2023,"3926_14_7C",14,3926,"4",0,""
2023,"3913_14_5E",14,3913,"1",96,""
2023,"3913_14_5E",14,3913,"2",64,""
2023,"3913_14_5E",14,3913,"3",2,""
2023,"7557_14_6F",14,7557,"1",112,""
2023,"7557_14_6F",14,7557,"2",0,""
2023,"3035_14_4A",14,3035,"1",26,""
2023,"7528_14_5A",14,7528,"1",8,""
2023,"3520_14_9A",14,3520,"1",18,""
2023,"3711_14_4G",14,3711,"1",130,""
2023,"3816_14_7E",14,3816,"1",66,""
2023,"3475_14_6D",14,3475,"1",108,""
2023,"3752_14_2I",14,3752,"1",56,""
2023,"3116_15_17B",15,3116,"1",78,""
2023,"3116_15_17B",15,3116,"2",80,""
2023,"3116_15_17B",15,3116,"3",74,""
2023,"3116_15_17B",15,3116,"4",92,""
2023,"3116_15_17B",15,3116,"5",36,""
2023,"3116_15_17B",15,3116,"6",6,""
2023,"3116_15_17B",15,3116,"7",42,""
2023,"3116_15_17B",15,3116,"8",0,""
2023,"3116_15_17B",15,3116,"9",0,""
2023,"3354_15_10B",15,3354,"1",94,""
2023,"3354_15_10B",15,3354,"2",66,""
2023,"3354_15_10B",15,3354,"3",64,""
2023,"3354_15_10B",15,3354,"4",40,""
2023,"3354_15_10B",15,3354,"5",48,""
2023,"3354_15_10B",15,3354,"6",48,""
2023,"3354_15_10B",15,3354,"7",38,""
2023,"3354_15_10B",15,3354,"8",0,""
2023,"3354_15_10B",15,3354,"9",0,""
2023,"3354_15_10B",15,3354,"10",0,""
2023,"3354_15_10B",15,3354,"11",0,""
2023,"3401_15_11H",15,3401,"1",48,""
2023,"3401_15_11H",15,3401,"2",58,""
2023,"3401_15_11H",15,3401,"3",42,""
2023,"3401_15_11H",15,3401,"4",56,""
2023,"3401_15_11H",15,3401,"5",8,""
2023,"3401_15_11H",15,3401,"6",0,""
2023,"3736_15_14B",15,3736,"1",50,""
2023,"3736_15_14B",15,3736,"2",58,""
2023,"3736_15_14B",15,3736,"3",22,""
2023,"3736_15_14B",15,3736,"4",30,""
2023,"3736_15_14B",15,3736,"5",0,""
2023,"3736_15_14B",15,3736,"6",0,""
2023,"3813_15_14C",15,3813,"1",112,""
2023,"3813_15_14C",15,3813,"2",38,""
2023,"3813_15_14C",15,3813,"3",0,""
2023,"3813_15_14C",15,3813,"4",0,""
2023,"3813_15_14C",15,3813,"5",0,""
2023,"3455_15_15C",15,3455,"1",106,""
2023,"3455_15_15C",15,3455,"2",0,""
2023,"3493_15_13E",15,3493,"1",80,""
2023,"3493_15_13E",15,3493,"2",70,""
2023,"3493_15_13E",15,3493,"3",70,""
2023,"3493_15_13E",15,3493,"4",82,""
2023,"3493_15_13E",15,3493,"5",52,""
2023,"3493_15_13E",15,3493,"6",40,""
2023,"3493_15_13E",15,3493,"7",34,""
2023,"3489_15_14G",15,3489,"1",18,""
2023,"3377_15_14H",15,3377,"1",108,""
2023,"3377_15_14H",15,3377,"2",64,""
2023,"3377_15_14H",15,3377,"3",0,""
2023,"3377_15_14H",15,3377,"4",0,""
2023,"3491_15_17E",15,3491,"1",112,""
2023,"3491_15_17E",15,3491,"2",54,""
2023,"3491_15_17E",15,3491,"3",0,""
2023,"3457_15_18A",15,3457,"1",48,""
2023,"3457_15_18A",15,3457,"2",42,""
2023,"3457_15_18A",15,3457,"3",48,""
2023,"3457_15_18A",15,3457,"4",0,""
2023,"3457_15_18A",15,3457,"5",0,""
2023,"3391_15_16A",15,3391,"1",142,""
2023,"3391_15_16A",15,3391,"2",0,""
2023,"3395_15_16G",15,3395,"1",100,""
2023,"3395_15_16G",15,3395,"2",108,""
2023,"3395_15_16G",15,3395,"3",0,""
2023,"3673_15_10A",15,3673,"1",98,""
2023,"3673_15_10A",15,3673,"2",0,""
2023,"3490_15_11B",15,3490,"1",12,""
2023,"3490_15_11B",15,3490,"2",0,""
2023,"3490_15_11B",15,3490,"3",0,""
2023,"3500_15_10C",15,3500,"1",162,""
2023,"3500_15_10C",15,3500,"2",42,""
2023,"3500_15_10C",15,3500,"3",116,"nibbled on"
2023,"3500_15_10C",15,3500,"4",0,""
2023,"3371_15_13B",15,3371,"1",46,""
2023,"3371_15_13B",15,3371,"2",16,""
2023,"3371_15_13B",15,3371,"3",44,""
2023,"3498_15_14B",15,3498,"1",0,"[stalk broke 4 jun]"
2023,"3498_15_14B",15,3498,"2",0,"[stalk broke 4 jun]"
2023,"3612_15_11D",15,3612,"1",66,""
2023,"3612_15_11D",15,3612,"2",22,""
2023,"3612_15_11D",15,3612,"3",0,""
2023,"7521_15_1E",15,7521,"1",82,""
2023,"3397_15_10F",15,3397,"1",114,""
2023,"3397_15_10F",15,3397,"2",0,""
2023,"3297_15_11H",15,3297,"1",0,"[stalk clipped 15 may; tag hard to read on datasheet]"
2023,"3734_15_0H",15,3734,"1",0,"[datasheet says xcoord is 10; fix?]"
2023,"3076_15_12H",15,3076,"1",98,""
2023,"3766_15_19C",15,3766,"1",0,""
2023,"3766_15_19C",15,3766,"2",0,""
2023,"3766_15_19C",15,3766,"3",0,""
2023,"3766_15_19C",15,3766,"4",0,""
2023,"3766_15_19C",15,3766,"5",0,""
2023,"3006_15_18A",15,3006,"1",0,"nibbled"
2023,"3006_15_18A",15,3006,"2",12,""
2023,"3372_15_19A",15,3372,"1",52,""
2023,"3372_15_19A",15,3372,"2",42,""
2023,"3372_15_19A",15,3372,"3",38,""
2023,"3738_15_17H",15,3738,"1",66,""
2023,"3738_15_17H",15,3738,"2",36,""
2023,"3738_15_17H",15,3738,"3",0,""
2023,"3686_15_16H",15,3686,"1",140,""
2023,"3686_15_16H",15,3686,"2",44,""
2023,"3686_15_16H",15,3686,"3",0,""
2023,"3686_15_16H",15,3686,"4",0,""
2023,"3482_15_16J",15,3482,"1",34,""
2023,"3482_15_16J",15,3482,"2",0,""
2023,"3481_15_15H",15,3481,"1",0,"[stalk clipped 15 may]"
2023,"3581_15_15H",15,3581,"1",42,""
2023,"3581_15_15H",15,3581,"2",0,""
2023,"3581_15_15H",15,3581,"3",0,""
2023,"3047_15_15J",15,3047,"1",62,""
2023,"3047_15_15J",15,3047,"2",34,""
2023,"3047_15_15J",15,3047,"3",0,""
2023,"3737_15_10D",15,3737,"1",12,""
2023,"3737_15_10D",15,3737,"2",44,""
2023,"3446_15_16B",15,3446,"1",26,""
2023,"3384_15_17J",15,3384,"1",8,""
2023,"3368_15_14B",15,3368,"1",0,"[plant gone 26 may]"
2023,"3436_15_17J",15,3436,"s",128,""
